Workbook

Sheet G3 MT Reading Scoresheet
A1: CRLA2v1
A3: ASSESSMENT TYPE | C3: EoSY
A4: School ID: | C4: 117443 | D4: Total Enrolment | F4: =D6+E6 -> 25 | G4: Total Assessed : | I4: =COUNTIF(F11:F110,"<>") -> 25
A5: Schoo Name: | C5: ROMANA ELEM. SCHOOL | D5: Male | E5: Female | F5: Assessment Part 1 (Word Recognition and Sentences Reading) | J5: WORDS SCORE 0 to 10 – Full Refresher 11 to 16 – Moderate Refresher SENTENCE SCORE 17 to 26 – Light Refresher 27 to 30 – Grade Ready | K5: Assessment Part 2 (Reading Fluency and Comprehension)
A6: Teacher: | C6: KEMBERLY G. BELMIS | D6: 10 | E6: 15
A7: Grade: | C7: Grade 3 | D7: Total Words per Story | F7: Task 1 – Write the number of Words sounded out correctly | G7: Rhymes (Task 2) If task 1 score is 0 to 6 | H7: Sentence (Task 2) If task 1 score is 7 to 10 Task 2L=10 | I7: Total Score = Task 1 Score + Task 2L+Task 2H Score | K7: Total Words Per Story | L7: Story 1 | M7: =_xlfn.IFNA(IF(X9=1,Y9,IF(D9>0,D9,120)),"") -> 121 | N7: Story 2 | P7: =_xlfn.IFNA(IF(X9=1,Z9,IF(E9>0,E9,120)),"") -> 119
A8: Section: | C8: 1 | D8: Story 1 | E8: Story 2 | K8: Story Number 1 or 2 | L8: Total Reading Miscues | M8: Number of words read within 3 mins | N8: Total Time Used in Reading (Max : 3 Mins) | P8: Number of Words per Minute (WPM)
A9: Language: | C9: Hiligaynon | X9: =IF(_xlfn.IFNA(VLOOKUP($C$9,List!$G$2:$M$21,1,0),"")=C9,1,0) -> 1 | Y9: =VLOOKUP($C$9,List!$G$2:$M$21,4,0) -> 121 | Z9: =VLOOKUP($C$9,List!$G$2:$M$21,7,0) -> 119
A10: S/N | B10: LRN | C10: Name of Learner | D10: Sex | E10: Date of Asessment | F10: Task 1 (10) | G10: Task 2L Words (10) | H10: Task 2H Sentences (10) | I10: Total Score | J10: Part 1 Reading Level | K10: Story Number | L10: Number of Miscue | M10: Words Read | N10: Total Mins Secs | P10: WPM | Q10: % of Correct Words Read | R10: Total Correct Answer | S10: Leaner Experience (Rating 1-5) | T10: Observation Level | U10: READING PROFILE | V10: Remarks
A11: 1 | B11: 117443220001 | C11: ABAY, KENNETH ALEXANDER, NALAONAN | D11: Male | E11: 06/23/2025 | F11: 7 | H11: 9 | I11: =IF(AND(F11="",G11=""),"",IF(F11<7,F11+G11,F11+10+H11)) -> 26 | J11: =IF(I11="","",IF(F11<7,IF(I11<=10,"Full Refresher","Moderate Refresher"),IF(I11<27,"Light Refresher","Grade Ready"))) -> Light Refresher | K11: 1 | L11: 2 | M11: =IF($C$9<>"",IF(OR(K11=1,K11=2),IF(K11=1,M$7-L11,$P$7-L11),""),"") -> 119 | N11: 3 | O11: 0 | P11: =IFERROR(IF(AND(K11>0,M11>0,OR(N11>0,O11>0)),(M11/((N11*60)+O11))*60,""),"") -> 39.666667 | Q11: =IFERROR(IF(OR(K11=1,K11=2),IF(K11=1,M11/$M$7,M11/$P$7),""),"") -> 0.98347107 | R11: 5 | S11: 5 | T11: Level 2 | U11: =IF(J11<>"",IF(J11="Full Refresher","Low Emerging Reader",IF(AND(K11>0,Q11<>""),IF(OR(Q11<=25%,AND(Q11>25%,Q11<=50%,R11<=1)),"High Emerging Reader",IF(OR(AND(Q11>25%,Q11<51%,R11>=2),AND(Q11>50%,Q11<76%,R11<=3)),"Developing Reader",IF(OR(AND(Q11>=51%,Q11<76%,R11>=4),AND(Q11>75%,R11<=5)),"Transitioning Reader",IF(AND(Q11>75%,R11>=6),"Reading At Grade Level","")))),"")),"") -> Transitioning Reader
A12: 2 | B12: 11744322002 | C12: BANARAIA, KEEPER, ABAY | D12: Male | E12: 06/23/2025 | F12: 5 | G12: 6 | H12: 8 | I12: =IF(AND(F12="",G12=""),"",IF(F12<7,F12+G12,F12+10+H12)) -> 11 | J12: =IF(I12="","",IF(F12<7,IF(I12<=10,"Full Refresher","Moderate Refresher"),IF(I12<27,"Light Refresher","Grade Ready"))) -> Moderate Refresher | K12: 1 | M12: =IF($C$9<>"",IF(OR(K12=1,K12=2),IF(K12=1,M$7-L12,$P$7-L12),""),"") -> 121 | N12: 2 | O12: 46 | P12: =IFERROR(IF(AND(K12>0,M12>0,OR(N12>0,O12>0)),(M12/((N12*60)+O12))*60,""),"") -> 43.73494 | Q12: =IFERROR(IF(OR(K12=1,K12=2),IF(K12=1,M12/$M$7,M12/$P$7),""),"") -> 1 | R12: 6 | S12: 5 | T12: Level 2 | U12: =IF(J12<>"",IF(J12="Full Refresher","Low Emerging Reader",IF(AND(K12>0,Q12<>""),IF(OR(Q12<=25%,AND(Q12>25%,Q12<=50%,R12<=1)),"High Emerging Reader",IF(OR(AND(Q12>25%,Q12<51%,R12>=2),AND(Q12>50%,Q12<76%,R12<=3)),"Developing Reader",IF(OR(AND(Q12>=51%,Q12<76%,R12>=4),AND(Q12>75%,R12<=5)),"Transitioning Reader",IF(AND(Q12>75%,R12>=6),"Reading At Grade Level","")))),"")),"") -> Reading At Grade Level
A13: 3 | B13: 117443220017 | C13: BARGASA, EDSEL JHON,- | D13: Male | E13: 06/23/2025 | F13: 8 | H13: 8 | I13: =IF(AND(F13="",G13=""),"",IF(F13<7,F13+G13,F13+10+H13)) -> 26 | J13: =IF(I13="","",IF(F13<7,IF(I13<=10,"Full Refresher","Moderate Refresher"),IF(I13<27,"Light Refresher","Grade Ready"))) -> Light Refresher | K13: 1 | L13: 5 | M13: =IF($C$9<>"",IF(OR(K13=1,K13=2),IF(K13=1,M$7-L13,$P$7-L13),""),"") -> 116 | N13: 1 | O13: 35 | P13: =IFERROR(IF(AND(K13>0,M13>0,OR(N13>0,O13>0)),(M13/((N13*60)+O13))*60,""),"") -> 73.263158 | Q13: =IFERROR(IF(OR(K13=1,K13=2),IF(K13=1,M13/$M$7,M13/$P$7),""),"") -> 0.95867769 | R13: 7 | S13: 5 | T13: Level 4 | U13: =IF(J13<>"",IF(J13="Full Refresher","Low Emerging Reader",IF(AND(K13>0,Q13<>""),IF(OR(Q13<=25%,AND(Q13>25%,Q13<=50%,R13<=1)),"High Emerging Reader",IF(OR(AND(Q13>25%,Q13<51%,R13>=2),AND(Q13>50%,Q13<76%,R13<=3)),"Developing Reader",IF(OR(AND(Q13>=51%,Q13<76%,R13>=4),AND(Q13>75%,R13<=5)),"Transitioning Reader",IF(AND(Q13>75%,R13>=6),"Reading At Grade Level","")))),"")),"") -> Reading At Grade Level
A14: 4 | B14: 117443220006 | C14: DUMANIEL, KEVIN JOHN , ALVAREZ | D14: Male | E14: 06/23/2025 | F14: 8 | H14: 8 | I14: =IF(AND(F14="",G14=""),"",IF(F14<7,F14+G14,F14+10+H14)) -> 26 | J14: =IF(I14="","",IF(F14<7,IF(I14<=10,"Full Refresher","Moderate Refresher"),IF(I14<27,"Light Refresher","Grade Ready"))) -> Light Refresher | K14: 1 | L14: 7 | M14: =IF($C$9<>"",IF(OR(K14=1,K14=2),IF(K14=1,M$7-L14,$P$7-L14),""),"") -> 114 | N14: 3 | O14: 0 | P14: =IFERROR(IF(AND(K14>0,M14>0,OR(N14>0,O14>0)),(M14/((N14*60)+O14))*60,""),"") -> 38 | Q14: =IFERROR(IF(OR(K14=1,K14=2),IF(K14=1,M14/$M$7,M14/$P$7),""),"") -> 0.94214876 | R14: 3 | S14: 4 | T14: Level 1 | U14: =IF(J14<>"",IF(J14="Full Refresher","Low Emerging Reader",IF(AND(K14>0,Q14<>""),IF(OR(Q14<=25%,AND(Q14>25%,Q14<=50%,R14<=1)),"High Emerging Reader",IF(OR(AND(Q14>25%,Q14<51%,R14>=2),AND(Q14>50%,Q14<76%,R14<=3)),"Developing Reader",IF(OR(AND(Q14>=51%,Q14<76%,R14>=4),AND(Q14>75%,R14<=5)),"Transitioning Reader",IF(AND(Q14>75%,R14>=6),"Reading At Grade Level","")))),"")),"") -> Transitioning Reader
A15: 5 | B15: 117443220018 | C15: ESTOCADA, JOEMARIE III, OMPAD | D15: Male | E15: 06/24/2025 | F15: 8 | H15: 8 | I15: =IF(AND(F15="",G15=""),"",IF(F15<7,F15+G15,F15+10+H15)) -> 26 | J15: =IF(I15="","",IF(F15<7,IF(I15<=10,"Full Refresher","Moderate Refresher"),IF(I15<27,"Light Refresher","Grade Ready"))) -> Light Refresher | K15: 1 | L15: 5 | M15: =IF($C$9<>"",IF(OR(K15=1,K15=2),IF(K15=1,M$7-L15,$P$7-L15),""),"") -> 116 | N15: 3 | O15: 0 | P15: =IFERROR(IF(AND(K15>0,M15>0,OR(N15>0,O15>0)),(M15/((N15*60)+O15))*60,""),"") -> 38.666667 | Q15: =IFERROR(IF(OR(K15=1,K15=2),IF(K15=1,M15/$M$7,M15/$P$7),""),"") -> 0.95867769 | R15: 3 | S15: 4 | T15: Level 1 | U15: =IF(J15<>"",IF(J15="Full Refresher","Low Emerging Reader",IF(AND(K15>0,Q15<>""),IF(OR(Q15<=25%,AND(Q15>25%,Q15<=50%,R15<=1)),"High Emerging Reader",IF(OR(AND(Q15>25%,Q15<51%,R15>=2),AND(Q15>50%,Q15<76%,R15<=3)),"Developing Reader",IF(OR(AND(Q15>=51%,Q15<76%,R15>=4),AND(Q15>75%,R15<=5)),"Transitioning Reader",IF(AND(Q15>75%,R15>=6),"Reading At Grade Level","")))),"")),"") -> Transitioning Reader
A16: 6 | B16: 117542220012 | C16: GO, NEAL XANDRIE, DOMANIEL | D16: Male | E16: 06/24/2025 | F16: 8 | H16: 8 | I16: =IF(AND(F16="",G16=""),"",IF(F16<7,F16+G16,F16+10+H16)) -> 26 | J16: =IF(I16="","",IF(F16<7,IF(I16<=10,"Full Refresher","Moderate Refresher"),IF(I16<27,"Light Refresher","Grade Ready"))) -> Light Refresher | K16: 1 | L16: 5 | M16: =IF($C$9<>"",IF(OR(K16=1,K16=2),IF(K16=1,M$7-L16,$P$7-L16),""),"") -> 116 | N16: 3 | O16: 0 | P16: =IFERROR(IF(AND(K16>0,M16>0,OR(N16>0,O16>0)),(M16/((N16*60)+O16))*60,""),"") -> 38.666667 | Q16: =IFERROR(IF(OR(K16=1,K16=2),IF(K16=1,M16/$M$7,M16/$P$7),""),"") -> 0.95867769 | R16: 6 | S16: 4 | T16: Level 2 | U16: =IF(J16<>"",IF(J16="Full Refresher","Low Emerging Reader",IF(AND(K16>0,Q16<>""),IF(OR(Q16<=25%,AND(Q16>25%,Q16<=50%,R16<=1)),"High Emerging Reader",IF(OR(AND(Q16>25%,Q16<51%,R16>=2),AND(Q16>50%,Q16<76%,R16<=3)),"Developing Reader",IF(OR(AND(Q16>=51%,Q16<76%,R16>=4),AND(Q16>75%,R16<=5)),"Transitioning Reader",IF(AND(Q16>75%,R16>=6),"Reading At Grade Level","")))),"")),"") -> Reading At Grade Level
A17: 7 | B17: 1174432290003 | C17: GREGORIO, JOHN MARK, ABELLAR | D17: Male | E17: 06/24/2025 | F17: 4 | G17: 1 | H17: 5 | I17: =IF(AND(F17="",G17=""),"",IF(F17<7,F17+G17,F17+10+H17)) -> 5 | J17: =IF(I17="","",IF(F17<7,IF(I17<=10,"Full Refresher","Moderate Refresher"),IF(I17<27,"Light Refresher","Grade Ready"))) -> Full Refresher | K17: 2 | L17: 56 | M17: =IF($C$9<>"",IF(OR(K17=1,K17=2),IF(K17=1,M$7-L17,$P$7-L17),""),"") -> 63 | N17: 3 | O17: 0 | P17: =IFERROR(IF(AND(K17>0,M17>0,OR(N17>0,O17>0)),(M17/((N17*60)+O17))*60,""),"") -> 21 | Q17: =IFERROR(IF(OR(K17=1,K17=2),IF(K17=1,M17/$M$7,M17/$P$7),""),"") -> 0.52941176 | R17: 2 | S17: 2 | T17: Level 1 | U17: =IF(J17<>"",IF(J17="Full Refresher","Low Emerging Reader",IF(AND(K17>0,Q17<>""),IF(OR(Q17<=25%,AND(Q17>25%,Q17<=50%,R17<=1)),"High Emerging Reader",IF(OR(AND(Q17>25%,Q17<51%,R17>=2),AND(Q17>50%,Q17<76%,R17<=3)),"Developing Reader",IF(OR(AND(Q17>=51%,Q17<76%,R17>=4),AND(Q17>75%,R17<=5)),"Transitioning Reader",IF(AND(Q17>75%,R17>=6),"Reading At Grade Level","")))),"")),"") -> Low Emerging Reader
A18: 8 | B18: 117443220005 | C18: JUMBAS, CYREL JAY, BARILLO | D18: Male | E18: 06/24/2025 | F18: 6 | G18: 7 | H18: 8 | I18: =IF(AND(F18="",G18=""),"",IF(F18<7,F18+G18,F18+10+H18)) -> 13 | J18: =IF(I18="","",IF(F18<7,IF(I18<=10,"Full Refresher","Moderate Refresher"),IF(I18<27,"Light Refresher","Grade Ready"))) -> Moderate Refresher | K18: 2 | L18: 10 | M18: =IF($C$9<>"",IF(OR(K18=1,K18=2),IF(K18=1,M$7-L18,$P$7-L18),""),"") -> 109 | N18: 2 | O18: 45 | P18: =IFERROR(IF(AND(K18>0,M18>0,OR(N18>0,O18>0)),(M18/((N18*60)+O18))*60,""),"") -> 39.636364 | Q18: =IFERROR(IF(OR(K18=1,K18=2),IF(K18=1,M18/$M$7,M18/$P$7),""),"") -> 0.91596639 | R18: 6 | S18: 4 | T18: Level 2 | U18: =IF(J18<>"",IF(J18="Full Refresher","Low Emerging Reader",IF(AND(K18>0,Q18<>""),IF(OR(Q18<=25%,AND(Q18>25%,Q18<=50%,R18<=1)),"High Emerging Reader",IF(OR(AND(Q18>25%,Q18<51%,R18>=2),AND(Q18>50%,Q18<76%,R18<=3)),"Developing Reader",IF(OR(AND(Q18>=51%,Q18<76%,R18>=4),AND(Q18>75%,R18<=5)),"Transitioning Reader",IF(AND(Q18>75%,R18>=6),"Reading At Grade Level","")))),"")),"") -> Reading At Grade Level
A19: 9 | B19: 11744322007 | C19: LEMORINAS, ARTHUR, BAYLON | D19: Male | E19: 06/24/2025 | F19: 3 | G19: 2 | H19: 10 | I19: =IF(AND(F19="",G19=""),"",IF(F19<7,F19+G19,F19+10+H19)) -> 5 | J19: =IF(I19="","",IF(F19<7,IF(I19<=10,"Full Refresher","Moderate Refresher"),IF(I19<27,"Light Refresher","Grade Ready"))) -> Full Refresher | K19: 2 | L19: 2 | M19: =IF($C$9<>"",IF(OR(K19=1,K19=2),IF(K19=1,M$7-L19,$P$7-L19),""),"") -> 117 | N19: 2 | O19: 29 | P19: =IFERROR(IF(AND(K19>0,M19>0,OR(N19>0,O19>0)),(M19/((N19*60)+O19))*60,""),"") -> 47.114094 | Q19: =IFERROR(IF(OR(K19=1,K19=2),IF(K19=1,M19/$M$7,M19/$P$7),""),"") -> 0.98319328 | R19: 7 | S19: 5 | T19: Level 1 | U19: =IF(J19<>"",IF(J19="Full Refresher","Low Emerging Reader",IF(AND(K19>0,Q19<>""),IF(OR(Q19<=25%,AND(Q19>25%,Q19<=50%,R19<=1)),"High Emerging Reader",IF(OR(AND(Q19>25%,Q19<51%,R19>=2),AND(Q19>50%,Q19<76%,R19<=3)),"Developing Reader",IF(OR(AND(Q19>=51%,Q19<76%,R19>=4),AND(Q19>75%,R19<=5)),"Transitioning Reader",IF(AND(Q19>75%,R19>=6),"Reading At Grade Level","")))),"")),"") -> Low Emerging Reader
A20: 10 | B20: 117443220008 | C20: MARASIGAN, ZHENKIE NATHAN, DELA CRUZ | D20: Male | E20: 06/24/2025 | F20: 9 | H20: 8 | I20: =IF(AND(F20="",G20=""),"",IF(F20<7,F20+G20,F20+10+H20)) -> 27 | J20: =IF(I20="","",IF(F20<7,IF(I20<=10,"Full Refresher","Moderate Refresher"),IF(I20<27,"Light Refresher","Grade Ready"))) -> Grade Ready | K20: 2 | L20: 1 | M20: =IF($C$9<>"",IF(OR(K20=1,K20=2),IF(K20=1,M$7-L20,$P$7-L20),""),"") -> 118 | N20: 3 | O20: 0 | P20: =IFERROR(IF(AND(K20>0,M20>0,OR(N20>0,O20>0)),(M20/((N20*60)+O20))*60,""),"") -> 39.333333 | Q20: =IFERROR(IF(OR(K20=1,K20=2),IF(K20=1,M20/$M$7,M20/$P$7),""),"") -> 0.99159664 | R20: 6 | S20: 5 | T20: Level 3 | U20: =IF(J20<>"",IF(J20="Full Refresher","Low Emerging Reader",IF(AND(K20>0,Q20<>""),IF(OR(Q20<=25%,AND(Q20>25%,Q20<=50%,R20<=1)),"High Emerging Reader",IF(OR(AND(Q20>25%,Q20<51%,R20>=2),AND(Q20>50%,Q20<76%,R20<=3)),"Developing Reader",IF(OR(AND(Q20>=51%,Q20<76%,R20>=4),AND(Q20>75%,R20<=5)),"Transitioning Reader",IF(AND(Q20>75%,R20>=6),"Reading At Grade Level","")))),"")),"") -> Reading At Grade Level
A21: 11 | B21: 136651220284 | C21: ABRINILLO, VERONICA, SIASAT | D21: Male | E21: 06/24/2025 | F21: 9 | H21: 4 | I21: =IF(AND(F21="",G21=""),"",IF(F21<7,F21+G21,F21+10+H21)) -> 23 | J21: =IF(I21="","",IF(F21<7,IF(I21<=10,"Full Refresher","Moderate Refresher"),IF(I21<27,"Light Refresher","Grade Ready"))) -> Light Refresher | K21: 2 | L21: 68 | M21: =IF($C$9<>"",IF(OR(K21=1,K21=2),IF(K21=1,M$7-L21,$P$7-L21),""),"") -> 51 | N21: 3 | O21: 0 | P21: =IFERROR(IF(AND(K21>0,M21>0,OR(N21>0,O21>0)),(M21/((N21*60)+O21))*60,""),"") -> 17 | Q21: =IFERROR(IF(OR(K21=1,K21=2),IF(K21=1,M21/$M$7,M21/$P$7),""),"") -> 0.42857143 | R21: 2 | S21: 2 | T21: Level 1 | U21: =IF(J21<>"",IF(J21="Full Refresher","Low Emerging Reader",IF(AND(K21>0,Q21<>""),IF(OR(Q21<=25%,AND(Q21>25%,Q21<=50%,R21<=1)),"High Emerging Reader",IF(OR(AND(Q21>25%,Q21<51%,R21>=2),AND(Q21>50%,Q21<76%,R21<=3)),"Developing Reader",IF(OR(AND(Q21>=51%,Q21<76%,R21>=4),AND(Q21>75%,R21<=5)),"Transitioning Reader",IF(AND(Q21>75%,R21>=6),"Reading At Grade Level","")))),"")),"") -> Developing Reader
A22: 12 | B22: 117443220019 | C22: CARDINAL,KISHIA,- | D22: Female | E22: 06/24/2025 | F22: 10 | H22: 8 | I22: =IF(AND(F22="",G22=""),"",IF(F22<7,F22+G22,F22+10+H22)) -> 28 | J22: =IF(I22="","",IF(F22<7,IF(I22<=10,"Full Refresher","Moderate Refresher"),IF(I22<27,"Light Refresher","Grade Ready"))) -> Grade Ready | K22: 2 | L22: 1 | M22: =IF($C$9<>"",IF(OR(K22=1,K22=2),IF(K22=1,M$7-L22,$P$7-L22),""),"") -> 118 | N22: 1 | O22: 32 | P22: =IFERROR(IF(AND(K22>0,M22>0,OR(N22>0,O22>0)),(M22/((N22*60)+O22))*60,""),"") -> 76.956522 | Q22: =IFERROR(IF(OR(K22=1,K22=2),IF(K22=1,M22/$M$7,M22/$P$7),""),"") -> 0.99159664 | R22: 6 | S22: 4 | T22: Level 2 | U22: =IF(J22<>"",IF(J22="Full Refresher","Low Emerging Reader",IF(AND(K22>0,Q22<>""),IF(OR(Q22<=25%,AND(Q22>25%,Q22<=50%,R22<=1)),"High Emerging Reader",IF(OR(AND(Q22>25%,Q22<51%,R22>=2),AND(Q22>50%,Q22<76%,R22<=3)),"Developing Reader",IF(OR(AND(Q22>=51%,Q22<76%,R22>=4),AND(Q22>75%,R22<=5)),"Transitioning Reader",IF(AND(Q22>75%,R22>=6),"Reading At Grade Level","")))),"")),"") -> Reading At Grade Level
A23: 13 | B23: 117443220009 | C23: CARDINAL, LEXIE, SUNDAYON | D23: Female | E23: 45721 | F23: 10 | H23: 7 | I23: =IF(AND(F23="",G23=""),"",IF(F23<7,F23+G23,F23+10+H23)) -> 27 | J23: =IF(I23="","",IF(F23<7,IF(I23<=10,"Full Refresher","Moderate Refresher"),IF(I23<27,"Light Refresher","Grade Ready"))) -> Grade Ready | K23: 2 | L23: 0 | M23: =IF($C$9<>"",IF(OR(K23=1,K23=2),IF(K23=1,M$7-L23,$P$7-L23),""),"") -> 119 | N23: 2 | O23: 3 | P23: =IFERROR(IF(AND(K23>0,M23>0,OR(N23>0,O23>0)),(M23/((N23*60)+O23))*60,""),"") -> 58.04878 | Q23: =IFERROR(IF(OR(K23=1,K23=2),IF(K23=1,M23/$M$7,M23/$P$7),""),"") -> 1 | R23: 7 | S23: 5 | T23: Level 3 | U23: =IF(J23<>"",IF(J23="Full Refresher","Low Emerging Reader",IF(AND(K23>0,Q23<>""),IF(OR(Q23<=25%,AND(Q23>25%,Q23<=50%,R23<=1)),"High Emerging Reader",IF(OR(AND(Q23>25%,Q23<51%,R23>=2),AND(Q23>50%,Q23<76%,R23<=3)),"Developing Reader",IF(OR(AND(Q23>=51%,Q23<76%,R23>=4),AND(Q23>75%,R23<=5)),"Transitioning Reader",IF(AND(Q23>75%,R23>=6),"Reading At Grade Level","")))),"")),"") -> Reading At Grade Level
A24: 14 | C24: DIONSON, AIRA, BAUTISTA | D24: Female | E24: 45721 | F24: 4 | G24: 2 | H24: 10 | I24: =IF(AND(F24="",G24=""),"",IF(F24<7,F24+G24,F24+10+H24)) -> 6 | J24: =IF(I24="","",IF(F24<7,IF(I24<=10,"Full Refresher","Moderate Refresher"),IF(I24<27,"Light Refresher","Grade Ready"))) -> Full Refresher | K24: 1 | L24: 0 | M24: =IF($C$9<>"",IF(OR(K24=1,K24=2),IF(K24=1,M$7-L24,$P$7-L24),""),"") -> 121 | N24: 1 | O24: 35 | P24: =IFERROR(IF(AND(K24>0,M24>0,OR(N24>0,O24>0)),(M24/((N24*60)+O24))*60,""),"") -> 76.421053 | Q24: =IFERROR(IF(OR(K24=1,K24=2),IF(K24=1,M24/$M$7,M24/$P$7),""),"") -> 1 | R24: 7 | S24: 5 | T24: Level 4 | U24: =IF(J24<>"",IF(J24="Full Refresher","Low Emerging Reader",IF(AND(K24>0,Q24<>""),IF(OR(Q24<=25%,AND(Q24>25%,Q24<=50%,R24<=1)),"High Emerging Reader",IF(OR(AND(Q24>25%,Q24<51%,R24>=2),AND(Q24>50%,Q24<76%,R24<=3)),"Developing Reader",IF(OR(AND(Q24>=51%,Q24<76%,R24>=4),AND(Q24>75%,R24<=5)),"Transitioning Reader",IF(AND(Q24>75%,R24>=6),"Reading At Grade Level","")))),"")),"") -> Low Emerging Reader
A25: 15 | C25: ESTOCADA, ANGEL, E. | D25: Female | E25: 45721 | F25: 7 | H25: 6 | I25: =IF(AND(F25="",G25=""),"",IF(F25<7,F25+G25,F25+10+H25)) -> 23 | J25: =IF(I25="","",IF(F25<7,IF(I25<=10,"Full Refresher","Moderate Refresher"),IF(I25<27,"Light Refresher","Grade Ready"))) -> Light Refresher | K25: 1 | L25: 0 | M25: =IF($C$9<>"",IF(OR(K25=1,K25=2),IF(K25=1,M$7-L25,$P$7-L25),""),"") -> 121 | N25: 1 | O25: 30 | P25: =IFERROR(IF(AND(K25>0,M25>0,OR(N25>0,O25>0)),(M25/((N25*60)+O25))*60,""),"") -> 80.666667 | Q25: =IFERROR(IF(OR(K25=1,K25=2),IF(K25=1,M25/$M$7,M25/$P$7),""),"") -> 1 | R25: 7 | S25: 5 | T25: Level 4 | U25: =IF(J25<>"",IF(J25="Full Refresher","Low Emerging Reader",IF(AND(K25>0,Q25<>""),IF(OR(Q25<=25%,AND(Q25>25%,Q25<=50%,R25<=1)),"High Emerging Reader",IF(OR(AND(Q25>25%,Q25<51%,R25>=2),AND(Q25>50%,Q25<76%,R25<=3)),"Developing Reader",IF(OR(AND(Q25>=51%,Q25<76%,R25>=4),AND(Q25>75%,R25<=5)),"Transitioning Reader",IF(AND(Q25>75%,R25>=6),"Reading At Grade Level","")))),"")),"") -> Reading At Grade Level
A26: 16 | B26: 117443220010 | C26: ESTOCADA, GENYZA, BACARO | D26: Female | E26: 45721 | F26: 8 | H26: 8 | I26: =IF(AND(F26="",G26=""),"",IF(F26<7,F26+G26,F26+10+H26)) -> 26 | J26: =IF(I26="","",IF(F26<7,IF(I26<=10,"Full Refresher","Moderate Refresher"),IF(I26<27,"Light Refresher","Grade Ready"))) -> Light Refresher | K26: 2 | L26: 10 | M26: =IF($C$9<>"",IF(OR(K26=1,K26=2),IF(K26=1,M$7-L26,$P$7-L26),""),"") -> 109 | N26: 3 | O26: 0 | P26: =IFERROR(IF(AND(K26>0,M26>0,OR(N26>0,O26>0)),(M26/((N26*60)+O26))*60,""),"") -> 36.333333 | Q26: =IFERROR(IF(OR(K26=1,K26=2),IF(K26=1,M26/$M$7,M26/$P$7),""),"") -> 0.91596639 | R26: 6 | S26: 5 | T26: Level 2 | U26: =IF(J26<>"",IF(J26="Full Refresher","Low Emerging Reader",IF(AND(K26>0,Q26<>""),IF(OR(Q26<=25%,AND(Q26>25%,Q26<=50%,R26<=1)),"High Emerging Reader",IF(OR(AND(Q26>25%,Q26<51%,R26>=2),AND(Q26>50%,Q26<76%,R26<=3)),"Developing Reader",IF(OR(AND(Q26>=51%,Q26<76%,R26>=4),AND(Q26>75%,R26<=5)),"Transitioning Reader",IF(AND(Q26>75%,R26>=6),"Reading At Grade Level","")))),"")),"") -> Reading At Grade Level
A27: 17 | C27: ESTOCADA, JERCEL JANE, SIASAT | D27: Female | E27: 45722 | F27: 10 | H27: 9 | I27: =IF(AND(F27="",G27=""),"",IF(F27<7,F27+G27,F27+10+H27)) -> 29 | J27: =IF(I27="","",IF(F27<7,IF(I27<=10,"Full Refresher","Moderate Refresher"),IF(I27<27,"Light Refresher","Grade Ready"))) -> Grade Ready | K27: 1 | L27: 0 | M27: =IF($C$9<>"",IF(OR(K27=1,K27=2),IF(K27=1,M$7-L27,$P$7-L27),""),"") -> 121 | N27: 2 | O27: 20 | P27: =IFERROR(IF(AND(K27>0,M27>0,OR(N27>0,O27>0)),(M27/((N27*60)+O27))*60,""),"") -> 51.857143 | Q27: =IFERROR(IF(OR(K27=1,K27=2),IF(K27=1,M27/$M$7,M27/$P$7),""),"") -> 1 | R27: 7 | S27: 5 | T27: Level 4 | U27: =IF(J27<>"",IF(J27="Full Refresher","Low Emerging Reader",IF(AND(K27>0,Q27<>""),IF(OR(Q27<=25%,AND(Q27>25%,Q27<=50%,R27<=1)),"High Emerging Reader",IF(OR(AND(Q27>25%,Q27<51%,R27>=2),AND(Q27>50%,Q27<76%,R27<=3)),"Developing Reader",IF(OR(AND(Q27>=51%,Q27<76%,R27>=4),AND(Q27>75%,R27<=5)),"Transitioning Reader",IF(AND(Q27>75%,R27>=6),"Reading At Grade Level","")))),"")),"") -> Reading At Grade Level
A28: 18 | B28: 1206372200024 | C28: ESTOCADA, REANNA, LLAGOSO | D28: Female | E28: 45722 | F28: 9 | H28: 9 | I28: =IF(AND(F28="",G28=""),"",IF(F28<7,F28+G28,F28+10+H28)) -> 28 | J28: =IF(I28="","",IF(F28<7,IF(I28<=10,"Full Refresher","Moderate Refresher"),IF(I28<27,"Light Refresher","Grade Ready"))) -> Grade Ready | K28: 2 | L28: 1 | M28: =IF($C$9<>"",IF(OR(K28=1,K28=2),IF(K28=1,M$7-L28,$P$7-L28),""),"") -> 118 | N28: 3 | O28: 28 | P28: =IFERROR(IF(AND(K28>0,M28>0,OR(N28>0,O28>0)),(M28/((N28*60)+O28))*60,""),"") -> 34.038462 | Q28: =IFERROR(IF(OR(K28=1,K28=2),IF(K28=1,M28/$M$7,M28/$P$7),""),"") -> 0.99159664 | R28: 7 | S28: 5 | T28: Level 3 | U28: =IF(J28<>"",IF(J28="Full Refresher","Low Emerging Reader",IF(AND(K28>0,Q28<>""),IF(OR(Q28<=25%,AND(Q28>25%,Q28<=50%,R28<=1)),"High Emerging Reader",IF(OR(AND(Q28>25%,Q28<51%,R28>=2),AND(Q28>50%,Q28<76%,R28<=3)),"Developing Reader",IF(OR(AND(Q28>=51%,Q28<76%,R28>=4),AND(Q28>75%,R28<=5)),"Transitioning Reader",IF(AND(Q28>75%,R28>=6),"Reading At Grade Level","")))),"")),"") -> Reading At Grade Level
A29: 19 | B29: 117443220012 | C29: ESTOCADA, RHEAN SHAN, DEMAFILES | D29: Female | E29: 45722 | F29: 5 | G29: 6 | H29: 8 | I29: =IF(AND(F29="",G29=""),"",IF(F29<7,F29+G29,F29+10+H29)) -> 11 | J29: =IF(I29="","",IF(F29<7,IF(I29<=10,"Full Refresher","Moderate Refresher"),IF(I29<27,"Light Refresher","Grade Ready"))) -> Moderate Refresher | K29: 2 | L29: 49 | M29: =IF($C$9<>"",IF(OR(K29=1,K29=2),IF(K29=1,M$7-L29,$P$7-L29),""),"") -> 70 | N29: 3 | O29: 0 | P29: =IFERROR(IF(AND(K29>0,M29>0,OR(N29>0,O29>0)),(M29/((N29*60)+O29))*60,""),"") -> 23.333333 | Q29: =IFERROR(IF(OR(K29=1,K29=2),IF(K29=1,M29/$M$7,M29/$P$7),""),"") -> 0.58823529 | R29: 5 | S29: 2 | T29: Level 1 | U29: =IF(J29<>"",IF(J29="Full Refresher","Low Emerging Reader",IF(AND(K29>0,Q29<>""),IF(OR(Q29<=25%,AND(Q29>25%,Q29<=50%,R29<=1)),"High Emerging Reader",IF(OR(AND(Q29>25%,Q29<51%,R29>=2),AND(Q29>50%,Q29<76%,R29<=3)),"Developing Reader",IF(OR(AND(Q29>=51%,Q29<76%,R29>=4),AND(Q29>75%,R29<=5)),"Transitioning Reader",IF(AND(Q29>75%,R29>=6),"Reading At Grade Level","")))),"")),"") -> Transitioning Reader
A30: 20 | B30: 117443220020 | C30: LABANZA, HOPE ANGELAINE,- | D30: Female | E30: 45722 | F30: 5 | G30: 6 | H30: 8 | I30: =IF(AND(F30="",G30=""),"",IF(F30<7,F30+G30,F30+10+H30)) -> 11 | J30: =IF(I30="","",IF(F30<7,IF(I30<=10,"Full Refresher","Moderate Refresher"),IF(I30<27,"Light Refresher","Grade Ready"))) -> Moderate Refresher | K30: 2 | L30: 2 | M30: =IF($C$9<>"",IF(OR(K30=1,K30=2),IF(K30=1,M$7-L30,$P$7-L30),""),"") -> 117 | N30: 3 | O30: 0 | P30: =IFERROR(IF(AND(K30>0,M30>0,OR(N30>0,O30>0)),(M30/((N30*60)+O30))*60,""),"") -> 39 | Q30: =IFERROR(IF(OR(K30=1,K30=2),IF(K30=1,M30/$M$7,M30/$P$7),""),"") -> 0.98319328 | R30: 6 | S30: 4 | T30: Level 2 | U30: =IF(J30<>"",IF(J30="Full Refresher","Low Emerging Reader",IF(AND(K30>0,Q30<>""),IF(OR(Q30<=25%,AND(Q30>25%,Q30<=50%,R30<=1)),"High Emerging Reader",IF(OR(AND(Q30>25%,Q30<51%,R30>=2),AND(Q30>50%,Q30<76%,R30<=3)),"Developing Reader",IF(OR(AND(Q30>=51%,Q30<76%,R30>=4),AND(Q30>75%,R30<=5)),"Transitioning Reader",IF(AND(Q30>75%,R30>=6),"Reading At Grade Level","")))),"")),"") -> Reading At Grade Level
A31: 21 | C31: LABANZA, JESEL, PARBA | D31: Female | E31: 45722 | F31: 7 | H31: 7 | I31: =IF(AND(F31="",G31=""),"",IF(F31<7,F31+G31,F31+10+H31)) -> 24 | J31: =IF(I31="","",IF(F31<7,IF(I31<=10,"Full Refresher","Moderate Refresher"),IF(I31<27,"Light Refresher","Grade Ready"))) -> Light Refresher | K31: 1 | L31: 0 | M31: =IF($C$9<>"",IF(OR(K31=1,K31=2),IF(K31=1,M$7-L31,$P$7-L31),""),"") -> 121 | N31: 2 | O31: 40 | P31: =IFERROR(IF(AND(K31>0,M31>0,OR(N31>0,O31>0)),(M31/((N31*60)+O31))*60,""),"") -> 45.375 | Q31: =IFERROR(IF(OR(K31=1,K31=2),IF(K31=1,M31/$M$7,M31/$P$7),""),"") -> 1 | R31: 6 | S31: 5 | T31: Level 3 | U31: =IF(J31<>"",IF(J31="Full Refresher","Low Emerging Reader",IF(AND(K31>0,Q31<>""),IF(OR(Q31<=25%,AND(Q31>25%,Q31<=50%,R31<=1)),"High Emerging Reader",IF(OR(AND(Q31>25%,Q31<51%,R31>=2),AND(Q31>50%,Q31<76%,R31<=3)),"Developing Reader",IF(OR(AND(Q31>=51%,Q31<76%,R31>=4),AND(Q31>75%,R31<=5)),"Transitioning Reader",IF(AND(Q31>75%,R31>=6),"Reading At Grade Level","")))),"")),"") -> Reading At Grade Level
A32: 22 | C32: LANOJAN, JASHLYN KATE, JADIA | D32: Female | E32: 45722 | F32: 10 | H32: 9 | I32: =IF(AND(F32="",G32=""),"",IF(F32<7,F32+G32,F32+10+H32)) -> 29 | J32: =IF(I32="","",IF(F32<7,IF(I32<=10,"Full Refresher","Moderate Refresher"),IF(I32<27,"Light Refresher","Grade Ready"))) -> Grade Ready | K32: 1 | L32: 0 | M32: =IF($C$9<>"",IF(OR(K32=1,K32=2),IF(K32=1,M$7-L32,$P$7-L32),""),"") -> 121 | N32: 2 | O32: 4 | P32: =IFERROR(IF(AND(K32>0,M32>0,OR(N32>0,O32>0)),(M32/((N32*60)+O32))*60,""),"") -> 58.548387 | Q32: =IFERROR(IF(OR(K32=1,K32=2),IF(K32=1,M32/$M$7,M32/$P$7),""),"") -> 1 | R32: 7 | S32: 5 | T32: Level 4 | U32: =IF(J32<>"",IF(J32="Full Refresher","Low Emerging Reader",IF(AND(K32>0,Q32<>""),IF(OR(Q32<=25%,AND(Q32>25%,Q32<=50%,R32<=1)),"High Emerging Reader",IF(OR(AND(Q32>25%,Q32<51%,R32>=2),AND(Q32>50%,Q32<76%,R32<=3)),"Developing Reader",IF(OR(AND(Q32>=51%,Q32<76%,R32>=4),AND(Q32>75%,R32<=5)),"Transitioning Reader",IF(AND(Q32>75%,R32>=6),"Reading At Grade Level","")))),"")),"") -> Reading At Grade Level
A33: 23 | B33: 117443220015 | C33: MANGUBAT, AMARAH DENISE, LABANZA | D33: Female | E33: 06/24/2025 | F33: 6 | G33: 6 | I33: =IF(AND(F33="",G33=""),"",IF(F33<7,F33+G33,F33+10+H33)) -> 12 | J33: =IF(I33="","",IF(F33<7,IF(I33<=10,"Full Refresher","Moderate Refresher"),IF(I33<27,"Light Refresher","Grade Ready"))) -> Moderate Refresher | K33: 2 | L33: 10 | M33: =IF($C$9<>"",IF(OR(K33=1,K33=2),IF(K33=1,M$7-L33,$P$7-L33),""),"") -> 109 | N33: 3 | P33: =IFERROR(IF(AND(K33>0,M33>0,OR(N33>0,O33>0)),(M33/((N33*60)+O33))*60,""),"") -> 36.333333 | Q33: =IFERROR(IF(OR(K33=1,K33=2),IF(K33=1,M33/$M$7,M33/$P$7),""),"") -> 0.91596639 | R33: 5 | S33: 5 | T33: Level 2 | U33: =IF(J33<>"",IF(J33="Full Refresher","Low Emerging Reader",IF(AND(K33>0,Q33<>""),IF(OR(Q33<=25%,AND(Q33>25%,Q33<=50%,R33<=1)),"High Emerging Reader",IF(OR(AND(Q33>25%,Q33<51%,R33>=2),AND(Q33>50%,Q33<76%,R33<=3)),"Developing Reader",IF(OR(AND(Q33>=51%,Q33<76%,R33>=4),AND(Q33>75%,R33<=5)),"Transitioning Reader",IF(AND(Q33>75%,R33>=6),"Reading At Grade Level","")))),"")),"") -> Transitioning Reader
A34: 24 | B34: 117443220016 | C34: SUMOLAY, GRACE ANN, ESPARTERO | D34: Female | E34: 06/24/2025 | F34: 10 | H34: 9 | I34: =IF(AND(F34="",G34=""),"",IF(F34<7,F34+G34,F34+10+H34)) -> 29 | J34: =IF(I34="","",IF(F34<7,IF(I34<=10,"Full Refresher","Moderate Refresher"),IF(I34<27,"Light Refresher","Grade Ready"))) -> Grade Ready | K34: 2 | L34: 2 | M34: =IF($C$9<>"",IF(OR(K34=1,K34=2),IF(K34=1,M$7-L34,$P$7-L34),""),"") -> 117 | N34: 2 | P34: =IFERROR(IF(AND(K34>0,M34>0,OR(N34>0,O34>0)),(M34/((N34*60)+O34))*60,""),"") -> 58.5 | Q34: =IFERROR(IF(OR(K34=1,K34=2),IF(K34=1,M34/$M$7,M34/$P$7),""),"") -> 0.98319328 | R34: 7 | S34: 5 | T34: Level 4 | U34: =IF(J34<>"",IF(J34="Full Refresher","Low Emerging Reader",IF(AND(K34>0,Q34<>""),IF(OR(Q34<=25%,AND(Q34>25%,Q34<=50%,R34<=1)),"High Emerging Reader",IF(OR(AND(Q34>25%,Q34<51%,R34>=2),AND(Q34>50%,Q34<76%,R34<=3)),"Developing Reader",IF(OR(AND(Q34>=51%,Q34<76%,R34>=4),AND(Q34>75%,R34<=5)),"Transitioning Reader",IF(AND(Q34>75%,R34>=6),"Reading At Grade Level","")))),"")),"") -> Reading At Grade Level
A35: 25 | B35: 117692220048 | C35: TAPIC, KYZYL ZYNN MJ,- | D35: Female | E35: 06/24/2025 | F35: 8 | H35: 8 | I35: =IF(AND(F35="",G35=""),"",IF(F35<7,F35+G35,F35+10+H35)) -> 26 | J35: =IF(I35="","",IF(F35<7,IF(I35<=10,"Full Refresher","Moderate Refresher"),IF(I35<27,"Light Refresher","Grade Ready"))) -> Light Refresher | K35: 2 | L35: 8 | M35: =IF($C$9<>"",IF(OR(K35=1,K35=2),IF(K35=1,M$7-L35,$P$7-L35),""),"") -> 111 | N35: 2 | O35: 0 | P35: =IFERROR(IF(AND(K35>0,M35>0,OR(N35>0,O35>0)),(M35/((N35*60)+O35))*60,""),"") -> 55.5 | Q35: =IFERROR(IF(OR(K35=1,K35=2),IF(K35=1,M35/$M$7,M35/$P$7),""),"") -> 0.93277311 | R35: 4 | S35: 4 | T35: Level 3 | U35: =IF(J35<>"",IF(J35="Full Refresher","Low Emerging Reader",IF(AND(K35>0,Q35<>""),IF(OR(Q35<=25%,AND(Q35>25%,Q35<=50%,R35<=1)),"High Emerging Reader",IF(OR(AND(Q35>25%,Q35<51%,R35>=2),AND(Q35>50%,Q35<76%,R35<=3)),"Developing Reader",IF(OR(AND(Q35>=51%,Q35<76%,R35>=4),AND(Q35>75%,R35<=5)),"Transitioning Reader",IF(AND(Q35>75%,R35>=6),"Reading At Grade Level","")))),"")),"") -> Transitioning Reader
A36: 26 | I36: =IF(AND(F36="",G36=""),"",IF(F36<7,F36+G36,F36+10+H36)) | J36: =IF(I36="","",IF(F36<7,IF(I36<=10,"Full Refresher","Moderate Refresher"),IF(I36<27,"Light Refresher","Grade Ready"))) | M36: =IF($C$9<>"",IF(OR(K36=1,K36=2),IF(K36=1,M$7-L36,$P$7-L36),""),"") | P36: =IFERROR(IF(AND(K36>0,M36>0,OR(N36>0,O36>0)),(M36/((N36*60)+O36))*60,""),"") | Q36: =IFERROR(IF(OR(K36=1,K36=2),IF(K36=1,M36/$M$7,M36/$P$7),""),"") | U36: =IF(J36<>"",IF(J36="Full Refresher","Low Emerging Reader",IF(AND(K36>0,Q36<>""),IF(OR(Q36<=25%,AND(Q36>25%,Q36<=50%,R36<=1)),"High Emerging Reader",IF(OR(AND(Q36>25%,Q36<51%,R36>=2),AND(Q36>50%,Q36<76%,R36<=3)),"Developing Reader",IF(OR(AND(Q36>=51%,Q36<76%,R36>=4),AND(Q36>75%,R36<=5)),"Transitioning Reader",IF(AND(Q36>75%,R36>=6),"Reading At Grade Level","")))),"")),"")
A37: 27 | I37: =IF(AND(F37="",G37=""),"",IF(F37<7,F37+G37,F37+10+H37)) | J37: =IF(I37="","",IF(F37<7,IF(I37<=10,"Full Refresher","Moderate Refresher"),IF(I37<27,"Light Refresher","Grade Ready"))) | M37: =IF($C$9<>"",IF(OR(K37=1,K37=2),IF(K37=1,M$7-L37,$P$7-L37),""),"") | P37: =IFERROR(IF(AND(K37>0,M37>0,OR(N37>0,O37>0)),(M37/((N37*60)+O37))*60,""),"") | Q37: =IFERROR(IF(OR(K37=1,K37=2),IF(K37=1,M37/$M$7,M37/$P$7),""),"") | U37: =IF(J37<>"",IF(J37="Full Refresher","Low Emerging Reader",IF(AND(K37>0,Q37<>""),IF(OR(Q37<=25%,AND(Q37>25%,Q37<=50%,R37<=1)),"High Emerging Reader",IF(OR(AND(Q37>25%,Q37<51%,R37>=2),AND(Q37>50%,Q37<76%,R37<=3)),"Developing Reader",IF(OR(AND(Q37>=51%,Q37<76%,R37>=4),AND(Q37>75%,R37<=5)),"Transitioning Reader",IF(AND(Q37>75%,R37>=6),"Reading At Grade Level","")))),"")),"")
A38: 28 | I38: =IF(AND(F38="",G38=""),"",IF(F38<7,F38+G38,F38+10+H38)) | J38: =IF(I38="","",IF(F38<7,IF(I38<=10,"Full Refresher","Moderate Refresher"),IF(I38<27,"Light Refresher","Grade Ready"))) | M38: =IF($C$9<>"",IF(OR(K38=1,K38=2),IF(K38=1,M$7-L38,$P$7-L38),""),"") | P38: =IFERROR(IF(AND(K38>0,M38>0,OR(N38>0,O38>0)),(M38/((N38*60)+O38))*60,""),"") | Q38: =IFERROR(IF(OR(K38=1,K38=2),IF(K38=1,M38/$M$7,M38/$P$7),""),"") | U38: =IF(J38<>"",IF(J38="Full Refresher","Low Emerging Reader",IF(AND(K38>0,Q38<>""),IF(OR(Q38<=25%,AND(Q38>25%,Q38<=50%,R38<=1)),"High Emerging Reader",IF(OR(AND(Q38>25%,Q38<51%,R38>=2),AND(Q38>50%,Q38<76%,R38<=3)),"Developing Reader",IF(OR(AND(Q38>=51%,Q38<76%,R38>=4),AND(Q38>75%,R38<=5)),"Transitioning Reader",IF(AND(Q38>75%,R38>=6),"Reading At Grade Level","")))),"")),"")
A39: 29 | I39: =IF(AND(F39="",G39=""),"",IF(F39<7,F39+G39,F39+10+H39)) | J39: =IF(I39="","",IF(F39<7,IF(I39<=10,"Full Refresher","Moderate Refresher"),IF(I39<27,"Light Refresher","Grade Ready"))) | M39: =IF($C$9<>"",IF(OR(K39=1,K39=2),IF(K39=1,M$7-L39,$P$7-L39),""),"") | P39: =IFERROR(IF(AND(K39>0,M39>0,OR(N39>0,O39>0)),(M39/((N39*60)+O39))*60,""),"") | Q39: =IFERROR(IF(OR(K39=1,K39=2),IF(K39=1,M39/$M$7,M39/$P$7),""),"") | U39: =IF(J39<>"",IF(J39="Full Refresher","Low Emerging Reader",IF(AND(K39>0,Q39<>""),IF(OR(Q39<=25%,AND(Q39>25%,Q39<=50%,R39<=1)),"High Emerging Reader",IF(OR(AND(Q39>25%,Q39<51%,R39>=2),AND(Q39>50%,Q39<76%,R39<=3)),"Developing Reader",IF(OR(AND(Q39>=51%,Q39<76%,R39>=4),AND(Q39>75%,R39<=5)),"Transitioning Reader",IF(AND(Q39>75%,R39>=6),"Reading At Grade Level","")))),"")),"")
A40: 30 | I40: =IF(AND(F40="",G40=""),"",IF(F40<7,F40+G40,F40+10+H40)) | J40: =IF(I40="","",IF(F40<7,IF(I40<=10,"Full Refresher","Moderate Refresher"),IF(I40<27,"Light Refresher","Grade Ready"))) | M40: =IF($C$9<>"",IF(OR(K40=1,K40=2),IF(K40=1,M$7-L40,$P$7-L40),""),"") | P40: =IFERROR(IF(AND(K40>0,M40>0,OR(N40>0,O40>0)),(M40/((N40*60)+O40))*60,""),"") | Q40: =IFERROR(IF(OR(K40=1,K40=2),IF(K40=1,M40/$M$7,M40/$P$7),""),"") | U40: =IF(J40<>"",IF(J40="Full Refresher","Low Emerging Reader",IF(AND(K40>0,Q40<>""),IF(OR(Q40<=25%,AND(Q40>25%,Q40<=50%,R40<=1)),"High Emerging Reader",IF(OR(AND(Q40>25%,Q40<51%,R40>=2),AND(Q40>50%,Q40<76%,R40<=3)),"Developing Reader",IF(OR(AND(Q40>=51%,Q40<76%,R40>=4),AND(Q40>75%,R40<=5)),"Transitioning Reader",IF(AND(Q40>75%,R40>=6),"Reading At Grade Level","")))),"")),"")
A41: 31 | I41: =IF(AND(F41="",G41=""),"",IF(F41<7,F41+G41,F41+10+H41)) | J41: =IF(I41="","",IF(F41<7,IF(I41<=10,"Full Refresher","Moderate Refresher"),IF(I41<27,"Light Refresher","Grade Ready"))) | M41: =IF($C$9<>"",IF(OR(K41=1,K41=2),IF(K41=1,M$7-L41,$P$7-L41),""),"") | P41: =IFERROR(IF(AND(K41>0,M41>0,OR(N41>0,O41>0)),(M41/((N41*60)+O41))*60,""),"") | Q41: =IFERROR(IF(OR(K41=1,K41=2),IF(K41=1,M41/$M$7,M41/$P$7),""),"") | U41: =IF(J41<>"",IF(J41="Full Refresher","Low Emerging Reader",IF(AND(K41>0,Q41<>""),IF(OR(Q41<=25%,AND(Q41>25%,Q41<=50%,R41<=1)),"High Emerging Reader",IF(OR(AND(Q41>25%,Q41<51%,R41>=2),AND(Q41>50%,Q41<76%,R41<=3)),"Developing Reader",IF(OR(AND(Q41>=51%,Q41<76%,R41>=4),AND(Q41>75%,R41<=5)),"Transitioning Reader",IF(AND(Q41>75%,R41>=6),"Reading At Grade Level","")))),"")),"")
A42: 32 | I42: =IF(AND(F42="",G42=""),"",IF(F42<7,F42+G42,F42+10+H42)) | J42: =IF(I42="","",IF(F42<7,IF(I42<=10,"Full Refresher","Moderate Refresher"),IF(I42<27,"Light Refresher","Grade Ready"))) | M42: =IF($C$9<>"",IF(OR(K42=1,K42=2),IF(K42=1,M$7-L42,$P$7-L42),""),"") | P42: =IFERROR(IF(AND(K42>0,M42>0,OR(N42>0,O42>0)),(M42/((N42*60)+O42))*60,""),"") | Q42: =IFERROR(IF(OR(K42=1,K42=2),IF(K42=1,M42/$M$7,M42/$P$7),""),"") | U42: =IF(J42<>"",IF(J42="Full Refresher","Low Emerging Reader",IF(AND(K42>0,Q42<>""),IF(OR(Q42<=25%,AND(Q42>25%,Q42<=50%,R42<=1)),"High Emerging Reader",IF(OR(AND(Q42>25%,Q42<51%,R42>=2),AND(Q42>50%,Q42<76%,R42<=3)),"Developing Reader",IF(OR(AND(Q42>=51%,Q42<76%,R42>=4),AND(Q42>75%,R42<=5)),"Transitioning Reader",IF(AND(Q42>75%,R42>=6),"Reading At Grade Level","")))),"")),"")
A43: 33 | I43: =IF(AND(F43="",G43=""),"",IF(F43<7,F43+G43,F43+10+H43)) | J43: =IF(I43="","",IF(F43<7,IF(I43<=10,"Full Refresher","Moderate Refresher"),IF(I43<27,"Light Refresher","Grade Ready"))) | M43: =IF($C$9<>"",IF(OR(K43=1,K43=2),IF(K43=1,M$7-L43,$P$7-L43),""),"") | P43: =IFERROR(IF(AND(K43>0,M43>0,OR(N43>0,O43>0)),(M43/((N43*60)+O43))*60,""),"") | Q43: =IFERROR(IF(OR(K43=1,K43=2),IF(K43=1,M43/$M$7,M43/$P$7),""),"") | U43: =IF(J43<>"",IF(J43="Full Refresher","Low Emerging Reader",IF(AND(K43>0,Q43<>""),IF(OR(Q43<=25%,AND(Q43>25%,Q43<=50%,R43<=1)),"High Emerging Reader",IF(OR(AND(Q43>25%,Q43<51%,R43>=2),AND(Q43>50%,Q43<76%,R43<=3)),"Developing Reader",IF(OR(AND(Q43>=51%,Q43<76%,R43>=4),AND(Q43>75%,R43<=5)),"Transitioning Reader",IF(AND(Q43>75%,R43>=6),"Reading At Grade Level","")))),"")),"")
A44: 34 | I44: =IF(AND(F44="",G44=""),"",IF(F44<7,F44+G44,F44+10+H44)) | J44: =IF(I44="","",IF(F44<7,IF(I44<=10,"Full Refresher","Moderate Refresher"),IF(I44<27,"Light Refresher","Grade Ready"))) | M44: =IF($C$9<>"",IF(OR(K44=1,K44=2),IF(K44=1,M$7-L44,$P$7-L44),""),"") | P44: =IFERROR(IF(AND(K44>0,M44>0,OR(N44>0,O44>0)),(M44/((N44*60)+O44))*60,""),"") | Q44: =IFERROR(IF(OR(K44=1,K44=2),IF(K44=1,M44/$M$7,M44/$P$7),""),"") | U44: =IF(J44<>"",IF(J44="Full Refresher","Low Emerging Reader",IF(AND(K44>0,Q44<>""),IF(OR(Q44<=25%,AND(Q44>25%,Q44<=50%,R44<=1)),"High Emerging Reader",IF(OR(AND(Q44>25%,Q44<51%,R44>=2),AND(Q44>50%,Q44<76%,R44<=3)),"Developing Reader",IF(OR(AND(Q44>=51%,Q44<76%,R44>=4),AND(Q44>75%,R44<=5)),"Transitioning Reader",IF(AND(Q44>75%,R44>=6),"Reading At Grade Level","")))),"")),"")
A45: 35 | I45: =IF(AND(F45="",G45=""),"",IF(F45<7,F45+G45,F45+10+H45)) | J45: =IF(I45="","",IF(F45<7,IF(I45<=10,"Full Refresher","Moderate Refresher"),IF(I45<27,"Light Refresher","Grade Ready"))) | M45: =IF($C$9<>"",IF(OR(K45=1,K45=2),IF(K45=1,M$7-L45,$P$7-L45),""),"") | P45: =IFERROR(IF(AND(K45>0,M45>0,OR(N45>0,O45>0)),(M45/((N45*60)+O45))*60,""),"") | Q45: =IFERROR(IF(OR(K45=1,K45=2),IF(K45=1,M45/$M$7,M45/$P$7),""),"") | U45: =IF(J45<>"",IF(J45="Full Refresher","Low Emerging Reader",IF(AND(K45>0,Q45<>""),IF(OR(Q45<=25%,AND(Q45>25%,Q45<=50%,R45<=1)),"High Emerging Reader",IF(OR(AND(Q45>25%,Q45<51%,R45>=2),AND(Q45>50%,Q45<76%,R45<=3)),"Developing Reader",IF(OR(AND(Q45>=51%,Q45<76%,R45>=4),AND(Q45>75%,R45<=5)),"Transitioning Reader",IF(AND(Q45>75%,R45>=6),"Reading At Grade Level","")))),"")),"")
A46: 36 | I46: =IF(AND(F46="",G46=""),"",IF(F46<7,F46+G46,F46+10+H46)) | J46: =IF(I46="","",IF(F46<7,IF(I46<=10,"Full Refresher","Moderate Refresher"),IF(I46<27,"Light Refresher","Grade Ready"))) | M46: =IF($C$9<>"",IF(OR(K46=1,K46=2),IF(K46=1,M$7-L46,$P$7-L46),""),"") | P46: =IFERROR(IF(AND(K46>0,M46>0,OR(N46>0,O46>0)),(M46/((N46*60)+O46))*60,""),"") | Q46: =IFERROR(IF(OR(K46=1,K46=2),IF(K46=1,M46/$M$7,M46/$P$7),""),"") | U46: =IF(J46<>"",IF(J46="Full Refresher","Low Emerging Reader",IF(AND(K46>0,Q46<>""),IF(OR(Q46<=25%,AND(Q46>25%,Q46<=50%,R46<=1)),"High Emerging Reader",IF(OR(AND(Q46>25%,Q46<51%,R46>=2),AND(Q46>50%,Q46<76%,R46<=3)),"Developing Reader",IF(OR(AND(Q46>=51%,Q46<76%,R46>=4),AND(Q46>75%,R46<=5)),"Transitioning Reader",IF(AND(Q46>75%,R46>=6),"Reading At Grade Level","")))),"")),"")
A47: 37 | I47: =IF(AND(F47="",G47=""),"",IF(F47<7,F47+G47,F47+10+H47)) | J47: =IF(I47="","",IF(F47<7,IF(I47<=10,"Full Refresher","Moderate Refresher"),IF(I47<27,"Light Refresher","Grade Ready"))) | M47: =IF($C$9<>"",IF(OR(K47=1,K47=2),IF(K47=1,M$7-L47,$P$7-L47),""),"") | P47: =IFERROR(IF(AND(K47>0,M47>0,OR(N47>0,O47>0)),(M47/((N47*60)+O47))*60,""),"") | Q47: =IFERROR(IF(OR(K47=1,K47=2),IF(K47=1,M47/$M$7,M47/$P$7),""),"") | U47: =IF(J47<>"",IF(J47="Full Refresher","Low Emerging Reader",IF(AND(K47>0,Q47<>""),IF(OR(Q47<=25%,AND(Q47>25%,Q47<=50%,R47<=1)),"High Emerging Reader",IF(OR(AND(Q47>25%,Q47<51%,R47>=2),AND(Q47>50%,Q47<76%,R47<=3)),"Developing Reader",IF(OR(AND(Q47>=51%,Q47<76%,R47>=4),AND(Q47>75%,R47<=5)),"Transitioning Reader",IF(AND(Q47>75%,R47>=6),"Reading At Grade Level","")))),"")),"")
... A69: 59 | I69: =IF(AND(F69="",G69=""),"",IF(F69<7,F69+G69,F69+10+H69)) | J69: =IF(I69="","",IF(F69<7,IF(I69<=10,"Full Refresher","Moderate Refresher"),IF(I69<27,"Light Refresher","Grade Ready"))) | M69: =IF($C$9<>"",IF(OR(K69=1,K69=2),IF(K69=1,M$7-L69,$P$7-L69),""),"") | P69: =IFERROR(IF(AND(K69>0,M69>0,OR(N69>0,O69>0)),(M69/((N69*60)+O69))*60,""),"") | Q69: =IFERROR(IF(OR(K69=1,K69=2),IF(K69=1,M69/$M$7,M69/$P$7),""),"") | U69: =IF(J69<>"",IF(J69="Full Refresher","Low Emerging Reader",IF(AND(K69>0,Q69<>""),IF(OR(Q69<=25%,AND(Q69>25%,Q69<=50%,R69<=1)),"High Emerging Reader",IF(OR(AND(Q69>25%,Q69<51%,R69>=2),AND(Q69>50%,Q69<76%,R69<=3)),"Developing Reader",IF(OR(AND(Q69>=51%,Q69<76%,R69>=4),AND(Q69>75%,R69<=5)),"Transitioning Reader",IF(AND(Q69>75%,R69>=6),"Reading At Grade Level","")))),"")),"")
A70: =A69+1 -> 60 | I70: =IF(AND(F70="",G70=""),"",IF(F70<7,F70+G70,F70+10+H70)) | J70: =IF(I70="","",IF(F70<7,IF(I70<=10,"Full Refresher","Moderate Refresher"),IF(I70<27,"Light Refresher","Grade Ready"))) | M70: =IF($C$9<>"",IF(OR(K70=1,K70=2),IF(K70=1,M$7-L70,$P$7-L70),""),"") | P70: =IFERROR(IF(AND(K70>0,M70>0,OR(N70>0,O70>0)),(M70/((N70*60)+O70))*60,""),"") | Q70: =IFERROR(IF(OR(K70=1,K70=2),IF(K70=1,M70/$M$7,M70/$P$7),""),"") | U70: =IF(J70<>"",IF(J70="Full Refresher","Low Emerging Reader",IF(AND(K70>0,Q70<>""),IF(OR(Q70<=25%,AND(Q70>25%,Q70<=50%,R70<=1)),"High Emerging Reader",IF(OR(AND(Q70>25%,Q70<51%,R70>=2),AND(Q70>50%,Q70<76%,R70<=3)),"Developing Reader",IF(OR(AND(Q70>=51%,Q70<76%,R70>=4),AND(Q70>75%,R70<=5)),"Transitioning Reader",IF(AND(Q70>75%,R70>=6),"Reading At Grade Level","")))),"")),"")
A71: =A70+1 -> 61 | I71: =IF(AND(F71="",G71=""),"",IF(F71<7,F71+G71,F71+10+H71)) | J71: =IF(I71="","",IF(F71<7,IF(I71<=10,"Full Refresher","Moderate Refresher"),IF(I71<27,"Light Refresher","Grade Ready"))) | M71: =IF($C$9<>"",IF(OR(K71=1,K71=2),IF(K71=1,M$7-L71,$P$7-L71),""),"") | P71: =IFERROR(IF(AND(K71>0,M71>0,OR(N71>0,O71>0)),(M71/((N71*60)+O71))*60,""),"") | Q71: =IFERROR(IF(OR(K71=1,K71=2),IF(K71=1,M71/$M$7,M71/$P$7),""),"") | U71: =IF(J71<>"",IF(J71="Full Refresher","Low Emerging Reader",IF(AND(K71>0,Q71<>""),IF(OR(Q71<=25%,AND(Q71>25%,Q71<=50%,R71<=1)),"High Emerging Reader",IF(OR(AND(Q71>25%,Q71<51%,R71>=2),AND(Q71>50%,Q71<76%,R71<=3)),"Developing Reader",IF(OR(AND(Q71>=51%,Q71<76%,R71>=4),AND(Q71>75%,R71<=5)),"Transitioning Reader",IF(AND(Q71>75%,R71>=6),"Reading At Grade Level","")))),"")),"")
A72: =A71+1 -> 62 | I72: =IF(AND(F72="",G72=""),"",IF(F72<7,F72+G72,F72+10+H72)) | J72: =IF(I72="","",IF(F72<7,IF(I72<=10,"Full Refresher","Moderate Refresher"),IF(I72<27,"Light Refresher","Grade Ready"))) | M72: =IF($C$9<>"",IF(OR(K72=1,K72=2),IF(K72=1,M$7-L72,$P$7-L72),""),"") | P72: =IFERROR(IF(AND(K72>0,M72>0,OR(N72>0,O72>0)),(M72/((N72*60)+O72))*60,""),"") | Q72: =IFERROR(IF(OR(K72=1,K72=2),IF(K72=1,M72/$M$7,M72/$P$7),""),"") | U72: =IF(J72<>"",IF(J72="Full Refresher","Low Emerging Reader",IF(AND(K72>0,Q72<>""),IF(OR(Q72<=25%,AND(Q72>25%,Q72<=50%,R72<=1)),"High Emerging Reader",IF(OR(AND(Q72>25%,Q72<51%,R72>=2),AND(Q72>50%,Q72<76%,R72<=3)),"Developing Reader",IF(OR(AND(Q72>=51%,Q72<76%,R72>=4),AND(Q72>75%,R72<=5)),"Transitioning Reader",IF(AND(Q72>75%,R72>=6),"Reading At Grade Level","")))),"")),"")
A73: =A72+1 -> 63 | I73: =IF(AND(F73="",G73=""),"",IF(F73<7,F73+G73,F73+10+H73)) | J73: =IF(I73="","",IF(F73<7,IF(I73<=10,"Full Refresher","Moderate Refresher"),IF(I73<27,"Light Refresher","Grade Ready"))) | M73: =IF($C$9<>"",IF(OR(K73=1,K73=2),IF(K73=1,M$7-L73,$P$7-L73),""),"") | P73: =IFERROR(IF(AND(K73>0,M73>0,OR(N73>0,O73>0)),(M73/((N73*60)+O73))*60,""),"") | Q73: =IFERROR(IF(OR(K73=1,K73=2),IF(K73=1,M73/$M$7,M73/$P$7),""),"") | U73: =IF(J73<>"",IF(J73="Full Refresher","Low Emerging Reader",IF(AND(K73>0,Q73<>""),IF(OR(Q73<=25%,AND(Q73>25%,Q73<=50%,R73<=1)),"High Emerging Reader",IF(OR(AND(Q73>25%,Q73<51%,R73>=2),AND(Q73>50%,Q73<76%,R73<=3)),"Developing Reader",IF(OR(AND(Q73>=51%,Q73<76%,R73>=4),AND(Q73>75%,R73<=5)),"Transitioning Reader",IF(AND(Q73>75%,R73>=6),"Reading At Grade Level","")))),"")),"")
A74: =A73+1 -> 64 | I74: =IF(AND(F74="",G74=""),"",IF(F74<7,F74+G74,F74+10+H74)) | J74: =IF(I74="","",IF(F74<7,IF(I74<=10,"Full Refresher","Moderate Refresher"),IF(I74<27,"Light Refresher","Grade Ready"))) | M74: =IF($C$9<>"",IF(OR(K74=1,K74=2),IF(K74=1,M$7-L74,$P$7-L74),""),"") | P74: =IFERROR(IF(AND(K74>0,M74>0,OR(N74>0,O74>0)),(M74/((N74*60)+O74))*60,""),"") | Q74: =IFERROR(IF(OR(K74=1,K74=2),IF(K74=1,M74/$M$7,M74/$P$7),""),"") | U74: =IF(J74<>"",IF(J74="Full Refresher","Low Emerging Reader",IF(AND(K74>0,Q74<>""),IF(OR(Q74<=25%,AND(Q74>25%,Q74<=50%,R74<=1)),"High Emerging Reader",IF(OR(AND(Q74>25%,Q74<51%,R74>=2),AND(Q74>50%,Q74<76%,R74<=3)),"Developing Reader",IF(OR(AND(Q74>=51%,Q74<76%,R74>=4),AND(Q74>75%,R74<=5)),"Transitioning Reader",IF(AND(Q74>75%,R74>=6),"Reading At Grade Level","")))),"")),"")
A75: =A74+1 -> 65 | I75: =IF(AND(F75="",G75=""),"",IF(F75<7,F75+G75,F75+10+H75)) | J75: =IF(I75="","",IF(F75<7,IF(I75<=10,"Full Refresher","Moderate Refresher"),IF(I75<27,"Light Refresher","Grade Ready"))) | M75: =IF($C$9<>"",IF(OR(K75=1,K75=2),IF(K75=1,M$7-L75,$P$7-L75),""),"") | P75: =IFERROR(IF(AND(K75>0,M75>0,OR(N75>0,O75>0)),(M75/((N75*60)+O75))*60,""),"") | Q75: =IFERROR(IF(OR(K75=1,K75=2),IF(K75=1,M75/$M$7,M75/$P$7),""),"") | U75: =IF(J75<>"",IF(J75="Full Refresher","Low Emerging Reader",IF(AND(K75>0,Q75<>""),IF(OR(Q75<=25%,AND(Q75>25%,Q75<=50%,R75<=1)),"High Emerging Reader",IF(OR(AND(Q75>25%,Q75<51%,R75>=2),AND(Q75>50%,Q75<76%,R75<=3)),"Developing Reader",IF(OR(AND(Q75>=51%,Q75<76%,R75>=4),AND(Q75>75%,R75<=5)),"Transitioning Reader",IF(AND(Q75>75%,R75>=6),"Reading At Grade Level","")))),"")),"")
A76: =A75+1 -> 66 | I76: =IF(AND(F76="",G76=""),"",IF(F76<7,F76+G76,F76+10+H76)) | J76: =IF(I76="","",IF(F76<7,IF(I76<=10,"Full Refresher","Moderate Refresher"),IF(I76<27,"Light Refresher","Grade Ready"))) | M76: =IF($C$9<>"",IF(OR(K76=1,K76=2),IF(K76=1,M$7-L76,$P$7-L76),""),"") | P76: =IFERROR(IF(AND(K76>0,M76>0,OR(N76>0,O76>0)),(M76/((N76*60)+O76))*60,""),"") | Q76: =IFERROR(IF(OR(K76=1,K76=2),IF(K76=1,M76/$M$7,M76/$P$7),""),"") | U76: =IF(J76<>"",IF(J76="Full Refresher","Low Emerging Reader",IF(AND(K76>0,Q76<>""),IF(OR(Q76<=25%,AND(Q76>25%,Q76<=50%,R76<=1)),"High Emerging Reader",IF(OR(AND(Q76>25%,Q76<51%,R76>=2),AND(Q76>50%,Q76<76%,R76<=3)),"Developing Reader",IF(OR(AND(Q76>=51%,Q76<76%,R76>=4),AND(Q76>75%,R76<=5)),"Transitioning Reader",IF(AND(Q76>75%,R76>=6),"Reading At Grade Level","")))),"")),"")
A77: =A76+1 -> 67 | I77: =IF(AND(F77="",G77=""),"",IF(F77<7,F77+G77,F77+10+H77)) | J77: =IF(I77="","",IF(F77<7,IF(I77<=10,"Full Refresher","Moderate Refresher"),IF(I77<27,"Light Refresher","Grade Ready"))) | M77: =IF($C$9<>"",IF(OR(K77=1,K77=2),IF(K77=1,M$7-L77,$P$7-L77),""),"") | P77: =IFERROR(IF(AND(K77>0,M77>0,OR(N77>0,O77>0)),(M77/((N77*60)+O77))*60,""),"") | Q77: =IFERROR(IF(OR(K77=1,K77=2),IF(K77=1,M77/$M$7,M77/$P$7),""),"") | U77: =IF(J77<>"",IF(J77="Full Refresher","Low Emerging Reader",IF(AND(K77>0,Q77<>""),IF(OR(Q77<=25%,AND(Q77>25%,Q77<=50%,R77<=1)),"High Emerging Reader",IF(OR(AND(Q77>25%,Q77<51%,R77>=2),AND(Q77>50%,Q77<76%,R77<=3)),"Developing Reader",IF(OR(AND(Q77>=51%,Q77<76%,R77>=4),AND(Q77>75%,R77<=5)),"Transitioning Reader",IF(AND(Q77>75%,R77>=6),"Reading At Grade Level","")))),"")),"")
A78: =A77+1 -> 68 | I78: =IF(AND(F78="",G78=""),"",IF(F78<7,F78+G78,F78+10+H78)) | J78: =IF(I78="","",IF(F78<7,IF(I78<=10,"Full Refresher","Moderate Refresher"),IF(I78<27,"Light Refresher","Grade Ready"))) | M78: =IF($C$9<>"",IF(OR(K78=1,K78=2),IF(K78=1,M$7-L78,$P$7-L78),""),"") | P78: =IFERROR(IF(AND(K78>0,M78>0,OR(N78>0,O78>0)),(M78/((N78*60)+O78))*60,""),"") | Q78: =IFERROR(IF(OR(K78=1,K78=2),IF(K78=1,M78/$M$7,M78/$P$7),""),"") | U78: =IF(J78<>"",IF(J78="Full Refresher","Low Emerging Reader",IF(AND(K78>0,Q78<>""),IF(OR(Q78<=25%,AND(Q78>25%,Q78<=50%,R78<=1)),"High Emerging Reader",IF(OR(AND(Q78>25%,Q78<51%,R78>=2),AND(Q78>50%,Q78<76%,R78<=3)),"Developing Reader",IF(OR(AND(Q78>=51%,Q78<76%,R78>=4),AND(Q78>75%,R78<=5)),"Transitioning Reader",IF(AND(Q78>75%,R78>=6),"Reading At Grade Level","")))),"")),"")
A79: =A78+1 -> 69 | I79: =IF(AND(F79="",G79=""),"",IF(F79<7,F79+G79,F79+10+H79)) | J79: =IF(I79="","",IF(F79<7,IF(I79<=10,"Full Refresher","Moderate Refresher"),IF(I79<27,"Light Refresher","Grade Ready"))) | M79: =IF($C$9<>"",IF(OR(K79=1,K79=2),IF(K79=1,M$7-L79,$P$7-L79),""),"") | P79: =IFERROR(IF(AND(K79>0,M79>0,OR(N79>0,O79>0)),(M79/((N79*60)+O79))*60,""),"") | Q79: =IFERROR(IF(OR(K79=1,K79=2),IF(K79=1,M79/$M$7,M79/$P$7),""),"") | U79: =IF(J79<>"",IF(J79="Full Refresher","Low Emerging Reader",IF(AND(K79>0,Q79<>""),IF(OR(Q79<=25%,AND(Q79>25%,Q79<=50%,R79<=1)),"High Emerging Reader",IF(OR(AND(Q79>25%,Q79<51%,R79>=2),AND(Q79>50%,Q79<76%,R79<=3)),"Developing Reader",IF(OR(AND(Q79>=51%,Q79<76%,R79>=4),AND(Q79>75%,R79<=5)),"Transitioning Reader",IF(AND(Q79>75%,R79>=6),"Reading At Grade Level","")))),"")),"")
A80: =A79+1 -> 70 | I80: =IF(AND(F80="",G80=""),"",IF(F80<7,F80+G80,F80+10+H80)) | J80: =IF(I80="","",IF(F80<7,IF(I80<=10,"Full Refresher","Moderate Refresher"),IF(I80<27,"Light Refresher","Grade Ready"))) | M80: =IF($C$9<>"",IF(OR(K80=1,K80=2),IF(K80=1,M$7-L80,$P$7-L80),""),"") | P80: =IFERROR(IF(AND(K80>0,M80>0,OR(N80>0,O80>0)),(M80/((N80*60)+O80))*60,""),"") | Q80: =IFERROR(IF(OR(K80=1,K80=2),IF(K80=1,M80/$M$7,M80/$P$7),""),"") | U80: =IF(J80<>"",IF(J80="Full Refresher","Low Emerging Reader",IF(AND(K80>0,Q80<>""),IF(OR(Q80<=25%,AND(Q80>25%,Q80<=50%,R80<=1)),"High Emerging Reader",IF(OR(AND(Q80>25%,Q80<51%,R80>=2),AND(Q80>50%,Q80<76%,R80<=3)),"Developing Reader",IF(OR(AND(Q80>=51%,Q80<76%,R80>=4),AND(Q80>75%,R80<=5)),"Transitioning Reader",IF(AND(Q80>75%,R80>=6),"Reading At Grade Level","")))),"")),"")
A81: =A80+1 -> 71 | I81: =IF(AND(F81="",G81=""),"",IF(F81<7,F81+G81,F81+10+H81)) | J81: =IF(I81="","",IF(F81<7,IF(I81<=10,"Full Refresher","Moderate Refresher"),IF(I81<27,"Light Refresher","Grade Ready"))) | M81: =IF($C$9<>"",IF(OR(K81=1,K81=2),IF(K81=1,M$7-L81,$P$7-L81),""),"") | P81: =IFERROR(IF(AND(K81>0,M81>0,OR(N81>0,O81>0)),(M81/((N81*60)+O81))*60,""),"") | Q81: =IFERROR(IF(OR(K81=1,K81=2),IF(K81=1,M81/$M$7,M81/$P$7),""),"") | U81: =IF(J81<>"",IF(J81="Full Refresher","Low Emerging Reader",IF(AND(K81>0,Q81<>""),IF(OR(Q81<=25%,AND(Q81>25%,Q81<=50%,R81<=1)),"High Emerging Reader",IF(OR(AND(Q81>25%,Q81<51%,R81>=2),AND(Q81>50%,Q81<76%,R81<=3)),"Developing Reader",IF(OR(AND(Q81>=51%,Q81<76%,R81>=4),AND(Q81>75%,R81<=5)),"Transitioning Reader",IF(AND(Q81>75%,R81>=6),"Reading At Grade Level","")))),"")),"")
... A109: =A108+1 -> 99 | I109: =IF(AND(F109="",G109=""),"",IF(F109<7,F109+G109,F109+10+H109)) | J109: =IF(I109="","",IF(F109<7,IF(I109<=10,"Full Refresher","Moderate Refresher"),IF(I109<27,"Light Refresher","Grade Ready"))) | M109: =IF($C$9<>"",IF(OR(K109=1,K109=2),IF(K109=1,M$7-L109,$P$7-L109),""),"") | P109: =IFERROR(IF(AND(K109>0,M109>0,OR(N109>0,O109>0)),(M109/((N109*60)+O109))*60,""),"") | Q109: =IFERROR(IF(OR(K109=1,K109=2),IF(K109=1,M109/$M$7,M109/$P$7),""),"") | U109: =IF(J109<>"",IF(J109="Full Refresher","Low Emerging Reader",IF(AND(K109>0,Q109<>""),IF(OR(Q109<=25%,AND(Q109>25%,Q109<=50%,R109<=1)),"High Emerging Reader",IF(OR(AND(Q109>25%,Q109<51%,R109>=2),AND(Q109>50%,Q109<76%,R109<=3)),"Developing Reader",IF(OR(AND(Q109>=51%,Q109<76%,R109>=4),AND(Q109>75%,R109<=5)),"Transitioning Reader",IF(AND(Q109>75%,R109>=6),"Reading At Grade Level","")))),"")),"")
A110: 100 | I110: =IF(AND(F110="",G110=""),"",IF(F110<7,F110+G110,F110+10+H110)) | J110: =IF(I110="","",IF(F110<7,IF(I110<=10,"Full Refresher","Moderate Refresher"),IF(I110<27,"Light Refresher","Grade Ready"))) | M110: =IF($C$9<>"",IF(OR(K110=1,K110=2),IF(K110=1,M$7-L110,$P$7-L110),""),"") | P110: =IFERROR(IF(AND(K110>0,M110>0,OR(N110>0,O110>0)),(M110/((N110*60)+O110))*60,""),"") | Q110: =IFERROR(IF(OR(K110=1,K110=2),IF(K110=1,M110/$M$7,M110/$P$7),""),"") | U110: =IF(J110<>"",IF(J110="Full Refresher","Low Emerging Reader",IF(AND(K110>0,Q110<>""),IF(OR(Q110<=25%,AND(Q110>25%,Q110<=50%,R110<=1)),"High Emerging Reader",IF(OR(AND(Q110>25%,Q110<51%,R110>=2),AND(Q110>50%,Q110<76%,R110<=3)),"Developing Reader",IF(OR(AND(Q110>=51%,Q110<76%,R110>=4),AND(Q110>75%,R110<=5)),"Transitioning Reader",IF(AND(Q110>75%,R110>=6),"Reading At Grade Level","")))),"")),"")

Sheet G3 FIL Reading Scoresheet
A1: ='G3 MT Reading Scoresheet'!$A$1 -> CRLA2v1
A3: ASSESSMENT TYPE | C3: ='G3 MT Reading Scoresheet'!$C$3 -> EoSY
A4: School ID: | C4: ='G3 MT Reading Scoresheet'!C4 -> 117443 | D4: Total Enrolment | F4: =D6+E6 -> 25 | G4: Total Assessed : | I4: =COUNTIF(F11:F110,"<>") -> 25
A5: Schoo Name: | C5: ='G3 MT Reading Scoresheet'!C5 -> ROMANA ELEM. SCHOOL | D5: Male | E5: Female | F5: Assessment Part 1 (Word Recognition and Sentences Reading) | J5: WORDS SCORE 0 to 10 – Full Refresher 11 to 16 – Moderate Refresher SENTENCE SCORE 17 to 26 – Light Refresher 27 to 30 – Grade Ready | K5: Assessment Part 2 (Reading Fluency and Comprehension)
A6: Teacher: | C6: ='G3 MT Reading Scoresheet'!C6 -> KEMBERLY G. BELMIS | D6: ='G3 MT Reading Scoresheet'!D6 -> 10 | E6: ='G3 MT Reading Scoresheet'!E6 -> 15
A7: Grade: | C7: ='G3 MT Reading Scoresheet'!C7 -> Grade 3 | D7: Total Words per Story | F7: Task 1 – Write the number of Words sounded out correctly | G7: Sentence (Task 2) If task 1 score is 7 to 10 Task 2L=10 | H7: Total Score = Task 1 Score + Task 2L+Task 2H Score | I7: Total Score = Task 1 Score + Task 2 Score | K7: Total Words Per Story | L7: Story 1 | M7: =_xlfn.IFNA(IF(X9=1,Y9,D9),"") -> 121 | N7: Story 2 | P7: =_xlfn.IFNA(IF(X9=1,Z9,E9),"") -> 121
A8: Section: | C8: ='G3 MT Reading Scoresheet'!C8 -> 1 | D8: Story 1 | E8: Story 2 | K8: Story Number 1 or 2 | L8: Total Reading Miscues | M8: Number of words read within 3 mins | N8: Total Time Used in Reading (Max : 3 Mins) | P8: Number of Words per Minute (WPM)
A9: Language: | C9: Filipino | X9: =IF(_xlfn.IFNA(VLOOKUP($C$9,List!$G$2:$M$20,1,0),"")=C9,1,0) -> 1 | Y9: =VLOOKUP($C$9,List!$G$2:$M$21,4,0) -> 121 | Z9: =VLOOKUP($C$9,List!$G$2:$M$21,7,0) -> 121
A10: S/N | B10: LRN | C10: Name of Learner | D10: Sex | E10: Date of Asessment | F10: Task 1 (10) | G10: Task 2L Words (10) | H10: Task 2H Sentences (10) | I10: Total Score | J10: Part 1 Reading Level | K10: Story Number | L10: Number of Miscue | M10: Words Read | N10: Total Mins Secs | P10: WPM | Q10: % of Correct Words Read | R10: Total Correct Answer | S10: Leaner Experience (Rating 1-5) | T10: Observation Level | U10: READING PROFILE | V10: Remarks
A11: 1 | B11: =IF('G3 MT Reading Scoresheet'!B11<>"",'G3 MT Reading Scoresheet'!B11,"") -> 117443220001 | C11: =IF('G3 MT Reading Scoresheet'!C11<>"",'G3 MT Reading Scoresheet'!C11,"") -> ABAY, KENNETH ALEXANDER, NALAONAN | D11: =IF('G3 MT Reading Scoresheet'!D11<>"",'G3 MT Reading Scoresheet'!D11,"") -> Male | E11: =IF('G3 MT Reading Scoresheet'!E11<>"",'G3 MT Reading Scoresheet'!E11,"") -> 06/23/2025 | F11: 8 | H11: 8 | I11: =IF(AND(F11="",G11=""),"",IF(F11<7,F11+G11,F11+10+H11)) -> 26 | J11: =IF(I11="","",IF(F11<7,IF(I11<=10,"Full Refresher","Moderate Refresher"),IF(I11<27,"Light Refresher","Grade Ready"))) -> Light Refresher | K11: 2 | L11: 20 | M11: =IF(OR(K11=1,K11=2),IF(K11=1,M$7-L11,$P$7-L11),"") -> 101 | N11: 3 | O11: 0 | P11: =IFERROR(IF(AND(K11>0,M11>0,OR(N11>0,O11>0)),(M11/((N11*60)+O11))*60,""),"") -> 33.666667 | Q11: =IFERROR(IF(OR(K11=1,K11=2),IF(K11=1,M11/$M$7,M11/$P$7),""),"") -> 0.83471074 | R11: 3 | S11: 3 | T11: Level 1 | U11: =IF(J11<>"",IF(J11="Full Refresher","Low Emerging Reader",IF(AND(K11>0,Q11<>""),IF(OR(Q11<=25%,AND(Q11>25%,Q11<=50%,R11<=1)),"High Emerging Reader",IF(OR(AND(Q11>25%,Q11<51%,R11>=2),AND(Q11>50%,Q11<76%,R11<=3)),"Developing Reader",IF(OR(AND(Q11>=51%,Q11<76%,R11>=4),AND(Q11>75%,R11<=5)),"Transitioning Reader",IF(AND(Q11>75%,R11>=6),"Reading At Grade Level","")))),"")),"") -> Transitioning Reader
A12: 2 | B12: =IF('G3 MT Reading Scoresheet'!B12<>"",'G3 MT Reading Scoresheet'!B12,"") -> 11744322002 | C12: =IF('G3 MT Reading Scoresheet'!C12<>"",'G3 MT Reading Scoresheet'!C12,"") -> BANARAIA, KEEPER, ABAY | D12: =IF('G3 MT Reading Scoresheet'!D12<>"",'G3 MT Reading Scoresheet'!D12,"") -> Male | E12: =IF('G3 MT Reading Scoresheet'!E12<>"",'G3 MT Reading Scoresheet'!E12,"") -> 06/23/2025 | F12: 5 | G12: 5 | H12: 10 | I12: =IF(AND(F12="",G12=""),"",IF(F12<7,F12+G12,F12+10+H12)) -> 10 | J12: =IF(I12="","",IF(F12<7,IF(I12<=10,"Full Refresher","Moderate Refresher"),IF(I12<27,"Light Refresher","Grade Ready"))) -> Full Refresher | K12: 2 | L12: 5 | M12: =IF(OR(K12=1,K12=2),IF(K12=1,M$7-L12,$P$7-L12),"") -> 116 | N12: 2 | O12: 5 | P12: =IF(AND(K12>0,M12>0,OR(N12>0,O12>0)),(M12/((N12*60)+O12))*60,"") -> 55.68 | Q12: =IFERROR(IF(OR(K12=1,K12=2),IF(K12=1,M12/$M$7,M12/$P$7),""),"") -> 0.95867769 | R12: 6 | S12: 4 | T12: Level 2 | U12: =IF(J12<>"",IF(J12="Full Refresher","Low Emerging Reader",IF(AND(K12>0,Q12<>""),IF(OR(Q12<=25%,AND(Q12>25%,Q12<=50%,R12<=1)),"High Emerging Reader",IF(OR(AND(Q12>25%,Q12<51%,R12>=2),AND(Q12>50%,Q12<76%,R12<=3)),"Developing Reader",IF(OR(AND(Q12>=51%,Q12<76%,R12>=4),AND(Q12>75%,R12<=5)),"Transitioning Reader",IF(AND(Q12>75%,R12>=6),"Reading At Grade Level","")))),"")),"") -> Low Emerging Reader
A13: 3 | B13: =IF('G3 MT Reading Scoresheet'!B13<>"",'G3 MT Reading Scoresheet'!B13,"") -> 117443220017 | C13: =IF('G3 MT Reading Scoresheet'!C13<>"",'G3 MT Reading Scoresheet'!C13,"") -> BARGASA, EDSEL JHON,- | D13: =IF('G3 MT Reading Scoresheet'!D13<>"",'G3 MT Reading Scoresheet'!D13,"") -> Male | E13: =IF('G3 MT Reading Scoresheet'!E13<>"",'G3 MT Reading Scoresheet'!E13,"") -> 06/23/2025 | F13: 8 | H13: 10 | I13: =IF(AND(F13="",G13=""),"",IF(F13<7,F13+G13,F13+10+H13)) -> 28 | J13: =IF(I13="","",IF(F13<7,IF(I13<=10,"Full Refresher","Moderate Refresher"),IF(I13<27,"Light Refresher","Grade Ready"))) -> Grade Ready | K13: 1 | L13: 1 | M13: =IF(OR(K13=1,K13=2),IF(K13=1,M$7-L13,$P$7-L13),"") -> 120 | N13: 1 | O13: 39 | P13: =IF(AND(K13>0,M13>0,OR(N13>0,O13>0)),(M13/((N13*60)+O13))*60,"") -> 72.727273 | Q13: =IFERROR(IF(OR(K13=1,K13=2),IF(K13=1,M13/$M$7,M13/$P$7),""),"") -> 0.99173554 | R13: 7 | S13: 5 | T13: Level 4 | U13: =IF(J13<>"",IF(J13="Full Refresher","Low Emerging Reader",IF(AND(K13>0,Q13<>""),IF(OR(Q13<=25%,AND(Q13>25%,Q13<=50%,R13<=1)),"High Emerging Reader",IF(OR(AND(Q13>25%,Q13<51%,R13>=2),AND(Q13>50%,Q13<76%,R13<=3)),"Developing Reader",IF(OR(AND(Q13>=51%,Q13<76%,R13>=4),AND(Q13>75%,R13<=5)),"Transitioning Reader",IF(AND(Q13>75%,R13>=6),"Reading At Grade Level","")))),"")),"") -> Reading At Grade Level
A14: 4 | B14: =IF('G3 MT Reading Scoresheet'!B14<>"",'G3 MT Reading Scoresheet'!B14,"") -> 117443220006 | C14: =IF('G3 MT Reading Scoresheet'!C14<>"",'G3 MT Reading Scoresheet'!C14,"") -> DUMANIEL, KEVIN JOHN , ALVAREZ | D14: =IF('G3 MT Reading Scoresheet'!D14<>"",'G3 MT Reading Scoresheet'!D14,"") -> Male | E14: =IF('G3 MT Reading Scoresheet'!E14<>"",'G3 MT Reading Scoresheet'!E14,"") -> 06/23/2025 | F14: 8 | H14: 9 | I14: =IF(AND(F14="",G14=""),"",IF(F14<7,F14+G14,F14+10+H14)) -> 27 | J14: =IF(I14="","",IF(F14<7,IF(I14<=10,"Full Refresher","Moderate Refresher"),IF(I14<27,"Light Refresher","Grade Ready"))) -> Grade Ready | K14: 1 | L14: 5 | M14: =IF(OR(K14=1,K14=2),IF(K14=1,M$7-L14,$P$7-L14),"") -> 116 | N14: 3 | O14: 0 | P14: =IF(AND(K14>0,M14>0,OR(N14>0,O14>0)),(M14/((N14*60)+O14))*60,"") -> 38.666667 | Q14: =IFERROR(IF(OR(K14=1,K14=2),IF(K14=1,M14/$M$7,M14/$P$7),""),"") -> 0.95867769 | R14: 6 | S14: 3 | T14: Level 1 | U14: =IF(J14<>"",IF(J14="Full Refresher","Low Emerging Reader",IF(AND(K14>0,Q14<>""),IF(OR(Q14<=25%,AND(Q14>25%,Q14<=50%,R14<=1)),"High Emerging Reader",IF(OR(AND(Q14>25%,Q14<51%,R14>=2),AND(Q14>50%,Q14<76%,R14<=3)),"Developing Reader",IF(OR(AND(Q14>=51%,Q14<76%,R14>=4),AND(Q14>75%,R14<=5)),"Transitioning Reader",IF(AND(Q14>75%,R14>=6),"Reading At Grade Level","")))),"")),"") -> Reading At Grade Level
A15: 5 | B15: =IF('G3 MT Reading Scoresheet'!B15<>"",'G3 MT Reading Scoresheet'!B15,"") -> 117443220018 | C15: =IF('G3 MT Reading Scoresheet'!C15<>"",'G3 MT Reading Scoresheet'!C15,"") -> ESTOCADA, JOEMARIE III, OMPAD | D15: =IF('G3 MT Reading Scoresheet'!D15<>"",'G3 MT Reading Scoresheet'!D15,"") -> Male | E15: =IF('G3 MT Reading Scoresheet'!E15<>"",'G3 MT Reading Scoresheet'!E15,"") -> 06/24/2025 | F15: 7 | H15: 7 | I15: =IF(AND(F15="",G15=""),"",IF(F15<7,F15+G15,F15+10+H15)) -> 24 | J15: =IF(I15="","",IF(F15<7,IF(I15<=10,"Full Refresher","Moderate Refresher"),IF(I15<27,"Light Refresher","Grade Ready"))) -> Light Refresher | K15: 1 | L15: 10 | M15: =IF(OR(K15=1,K15=2),IF(K15=1,M$7-L15,$P$7-L15),"") -> 111 | N15: 3 | O15: 0 | P15: =IF(AND(K15>0,M15>0,OR(N15>0,O15>0)),(M15/((N15*60)+O15))*60,"") -> 37 | Q15: =IFERROR(IF(OR(K15=1,K15=2),IF(K15=1,M15/$M$7,M15/$P$7),""),"") -> 0.91735537 | R15: 3 | S15: 3 | T15: Level 1 | U15: =IF(J15<>"",IF(J15="Full Refresher","Low Emerging Reader",IF(AND(K15>0,Q15<>""),IF(OR(Q15<=25%,AND(Q15>25%,Q15<=50%,R15<=1)),"High Emerging Reader",IF(OR(AND(Q15>25%,Q15<51%,R15>=2),AND(Q15>50%,Q15<76%,R15<=3)),"Developing Reader",IF(OR(AND(Q15>=51%,Q15<76%,R15>=4),AND(Q15>75%,R15<=5)),"Transitioning Reader",IF(AND(Q15>75%,R15>=6),"Reading At Grade Level","")))),"")),"") -> Transitioning Reader
A16: 6 | B16: =IF('G3 MT Reading Scoresheet'!B16<>"",'G3 MT Reading Scoresheet'!B16,"") -> 117542220012 | C16: =IF('G3 MT Reading Scoresheet'!C16<>"",'G3 MT Reading Scoresheet'!C16,"") -> GO, NEAL XANDRIE, DOMANIEL | D16: =IF('G3 MT Reading Scoresheet'!D16<>"",'G3 MT Reading Scoresheet'!D16,"") -> Male | E16: =IF('G3 MT Reading Scoresheet'!E16<>"",'G3 MT Reading Scoresheet'!E16,"") -> 06/24/2025 | F16: 8 | H16: 8 | I16: =IF(AND(F16="",G16=""),"",IF(F16<7,F16+G16,F16+10+H16)) -> 26 | J16: =IF(I16="","",IF(F16<7,IF(I16<=10,"Full Refresher","Moderate Refresher"),IF(I16<27,"Light Refresher","Grade Ready"))) -> Light Refresher | K16: 1 | L16: 8 | M16: =IF(OR(K16=1,K16=2),IF(K16=1,M$7-L16,$P$7-L16),"") -> 113 | N16: 2 | O16: 25 | P16: =IF(AND(K16>0,M16>0,OR(N16>0,O16>0)),(M16/((N16*60)+O16))*60,"") -> 46.758621 | Q16: =IFERROR(IF(OR(K16=1,K16=2),IF(K16=1,M16/$M$7,M16/$P$7),""),"") -> 0.9338843 | R16: 5 | S16: 3 | T16: Level 2 | U16: =IF(J16<>"",IF(J16="Full Refresher","Low Emerging Reader",IF(AND(K16>0,Q16<>""),IF(OR(Q16<=25%,AND(Q16>25%,Q16<=50%,R16<=1)),"High Emerging Reader",IF(OR(AND(Q16>25%,Q16<51%,R16>=2),AND(Q16>50%,Q16<76%,R16<=3)),"Developing Reader",IF(OR(AND(Q16>=51%,Q16<76%,R16>=4),AND(Q16>75%,R16<=5)),"Transitioning Reader",IF(AND(Q16>75%,R16>=6),"Reading At Grade Level","")))),"")),"") -> Transitioning Reader
A17: 7 | B17: =IF('G3 MT Reading Scoresheet'!B17<>"",'G3 MT Reading Scoresheet'!B17,"") -> 1174432290003 | C17: =IF('G3 MT Reading Scoresheet'!C17<>"",'G3 MT Reading Scoresheet'!C17,"") -> GREGORIO, JOHN MARK, ABELLAR | D17: =IF('G3 MT Reading Scoresheet'!D17<>"",'G3 MT Reading Scoresheet'!D17,"") -> Male | E17: =IF('G3 MT Reading Scoresheet'!E17<>"",'G3 MT Reading Scoresheet'!E17,"") -> 06/24/2025 | F17: 4 | H17: 7 | I17: =IF(AND(F17="",G17=""),"",IF(F17<7,F17+G17,F17+10+H17)) -> 4 | J17: =IF(I17="","",IF(F17<7,IF(I17<=10,"Full Refresher","Moderate Refresher"),IF(I17<27,"Light Refresher","Grade Ready"))) -> Full Refresher | K17: 1 | L17: 50 | M17: =IF(OR(K17=1,K17=2),IF(K17=1,M$7-L17,$P$7-L17),"") -> 71 | N17: 3 | O17: 0 | P17: =IF(AND(K17>0,M17>0,OR(N17>0,O17>0)),(M17/((N17*60)+O17))*60,"") -> 23.666667 | Q17: =IFERROR(IF(OR(K17=1,K17=2),IF(K17=1,M17/$M$7,M17/$P$7),""),"") -> 0.58677686 | R17: 1 | S17: 2 | T17: Level 1 | U17: =IF(J17<>"",IF(J17="Full Refresher","Low Emerging Reader",IF(AND(K17>0,Q17<>""),IF(OR(Q17<=25%,AND(Q17>25%,Q17<=50%,R17<=1)),"High Emerging Reader",IF(OR(AND(Q17>25%,Q17<51%,R17>=2),AND(Q17>50%,Q17<76%,R17<=3)),"Developing Reader",IF(OR(AND(Q17>=51%,Q17<76%,R17>=4),AND(Q17>75%,R17<=5)),"Transitioning Reader",IF(AND(Q17>75%,R17>=6),"Reading At Grade Level","")))),"")),"") -> Low Emerging Reader
A18: 8 | B18: =IF('G3 MT Reading Scoresheet'!B18<>"",'G3 MT Reading Scoresheet'!B18,"") -> 117443220005 | C18: =IF('G3 MT Reading Scoresheet'!C18<>"",'G3 MT Reading Scoresheet'!C18,"") -> JUMBAS, CYREL JAY, BARILLO | D18: =IF('G3 MT Reading Scoresheet'!D18<>"",'G3 MT Reading Scoresheet'!D18,"") -> Male | E18: =IF('G3 MT Reading Scoresheet'!E18<>"",'G3 MT Reading Scoresheet'!E18,"") -> 06/24/2025 | F18: 7 | H18: 8 | I18: =IF(AND(F18="",G18=""),"",IF(F18<7,F18+G18,F18+10+H18)) -> 25 | J18: =IF(I18="","",IF(F18<7,IF(I18<=10,"Full Refresher","Moderate Refresher"),IF(I18<27,"Light Refresher","Grade Ready"))) -> Light Refresher | K18: 1 | L18: 7 | M18: =IF(OR(K18=1,K18=2),IF(K18=1,M$7-L18,$P$7-L18),"") -> 114 | N18: 3 | O18: 0 | P18: =IF(AND(K18>0,M18>0,OR(N18>0,O18>0)),(M18/((N18*60)+O18))*60,"") -> 38 | Q18: =IFERROR(IF(OR(K18=1,K18=2),IF(K18=1,M18/$M$7,M18/$P$7),""),"") -> 0.94214876 | R18: 6 | S18: 4 | T18: Level 1 | U18: =IF(J18<>"",IF(J18="Full Refresher","Low Emerging Reader",IF(AND(K18>0,Q18<>""),IF(OR(Q18<=25%,AND(Q18>25%,Q18<=50%,R18<=1)),"High Emerging Reader",IF(OR(AND(Q18>25%,Q18<51%,R18>=2),AND(Q18>50%,Q18<76%,R18<=3)),"Developing Reader",IF(OR(AND(Q18>=51%,Q18<76%,R18>=4),AND(Q18>75%,R18<=5)),"Transitioning Reader",IF(AND(Q18>75%,R18>=6),"Reading At Grade Level","")))),"")),"") -> Reading At Grade Level
A19: 9 | B19: =IF('G3 MT Reading Scoresheet'!B19<>"",'G3 MT Reading Scoresheet'!B19,"") -> 11744322007 | C19: =IF('G3 MT Reading Scoresheet'!C19<>"",'G3 MT Reading Scoresheet'!C19,"") -> LEMORINAS, ARTHUR, BAYLON | D19: =IF('G3 MT Reading Scoresheet'!D19<>"",'G3 MT Reading Scoresheet'!D19,"") -> Male | E19: =IF('G3 MT Reading Scoresheet'!E19<>"",'G3 MT Reading Scoresheet'!E19,"") -> 06/24/2025 | F19: 4 | G19: 4 | H19: 10 | I19: =IF(AND(F19="",G19=""),"",IF(F19<7,F19+G19,F19+10+H19)) -> 8 | J19: =IF(I19="","",IF(F19<7,IF(I19<=10,"Full Refresher","Moderate Refresher"),IF(I19<27,"Light Refresher","Grade Ready"))) -> Full Refresher | K19: 1 | L19: 50 | M19: =IF(OR(K19=1,K19=2),IF(K19=1,M$7-L19,$P$7-L19),"") -> 71 | N19: 2 | O19: 0 | P19: =IF(AND(K19>0,M19>0,OR(N19>0,O19>0)),(M19/((N19*60)+O19))*60,"") -> 35.5 | Q19: =IFERROR(IF(OR(K19=1,K19=2),IF(K19=1,M19/$M$7,M19/$P$7),""),"") -> 0.58677686 | R19: 7 | S19: 5 | T19: Level 4 | U19: =IF(J19<>"",IF(J19="Full Refresher","Low Emerging Reader",IF(AND(K19>0,Q19<>""),IF(OR(Q19<=25%,AND(Q19>25%,Q19<=50%,R19<=1)),"High Emerging Reader",IF(OR(AND(Q19>25%,Q19<51%,R19>=2),AND(Q19>50%,Q19<76%,R19<=3)),"Developing Reader",IF(OR(AND(Q19>=51%,Q19<76%,R19>=4),AND(Q19>75%,R19<=5)),"Transitioning Reader",IF(AND(Q19>75%,R19>=6),"Reading At Grade Level","")))),"")),"") -> Low Emerging Reader
A20: 10 | B20: =IF('G3 MT Reading Scoresheet'!B20<>"",'G3 MT Reading Scoresheet'!B20,"") -> 117443220008 | C20: =IF('G3 MT Reading Scoresheet'!C20<>"",'G3 MT Reading Scoresheet'!C20,"") -> MARASIGAN, ZHENKIE NATHAN, DELA CRUZ | D20: =IF('G3 MT Reading Scoresheet'!D20<>"",'G3 MT Reading Scoresheet'!D20,"") -> Male | E20: =IF('G3 MT Reading Scoresheet'!E20<>"",'G3 MT Reading Scoresheet'!E20,"") -> 06/24/2025 | F20: 8 | H20: 9 | I20: =IF(AND(F20="",G20=""),"",IF(F20<7,F20+G20,F20+10+H20)) -> 27 | J20: =IF(I20="","",IF(F20<7,IF(I20<=10,"Full Refresher","Moderate Refresher"),IF(I20<27,"Light Refresher","Grade Ready"))) -> Grade Ready | K20: 1 | L20: 29 | M20: =IF(OR(K20=1,K20=2),IF(K20=1,M$7-L20,$P$7-L20),"") -> 92 | N20: 3 | O20: 0 | P20: =IF(AND(K20>0,M20>0,OR(N20>0,O20>0)),(M20/((N20*60)+O20))*60,"") -> 30.666667 | Q20: =IFERROR(IF(OR(K20=1,K20=2),IF(K20=1,M20/$M$7,M20/$P$7),""),"") -> 0.76033058 | R20: 6 | S20: 5 | T20: Level 2 | U20: =IF(J20<>"",IF(J20="Full Refresher","Low Emerging Reader",IF(AND(K20>0,Q20<>""),IF(OR(Q20<=25%,AND(Q20>25%,Q20<=50%,R20<=1)),"High Emerging Reader",IF(OR(AND(Q20>25%,Q20<51%,R20>=2),AND(Q20>50%,Q20<76%,R20<=3)),"Developing Reader",IF(OR(AND(Q20>=51%,Q20<76%,R20>=4),AND(Q20>75%,R20<=5)),"Transitioning Reader",IF(AND(Q20>75%,R20>=6),"Reading At Grade Level","")))),"")),"") -> Reading At Grade Level
A21: 11 | B21: =IF('G3 MT Reading Scoresheet'!B21<>"",'G3 MT Reading Scoresheet'!B21,"") -> 136651220284 | C21: =IF('G3 MT Reading Scoresheet'!C21<>"",'G3 MT Reading Scoresheet'!C21,"") -> ABRINILLO, VERONICA, SIASAT | D21: =IF('G3 MT Reading Scoresheet'!D21<>"",'G3 MT Reading Scoresheet'!D21,"") -> Male | E21: =IF('G3 MT Reading Scoresheet'!E21<>"",'G3 MT Reading Scoresheet'!E21,"") -> 06/24/2025 | F21: 7 | G21: 3 | H21: 3 | I21: =IF(AND(F21="",G21=""),"",IF(F21<7,F21+G21,F21+10+H21)) -> 20 | J21: =IF(I21="","",IF(F21<7,IF(I21<=10,"Full Refresher","Moderate Refresher"),IF(I21<27,"Light Refresher","Grade Ready"))) -> Light Refresher | K21: 1 | L21: 60 | M21: =IF(OR(K21=1,K21=2),IF(K21=1,M$7-L21,$P$7-L21),"") -> 61 | N21: 3 | O21: 0 | P21: =IF(AND(K21>0,M21>0,OR(N21>0,O21>0)),(M21/((N21*60)+O21))*60,"") -> 20.333333 | Q21: =IFERROR(IF(OR(K21=1,K21=2),IF(K21=1,M21/$M$7,M21/$P$7),""),"") -> 0.50413223 | R21: 1 | S21: 2 | T21: Level 1 | U21: =IF(J21<>"",IF(J21="Full Refresher","Low Emerging Reader",IF(AND(K21>0,Q21<>""),IF(OR(Q21<=25%,AND(Q21>25%,Q21<=50%,R21<=1)),"High Emerging Reader",IF(OR(AND(Q21>25%,Q21<51%,R21>=2),AND(Q21>50%,Q21<76%,R21<=3)),"Developing Reader",IF(OR(AND(Q21>=51%,Q21<76%,R21>=4),AND(Q21>75%,R21<=5)),"Transitioning Reader",IF(AND(Q21>75%,R21>=6),"Reading At Grade Level","")))),"")),"") -> Developing Reader
A22: 12 | B22: =IF('G3 MT Reading Scoresheet'!B22<>"",'G3 MT Reading Scoresheet'!B22,"") -> 117443220019 | C22: =IF('G3 MT Reading Scoresheet'!C22<>"",'G3 MT Reading Scoresheet'!C22,"") -> CARDINAL,KISHIA,- | D22: =IF('G3 MT Reading Scoresheet'!D22<>"",'G3 MT Reading Scoresheet'!D22,"") -> Female | E22: =IF('G3 MT Reading Scoresheet'!E22<>"",'G3 MT Reading Scoresheet'!E22,"") -> 06/24/2025 | F22: 9 | H22: 10 | I22: =IF(AND(F22="",G22=""),"",IF(F22<7,F22+G22,F22+10+H22)) -> 29 | J22: =IF(I22="","",IF(F22<7,IF(I22<=10,"Full Refresher","Moderate Refresher"),IF(I22<27,"Light Refresher","Grade Ready"))) -> Grade Ready | K22: 1 | L22: 15 | M22: =IF(OR(K22=1,K22=2),IF(K22=1,M$7-L22,$P$7-L22),"") -> 106 | N22: 3 | O22: 0 | P22: =IF(AND(K22>0,M22>0,OR(N22>0,O22>0)),(M22/((N22*60)+O22))*60,"") -> 35.333333 | Q22: =IFERROR(IF(OR(K22=1,K22=2),IF(K22=1,M22/$M$7,M22/$P$7),""),"") -> 0.87603306 | R22: 6 | S22: 3 | T22: Level 2 | U22: =IF(J22<>"",IF(J22="Full Refresher","Low Emerging Reader",IF(AND(K22>0,Q22<>""),IF(OR(Q22<=25%,AND(Q22>25%,Q22<=50%,R22<=1)),"High Emerging Reader",IF(OR(AND(Q22>25%,Q22<51%,R22>=2),AND(Q22>50%,Q22<76%,R22<=3)),"Developing Reader",IF(OR(AND(Q22>=51%,Q22<76%,R22>=4),AND(Q22>75%,R22<=5)),"Transitioning Reader",IF(AND(Q22>75%,R22>=6),"Reading At Grade Level","")))),"")),"") -> Reading At Grade Level
A23: 13 | B23: =IF('G3 MT Reading Scoresheet'!B23<>"",'G3 MT Reading Scoresheet'!B23,"") -> 117443220009 | C23: =IF('G3 MT Reading Scoresheet'!C23<>"",'G3 MT Reading Scoresheet'!C23,"") -> CARDINAL, LEXIE, SUNDAYON | D23: =IF('G3 MT Reading Scoresheet'!D23<>"",'G3 MT Reading Scoresheet'!D23,"") -> Female | E23: =IF('G3 MT Reading Scoresheet'!E23<>"",'G3 MT Reading Scoresheet'!E23,"") -> 45721 | F23: 10 | H23: 10 | I23: =IF(AND(F23="",G23=""),"",IF(F23<7,F23+G23,F23+10+H23)) -> 30 | J23: =IF(I23="","",IF(F23<7,IF(I23<=10,"Full Refresher","Moderate Refresher"),IF(I23<27,"Light Refresher","Grade Ready"))) -> Grade Ready | K23: 1 | L23: 2 | M23: =IF(OR(K23=1,K23=2),IF(K23=1,M$7-L23,$P$7-L23),"") -> 119 | N23: 1 | O23: 40 | P23: =IF(AND(K23>0,M23>0,OR(N23>0,O23>0)),(M23/((N23*60)+O23))*60,"") -> 71.4 | Q23: =IFERROR(IF(OR(K23=1,K23=2),IF(K23=1,M23/$M$7,M23/$P$7),""),"") -> 0.98347107 | R23: 7 | S23: 5 | T23: Level 4 | U23: =IF(J23<>"",IF(J23="Full Refresher","Low Emerging Reader",IF(AND(K23>0,Q23<>""),IF(OR(Q23<=25%,AND(Q23>25%,Q23<=50%,R23<=1)),"High Emerging Reader",IF(OR(AND(Q23>25%,Q23<51%,R23>=2),AND(Q23>50%,Q23<76%,R23<=3)),"Developing Reader",IF(OR(AND(Q23>=51%,Q23<76%,R23>=4),AND(Q23>75%,R23<=5)),"Transitioning Reader",IF(AND(Q23>75%,R23>=6),"Reading At Grade Level","")))),"")),"") -> Reading At Grade Level
A24: 14 | B24: =IF('G3 MT Reading Scoresheet'!B24<>"",'G3 MT Reading Scoresheet'!B24,"") | C24: =IF('G3 MT Reading Scoresheet'!C24<>"",'G3 MT Reading Scoresheet'!C24,"") -> DIONSON, AIRA, BAUTISTA | D24: =IF('G3 MT Reading Scoresheet'!D24<>"",'G3 MT Reading Scoresheet'!D24,"") -> Female | E24: =IF('G3 MT Reading Scoresheet'!E24<>"",'G3 MT Reading Scoresheet'!E24,"") -> 45721 | F24: 2 | G24: 5 | H24: 10 | I24: =IF(AND(F24="",G24=""),"",IF(F24<7,F24+G24,F24+10+H24)) -> 7 | J24: =IF(I24="","",IF(F24<7,IF(I24<=10,"Full Refresher","Moderate Refresher"),IF(I24<27,"Light Refresher","Grade Ready"))) -> Full Refresher | K24: 1 | L24: 1 | M24: =IF(OR(K24=1,K24=2),IF(K24=1,M$7-L24,$P$7-L24),"") -> 120 | N24: 1 | O24: 33 | P24: =IF(AND(K24>0,M24>0,OR(N24>0,O24>0)),(M24/((N24*60)+O24))*60,"") -> 77.419355 | Q24: =IFERROR(IF(OR(K24=1,K24=2),IF(K24=1,M24/$M$7,M24/$P$7),""),"") -> 0.99173554 | R24: 6 | S24: 5 | T24: Level 4 | U24: =IF(J24<>"",IF(J24="Full Refresher","Low Emerging Reader",IF(AND(K24>0,Q24<>""),IF(OR(Q24<=25%,AND(Q24>25%,Q24<=50%,R24<=1)),"High Emerging Reader",IF(OR(AND(Q24>25%,Q24<51%,R24>=2),AND(Q24>50%,Q24<76%,R24<=3)),"Developing Reader",IF(OR(AND(Q24>=51%,Q24<76%,R24>=4),AND(Q24>75%,R24<=5)),"Transitioning Reader",IF(AND(Q24>75%,R24>=6),"Reading At Grade Level","")))),"")),"") -> Low Emerging Reader
A25: 15 | B25: =IF('G3 MT Reading Scoresheet'!B25<>"",'G3 MT Reading Scoresheet'!B25,"") | C25: =IF('G3 MT Reading Scoresheet'!C25<>"",'G3 MT Reading Scoresheet'!C25,"") -> ESTOCADA, ANGEL, E. | D25: =IF('G3 MT Reading Scoresheet'!D25<>"",'G3 MT Reading Scoresheet'!D25,"") -> Female | E25: =IF('G3 MT Reading Scoresheet'!E25<>"",'G3 MT Reading Scoresheet'!E25,"") -> 45721 | F25: 8 | H25: 10 | I25: =IF(AND(F25="",G25=""),"",IF(F25<7,F25+G25,F25+10+H25)) -> 28 | J25: =IF(I25="","",IF(F25<7,IF(I25<=10,"Full Refresher","Moderate Refresher"),IF(I25<27,"Light Refresher","Grade Ready"))) -> Grade Ready | K25: 1 | L25: 0 | M25: =IF(OR(K25=1,K25=2),IF(K25=1,M$7-L25,$P$7-L25),"") -> 121 | N25: 1 | O25: 35 | P25: =IF(AND(K25>0,M25>0,OR(N25>0,O25>0)),(M25/((N25*60)+O25))*60,"") -> 76.421053 | Q25: =IFERROR(IF(OR(K25=1,K25=2),IF(K25=1,M25/$M$7,M25/$P$7),""),"") -> 1 | R25: 7 | S25: 5 | T25: Level 4 | U25: =IF(J25<>"",IF(J25="Full Refresher","Low Emerging Reader",IF(AND(K25>0,Q25<>""),IF(OR(Q25<=25%,AND(Q25>25%,Q25<=50%,R25<=1)),"High Emerging Reader",IF(OR(AND(Q25>25%,Q25<51%,R25>=2),AND(Q25>50%,Q25<76%,R25<=3)),"Developing Reader",IF(OR(AND(Q25>=51%,Q25<76%,R25>=4),AND(Q25>75%,R25<=5)),"Transitioning Reader",IF(AND(Q25>75%,R25>=6),"Reading At Grade Level","")))),"")),"") -> Reading At Grade Level
A26: 16 | B26: =IF('G3 MT Reading Scoresheet'!B26<>"",'G3 MT Reading Scoresheet'!B26,"") -> 117443220010 | C26: =IF('G3 MT Reading Scoresheet'!C26<>"",'G3 MT Reading Scoresheet'!C26,"") -> ESTOCADA, GENYZA, BACARO | D26: =IF('G3 MT Reading Scoresheet'!D26<>"",'G3 MT Reading Scoresheet'!D26,"") -> Female | E26: =IF('G3 MT Reading Scoresheet'!E26<>"",'G3 MT Reading Scoresheet'!E26,"") -> 45721 | F26: 10 | H26: 10 | I26: =IF(AND(F26="",G26=""),"",IF(F26<7,F26+G26,F26+10+H26)) -> 30 | J26: =IF(I26="","",IF(F26<7,IF(I26<=10,"Full Refresher","Moderate Refresher"),IF(I26<27,"Light Refresher","Grade Ready"))) -> Grade Ready | K26: 1 | L26: 15 | M26: =IF(OR(K26=1,K26=2),IF(K26=1,M$7-L26,$P$7-L26),"") -> 106 | N26: 3 | O26: 0 | P26: =IF(AND(K26>0,M26>0,OR(N26>0,O26>0)),(M26/((N26*60)+O26))*60,"") -> 35.333333 | Q26: =IFERROR(IF(OR(K26=1,K26=2),IF(K26=1,M26/$M$7,M26/$P$7),""),"") -> 0.87603306 | R26: 6 | S26: 4 | T26: Level 2 | U26: =IF(J26<>"",IF(J26="Full Refresher","Low Emerging Reader",IF(AND(K26>0,Q26<>""),IF(OR(Q26<=25%,AND(Q26>25%,Q26<=50%,R26<=1)),"High Emerging Reader",IF(OR(AND(Q26>25%,Q26<51%,R26>=2),AND(Q26>50%,Q26<76%,R26<=3)),"Developing Reader",IF(OR(AND(Q26>=51%,Q26<76%,R26>=4),AND(Q26>75%,R26<=5)),"Transitioning Reader",IF(AND(Q26>75%,R26>=6),"Reading At Grade Level","")))),"")),"") -> Reading At Grade Level
A27: 17 | B27: =IF('G3 MT Reading Scoresheet'!B27<>"",'G3 MT Reading Scoresheet'!B27,"") | C27: =IF('G3 MT Reading Scoresheet'!C27<>"",'G3 MT Reading Scoresheet'!C27,"") -> ESTOCADA, JERCEL JANE, SIASAT | D27: =IF('G3 MT Reading Scoresheet'!D27<>"",'G3 MT Reading Scoresheet'!D27,"") -> Female | E27: =IF('G3 MT Reading Scoresheet'!E27<>"",'G3 MT Reading Scoresheet'!E27,"") -> 45722 | F27: 10 | H27: 10 | I27: =IF(AND(F27="",G27=""),"",IF(F27<7,F27+G27,F27+10+H27)) -> 30 | J27: =IF(I27="","",IF(F27<7,IF(I27<=10,"Full Refresher","Moderate Refresher"),IF(I27<27,"Light Refresher","Grade Ready"))) -> Grade Ready | K27: 1 | L27: 1 | M27: =IF(OR(K27=1,K27=2),IF(K27=1,M$7-L27,$P$7-L27),"") -> 120 | N27: 2 | O27: 32 | P27: =IF(AND(K27>0,M27>0,OR(N27>0,O27>0)),(M27/((N27*60)+O27))*60,"") -> 47.368421 | Q27: =IFERROR(IF(OR(K27=1,K27=2),IF(K27=1,M27/$M$7,M27/$P$7),""),"") -> 0.99173554 | R27: 6 | S27: 5 | T27: Level 4 | U27: =IF(J27<>"",IF(J27="Full Refresher","Low Emerging Reader",IF(AND(K27>0,Q27<>""),IF(OR(Q27<=25%,AND(Q27>25%,Q27<=50%,R27<=1)),"High Emerging Reader",IF(OR(AND(Q27>25%,Q27<51%,R27>=2),AND(Q27>50%,Q27<76%,R27<=3)),"Developing Reader",IF(OR(AND(Q27>=51%,Q27<76%,R27>=4),AND(Q27>75%,R27<=5)),"Transitioning Reader",IF(AND(Q27>75%,R27>=6),"Reading At Grade Level","")))),"")),"") -> Reading At Grade Level
A28: 18 | B28: =IF('G3 MT Reading Scoresheet'!B28<>"",'G3 MT Reading Scoresheet'!B28,"") -> 1206372200024 | C28: =IF('G3 MT Reading Scoresheet'!C28<>"",'G3 MT Reading Scoresheet'!C28,"") -> ESTOCADA, REANNA, LLAGOSO | D28: =IF('G3 MT Reading Scoresheet'!D28<>"",'G3 MT Reading Scoresheet'!D28,"") -> Female | E28: =IF('G3 MT Reading Scoresheet'!E28<>"",'G3 MT Reading Scoresheet'!E28,"") -> 45722 | F28: 10 | H28: 10 | I28: =IF(AND(F28="",G28=""),"",IF(F28<7,F28+G28,F28+10+H28)) -> 30 | J28: =IF(I28="","",IF(F28<7,IF(I28<=10,"Full Refresher","Moderate Refresher"),IF(I28<27,"Light Refresher","Grade Ready"))) -> Grade Ready | K28: 1 | L28: 3 | M28: =IF(OR(K28=1,K28=2),IF(K28=1,M$7-L28,$P$7-L28),"") -> 118 | N28: 1 | O28: 35 | P28: =IF(AND(K28>0,M28>0,OR(N28>0,O28>0)),(M28/((N28*60)+O28))*60,"") -> 74.526316 | Q28: =IFERROR(IF(OR(K28=1,K28=2),IF(K28=1,M28/$M$7,M28/$P$7),""),"") -> 0.97520661 | R28: 6 | S28: 5 | T28: Level 3 | U28: =IF(J28<>"",IF(J28="Full Refresher","Low Emerging Reader",IF(AND(K28>0,Q28<>""),IF(OR(Q28<=25%,AND(Q28>25%,Q28<=50%,R28<=1)),"High Emerging Reader",IF(OR(AND(Q28>25%,Q28<51%,R28>=2),AND(Q28>50%,Q28<76%,R28<=3)),"Developing Reader",IF(OR(AND(Q28>=51%,Q28<76%,R28>=4),AND(Q28>75%,R28<=5)),"Transitioning Reader",IF(AND(Q28>75%,R28>=6),"Reading At Grade Level","")))),"")),"") -> Reading At Grade Level
A29: 19 | B29: =IF('G3 MT Reading Scoresheet'!B29<>"",'G3 MT Reading Scoresheet'!B29,"") -> 117443220012 | C29: =IF('G3 MT Reading Scoresheet'!C29<>"",'G3 MT Reading Scoresheet'!C29,"") -> ESTOCADA, RHEAN SHAN, DEMAFILES | D29: =IF('G3 MT Reading Scoresheet'!D29<>"",'G3 MT Reading Scoresheet'!D29,"") -> Female | E29: =IF('G3 MT Reading Scoresheet'!E29<>"",'G3 MT Reading Scoresheet'!E29,"") -> 45722 | F29: 7 | G29: 4 | H29: 4 | I29: =IF(AND(F29="",G29=""),"",IF(F29<7,F29+G29,F29+10+H29)) -> 21 | J29: =IF(I29="","",IF(F29<7,IF(I29<=10,"Full Refresher","Moderate Refresher"),IF(I29<27,"Light Refresher","Grade Ready"))) -> Light Refresher | K29: 1 | L29: 56 | M29: =IF(OR(K29=1,K29=2),IF(K29=1,M$7-L29,$P$7-L29),"") -> 65 | N29: 3 | O29: 0 | P29: =IF(AND(K29>0,M29>0,OR(N29>0,O29>0)),(M29/((N29*60)+O29))*60,"") -> 21.666667 | Q29: =IFERROR(IF(OR(K29=1,K29=2),IF(K29=1,M29/$M$7,M29/$P$7),""),"") -> 0.53719008 | R29: 2 | S29: 2 | T29: Level 1 | U29: =IF(J29<>"",IF(J29="Full Refresher","Low Emerging Reader",IF(AND(K29>0,Q29<>""),IF(OR(Q29<=25%,AND(Q29>25%,Q29<=50%,R29<=1)),"High Emerging Reader",IF(OR(AND(Q29>25%,Q29<51%,R29>=2),AND(Q29>50%,Q29<76%,R29<=3)),"Developing Reader",IF(OR(AND(Q29>=51%,Q29<76%,R29>=4),AND(Q29>75%,R29<=5)),"Transitioning Reader",IF(AND(Q29>75%,R29>=6),"Reading At Grade Level","")))),"")),"") -> Developing Reader
A30: 20 | B30: =IF('G3 MT Reading Scoresheet'!B30<>"",'G3 MT Reading Scoresheet'!B30,"") -> 117443220020 | C30: =IF('G3 MT Reading Scoresheet'!C30<>"",'G3 MT Reading Scoresheet'!C30,"") -> LABANZA, HOPE ANGELAINE,- | D30: =IF('G3 MT Reading Scoresheet'!D30<>"",'G3 MT Reading Scoresheet'!D30,"") -> Female | E30: =IF('G3 MT Reading Scoresheet'!E30<>"",'G3 MT Reading Scoresheet'!E30,"") -> 45722 | F30: 10 | H30: 8 | I30: =IF(AND(F30="",G30=""),"",IF(F30<7,F30+G30,F30+10+H30)) -> 28 | J30: =IF(I30="","",IF(F30<7,IF(I30<=10,"Full Refresher","Moderate Refresher"),IF(I30<27,"Light Refresher","Grade Ready"))) -> Grade Ready | K30: 1 | L30: 15 | M30: =IF(OR(K30=1,K30=2),IF(K30=1,M$7-L30,$P$7-L30),"") -> 106 | N30: 3 | O30: 0 | P30: =IF(AND(K30>0,M30>0,OR(N30>0,O30>0)),(M30/((N30*60)+O30))*60,"") -> 35.333333 | Q30: =IFERROR(IF(OR(K30=1,K30=2),IF(K30=1,M30/$M$7,M30/$P$7),""),"") -> 0.87603306 | R30: 6 | S30: 4 | T30: Level 2 | U30: =IF(J30<>"",IF(J30="Full Refresher","Low Emerging Reader",IF(AND(K30>0,Q30<>""),IF(OR(Q30<=25%,AND(Q30>25%,Q30<=50%,R30<=1)),"High Emerging Reader",IF(OR(AND(Q30>25%,Q30<51%,R30>=2),AND(Q30>50%,Q30<76%,R30<=3)),"Developing Reader",IF(OR(AND(Q30>=51%,Q30<76%,R30>=4),AND(Q30>75%,R30<=5)),"Transitioning Reader",IF(AND(Q30>75%,R30>=6),"Reading At Grade Level","")))),"")),"") -> Reading At Grade Level
A31: 21 | B31: =IF('G3 MT Reading Scoresheet'!B31<>"",'G3 MT Reading Scoresheet'!B31,"") | C31: =IF('G3 MT Reading Scoresheet'!C31<>"",'G3 MT Reading Scoresheet'!C31,"") -> LABANZA, JESEL, PARBA | D31: =IF('G3 MT Reading Scoresheet'!D31<>"",'G3 MT Reading Scoresheet'!D31,"") -> Female | E31: =IF('G3 MT Reading Scoresheet'!E31<>"",'G3 MT Reading Scoresheet'!E31,"") -> 45722 | F31: 8 | H31: 8 | I31: =IF(AND(F31="",G31=""),"",IF(F31<7,F31+G31,F31+10+H31)) -> 26 | J31: =IF(I31="","",IF(F31<7,IF(I31<=10,"Full Refresher","Moderate Refresher"),IF(I31<27,"Light Refresher","Grade Ready"))) -> Light Refresher | K31: 1 | L31: 7 | M31: =IF(OR(K31=1,K31=2),IF(K31=1,M$7-L31,$P$7-L31),"") -> 114 | N31: 2 | O31: 26 | P31: =IF(AND(K31>0,M31>0,OR(N31>0,O31>0)),(M31/((N31*60)+O31))*60,"") -> 46.849315 | Q31: =IFERROR(IF(OR(K31=1,K31=2),IF(K31=1,M31/$M$7,M31/$P$7),""),"") -> 0.94214876 | R31: 6 | S31: 5 | T31: Level 3 | U31: =IF(J31<>"",IF(J31="Full Refresher","Low Emerging Reader",IF(AND(K31>0,Q31<>""),IF(OR(Q31<=25%,AND(Q31>25%,Q31<=50%,R31<=1)),"High Emerging Reader",IF(OR(AND(Q31>25%,Q31<51%,R31>=2),AND(Q31>50%,Q31<76%,R31<=3)),"Developing Reader",IF(OR(AND(Q31>=51%,Q31<76%,R31>=4),AND(Q31>75%,R31<=5)),"Transitioning Reader",IF(AND(Q31>75%,R31>=6),"Reading At Grade Level","")))),"")),"") -> Reading At Grade Level
A32: 22 | B32: =IF('G3 MT Reading Scoresheet'!B32<>"",'G3 MT Reading Scoresheet'!B32,"") | C32: =IF('G3 MT Reading Scoresheet'!C32<>"",'G3 MT Reading Scoresheet'!C32,"") -> LANOJAN, JASHLYN KATE, JADIA | D32: =IF('G3 MT Reading Scoresheet'!D32<>"",'G3 MT Reading Scoresheet'!D32,"") -> Female | E32: =IF('G3 MT Reading Scoresheet'!E32<>"",'G3 MT Reading Scoresheet'!E32,"") -> 45722 | F32: 10 | H32: 10 | I32: =IF(AND(F32="",G32=""),"",IF(F32<7,F32+G32,F32+10+H32)) -> 30 | J32: =IF(I32="","",IF(F32<7,IF(I32<=10,"Full Refresher","Moderate Refresher"),IF(I32<27,"Light Refresher","Grade Ready"))) -> Grade Ready | K32: 1 | L32: 1 | M32: =IF(OR(K32=1,K32=2),IF(K32=1,M$7-L32,$P$7-L32),"") -> 120 | N32: 1 | O32: 38 | P32: =IF(AND(K32>0,M32>0,OR(N32>0,O32>0)),(M32/((N32*60)+O32))*60,"") -> 73.469388 | Q32: =IFERROR(IF(OR(K32=1,K32=2),IF(K32=1,M32/$M$7,M32/$P$7),""),"") -> 0.99173554 | R32: 6 | S32: 5 | T32: Level 4 | U32: =IF(J32<>"",IF(J32="Full Refresher","Low Emerging Reader",IF(AND(K32>0,Q32<>""),IF(OR(Q32<=25%,AND(Q32>25%,Q32<=50%,R32<=1)),"High Emerging Reader",IF(OR(AND(Q32>25%,Q32<51%,R32>=2),AND(Q32>50%,Q32<76%,R32<=3)),"Developing Reader",IF(OR(AND(Q32>=51%,Q32<76%,R32>=4),AND(Q32>75%,R32<=5)),"Transitioning Reader",IF(AND(Q32>75%,R32>=6),"Reading At Grade Level","")))),"")),"") -> Reading At Grade Level
A33: 23 | B33: =IF('G3 MT Reading Scoresheet'!B33<>"",'G3 MT Reading Scoresheet'!B33,"") -> 117443220015 | C33: =IF('G3 MT Reading Scoresheet'!C33<>"",'G3 MT Reading Scoresheet'!C33,"") -> MANGUBAT, AMARAH DENISE, LABANZA | D33: =IF('G3 MT Reading Scoresheet'!D33<>"",'G3 MT Reading Scoresheet'!D33,"") -> Female | E33: =IF('G3 MT Reading Scoresheet'!E33<>"",'G3 MT Reading Scoresheet'!E33,"") -> 06/24/2025 | F33: 7 | H33: 7 | I33: =IF(AND(F33="",G33=""),"",IF(F33<7,F33+G33,F33+10+H33)) -> 24 | J33: =IF(I33="","",IF(F33<7,IF(I33<=10,"Full Refresher","Moderate Refresher"),IF(I33<27,"Light Refresher","Grade Ready"))) -> Light Refresher | K33: 1 | L33: 8 | M33: =IF(OR(K33=1,K33=2),IF(K33=1,M$7-L33,$P$7-L33),"") -> 113 | N33: 2 | O33: 30 | P33: =IF(AND(K33>0,M33>0,OR(N33>0,O33>0)),(M33/((N33*60)+O33))*60,"") -> 45.2 | Q33: =IFERROR(IF(OR(K33=1,K33=2),IF(K33=1,M33/$M$7,M33/$P$7),""),"") -> 0.9338843 | R33: 5 | S33: 5 | T33: Level 3 | U33: =IF(J33<>"",IF(J33="Full Refresher","Low Emerging Reader",IF(AND(K33>0,Q33<>""),IF(OR(Q33<=25%,AND(Q33>25%,Q33<=50%,R33<=1)),"High Emerging Reader",IF(OR(AND(Q33>25%,Q33<51%,R33>=2),AND(Q33>50%,Q33<76%,R33<=3)),"Developing Reader",IF(OR(AND(Q33>=51%,Q33<76%,R33>=4),AND(Q33>75%,R33<=5)),"Transitioning Reader",IF(AND(Q33>75%,R33>=6),"Reading At Grade Level","")))),"")),"") -> Transitioning Reader
A34: 24 | B34: =IF('G3 MT Reading Scoresheet'!B34<>"",'G3 MT Reading Scoresheet'!B34,"") -> 117443220016 | C34: =IF('G3 MT Reading Scoresheet'!C34<>"",'G3 MT Reading Scoresheet'!C34,"") -> SUMOLAY, GRACE ANN, ESPARTERO | D34: =IF('G3 MT Reading Scoresheet'!D34<>"",'G3 MT Reading Scoresheet'!D34,"") -> Female | E34: =IF('G3 MT Reading Scoresheet'!E34<>"",'G3 MT Reading Scoresheet'!E34,"") -> 06/24/2025 | F34: 10 | H34: 10 | I34: =IF(AND(F34="",G34=""),"",IF(F34<7,F34+G34,F34+10+H34)) -> 30 | J34: =IF(I34="","",IF(F34<7,IF(I34<=10,"Full Refresher","Moderate Refresher"),IF(I34<27,"Light Refresher","Grade Ready"))) -> Grade Ready | K34: 1 | L34: 4 | M34: =IF(OR(K34=1,K34=2),IF(K34=1,M$7-L34,$P$7-L34),"") -> 117 | N34: 2 | P34: =IF(AND(K34>0,M34>0,OR(N34>0,O34>0)),(M34/((N34*60)+O34))*60,"") -> 58.5 | Q34: =IFERROR(IF(OR(K34=1,K34=2),IF(K34=1,M34/$M$7,M34/$P$7),""),"") -> 0.96694215 | R34: 6 | S34: 5 | T34: Level 4 | U34: =IF(J34<>"",IF(J34="Full Refresher","Low Emerging Reader",IF(AND(K34>0,Q34<>""),IF(OR(Q34<=25%,AND(Q34>25%,Q34<=50%,R34<=1)),"High Emerging Reader",IF(OR(AND(Q34>25%,Q34<51%,R34>=2),AND(Q34>50%,Q34<76%,R34<=3)),"Developing Reader",IF(OR(AND(Q34>=51%,Q34<76%,R34>=4),AND(Q34>75%,R34<=5)),"Transitioning Reader",IF(AND(Q34>75%,R34>=6),"Reading At Grade Level","")))),"")),"") -> Reading At Grade Level
A35: 25 | B35: =IF('G3 MT Reading Scoresheet'!B35<>"",'G3 MT Reading Scoresheet'!B35,"") -> 117692220048 | C35: =IF('G3 MT Reading Scoresheet'!C35<>"",'G3 MT Reading Scoresheet'!C35,"") -> TAPIC, KYZYL ZYNN MJ,- | D35: =IF('G3 MT Reading Scoresheet'!D35<>"",'G3 MT Reading Scoresheet'!D35,"") -> Female | E35: =IF('G3 MT Reading Scoresheet'!E35<>"",'G3 MT Reading Scoresheet'!E35,"") -> 06/24/2025 | F35: 9 | H35: 7 | I35: =IF(AND(F35="",G35=""),"",IF(F35<7,F35+G35,F35+10+H35)) -> 26 | J35: =IF(I35="","",IF(F35<7,IF(I35<=10,"Full Refresher","Moderate Refresher"),IF(I35<27,"Light Refresher","Grade Ready"))) -> Light Refresher | K35: 1 | L35: 10 | M35: =IF(OR(K35=1,K35=2),IF(K35=1,M$7-L35,$P$7-L35),"") -> 111 | N35: 3 | O35: 10 | P35: =IF(AND(K35>0,M35>0,OR(N35>0,O35>0)),(M35/((N35*60)+O35))*60,"") -> 35.052632 | Q35: =IFERROR(IF(OR(K35=1,K35=2),IF(K35=1,M35/$M$7,M35/$P$7),""),"") -> 0.91735537 | R35: 5 | S35: 5 | T35: Level 3 | U35: =IF(J35<>"",IF(J35="Full Refresher","Low Emerging Reader",IF(AND(K35>0,Q35<>""),IF(OR(Q35<=25%,AND(Q35>25%,Q35<=50%,R35<=1)),"High Emerging Reader",IF(OR(AND(Q35>25%,Q35<51%,R35>=2),AND(Q35>50%,Q35<76%,R35<=3)),"Developing Reader",IF(OR(AND(Q35>=51%,Q35<76%,R35>=4),AND(Q35>75%,R35<=5)),"Transitioning Reader",IF(AND(Q35>75%,R35>=6),"Reading At Grade Level","")))),"")),"") -> Transitioning Reader
A36: 26 | B36: =IF('G3 MT Reading Scoresheet'!B36<>"",'G3 MT Reading Scoresheet'!B36,"") | C36: =IF('G3 MT Reading Scoresheet'!C36<>"",'G3 MT Reading Scoresheet'!C36,"") | D36: =IF('G3 MT Reading Scoresheet'!D36<>"",'G3 MT Reading Scoresheet'!D36,"") | E36: =IF('G3 MT Reading Scoresheet'!E36<>"",'G3 MT Reading Scoresheet'!E36,"") | I36: =IF(AND(F36="",G36=""),"",IF(F36<7,F36+G36,F36+10+H36)) | J36: =IF(I36="","",IF(F36<7,IF(I36<=10,"Full Refresher","Moderate Refresher"),IF(I36<27,"Light Refresher","Grade Ready"))) | M36: =IF(OR(K36=1,K36=2),IF(K36=1,M$7-L36,$P$7-L36),"") | P36: =IF(AND(K36>0,M36>0,OR(N36>0,O36>0)),(M36/((N36*60)+O36))*60,"") | Q36: =IFERROR(IF(OR(K36=1,K36=2),IF(K36=1,M36/$M$7,M36/$P$7),""),"") | U36: =IF(J36<>"",IF(J36="Full Refresher","Low Emerging Reader",IF(AND(K36>0,Q36<>""),IF(OR(Q36<=25%,AND(Q36>25%,Q36<=50%,R36<=1)),"High Emerging Reader",IF(OR(AND(Q36>25%,Q36<51%,R36>=2),AND(Q36>50%,Q36<76%,R36<=3)),"Developing Reader",IF(OR(AND(Q36>=51%,Q36<76%,R36>=4),AND(Q36>75%,R36<=5)),"Transitioning Reader",IF(AND(Q36>75%,R36>=6),"Reading At Grade Level","")))),"")),"")
A37: 27 | B37: =IF('G3 MT Reading Scoresheet'!B37<>"",'G3 MT Reading Scoresheet'!B37,"") | C37: =IF('G3 MT Reading Scoresheet'!C37<>"",'G3 MT Reading Scoresheet'!C37,"") | D37: =IF('G3 MT Reading Scoresheet'!D37<>"",'G3 MT Reading Scoresheet'!D37,"") | E37: =IF('G3 MT Reading Scoresheet'!E37<>"",'G3 MT Reading Scoresheet'!E37,"") | I37: =IF(AND(F37="",G37=""),"",IF(F37<7,F37+G37,F37+10+H37)) | J37: =IF(I37="","",IF(F37<7,IF(I37<=10,"Full Refresher","Moderate Refresher"),IF(I37<27,"Light Refresher","Grade Ready"))) | M37: =IF(OR(K37=1,K37=2),IF(K37=1,M$7-L37,$P$7-L37),"") | P37: =IF(AND(K37>0,M37>0,OR(N37>0,O37>0)),(M37/((N37*60)+O37))*60,"") | Q37: =IFERROR(IF(OR(K37=1,K37=2),IF(K37=1,M37/$M$7,M37/$P$7),""),"") | U37: =IF(J37<>"",IF(J37="Full Refresher","Low Emerging Reader",IF(AND(K37>0,Q37<>""),IF(OR(Q37<=25%,AND(Q37>25%,Q37<=50%,R37<=1)),"High Emerging Reader",IF(OR(AND(Q37>25%,Q37<51%,R37>=2),AND(Q37>50%,Q37<76%,R37<=3)),"Developing Reader",IF(OR(AND(Q37>=51%,Q37<76%,R37>=4),AND(Q37>75%,R37<=5)),"Transitioning Reader",IF(AND(Q37>75%,R37>=6),"Reading At Grade Level","")))),"")),"")
A38: 28 | B38: =IF('G3 MT Reading Scoresheet'!B38<>"",'G3 MT Reading Scoresheet'!B38,"") | C38: =IF('G3 MT Reading Scoresheet'!C38<>"",'G3 MT Reading Scoresheet'!C38,"") | D38: =IF('G3 MT Reading Scoresheet'!D38<>"",'G3 MT Reading Scoresheet'!D38,"") | E38: =IF('G3 MT Reading Scoresheet'!E38<>"",'G3 MT Reading Scoresheet'!E38,"") | I38: =IF(AND(F38="",G38=""),"",IF(F38<7,F38+G38,F38+10+H38)) | J38: =IF(I38="","",IF(F38<7,IF(I38<=10,"Full Refresher","Moderate Refresher"),IF(I38<27,"Light Refresher","Grade Ready"))) | M38: =IF(OR(K38=1,K38=2),IF(K38=1,M$7-L38,$P$7-L38),"") | P38: =IF(AND(K38>0,M38>0,OR(N38>0,O38>0)),(M38/((N38*60)+O38))*60,"") | Q38: =IFERROR(IF(OR(K38=1,K38=2),IF(K38=1,M38/$M$7,M38/$P$7),""),"") | U38: =IF(J38<>"",IF(J38="Full Refresher","Low Emerging Reader",IF(AND(K38>0,Q38<>""),IF(OR(Q38<=25%,AND(Q38>25%,Q38<=50%,R38<=1)),"High Emerging Reader",IF(OR(AND(Q38>25%,Q38<51%,R38>=2),AND(Q38>50%,Q38<76%,R38<=3)),"Developing Reader",IF(OR(AND(Q38>=51%,Q38<76%,R38>=4),AND(Q38>75%,R38<=5)),"Transitioning Reader",IF(AND(Q38>75%,R38>=6),"Reading At Grade Level","")))),"")),"")
A39: 29 | B39: =IF('G3 MT Reading Scoresheet'!B39<>"",'G3 MT Reading Scoresheet'!B39,"") | C39: =IF('G3 MT Reading Scoresheet'!C39<>"",'G3 MT Reading Scoresheet'!C39,"") | D39: =IF('G3 MT Reading Scoresheet'!D39<>"",'G3 MT Reading Scoresheet'!D39,"") | E39: =IF('G3 MT Reading Scoresheet'!E39<>"",'G3 MT Reading Scoresheet'!E39,"") | I39: =IF(AND(F39="",G39=""),"",IF(F39<7,F39+G39,F39+10+H39)) | J39: =IF(I39="","",IF(F39<7,IF(I39<=10,"Full Refresher","Moderate Refresher"),IF(I39<27,"Light Refresher","Grade Ready"))) | M39: =IF(OR(K39=1,K39=2),IF(K39=1,M$7-L39,$P$7-L39),"") | P39: =IF(AND(K39>0,M39>0,OR(N39>0,O39>0)),(M39/((N39*60)+O39))*60,"") | Q39: =IFERROR(IF(OR(K39=1,K39=2),IF(K39=1,M39/$M$7,M39/$P$7),""),"") | U39: =IF(J39<>"",IF(J39="Full Refresher","Low Emerging Reader",IF(AND(K39>0,Q39<>""),IF(OR(Q39<=25%,AND(Q39>25%,Q39<=50%,R39<=1)),"High Emerging Reader",IF(OR(AND(Q39>25%,Q39<51%,R39>=2),AND(Q39>50%,Q39<76%,R39<=3)),"Developing Reader",IF(OR(AND(Q39>=51%,Q39<76%,R39>=4),AND(Q39>75%,R39<=5)),"Transitioning Reader",IF(AND(Q39>75%,R39>=6),"Reading At Grade Level","")))),"")),"")
A40: 30 | B40: =IF('G3 MT Reading Scoresheet'!B40<>"",'G3 MT Reading Scoresheet'!B40,"") | C40: =IF('G3 MT Reading Scoresheet'!C40<>"",'G3 MT Reading Scoresheet'!C40,"") | D40: =IF('G3 MT Reading Scoresheet'!D40<>"",'G3 MT Reading Scoresheet'!D40,"") | E40: =IF('G3 MT Reading Scoresheet'!E40<>"",'G3 MT Reading Scoresheet'!E40,"") | I40: =IF(AND(F40="",G40=""),"",IF(F40<7,F40+G40,F40+10+H40)) | J40: =IF(I40="","",IF(F40<7,IF(I40<=10,"Full Refresher","Moderate Refresher"),IF(I40<27,"Light Refresher","Grade Ready"))) | M40: =IF(OR(K40=1,K40=2),IF(K40=1,M$7-L40,$P$7-L40),"") | P40: =IF(AND(K40>0,M40>0,OR(N40>0,O40>0)),(M40/((N40*60)+O40))*60,"") | Q40: =IFERROR(IF(OR(K40=1,K40=2),IF(K40=1,M40/$M$7,M40/$P$7),""),"") | U40: =IF(J40<>"",IF(J40="Full Refresher","Low Emerging Reader",IF(AND(K40>0,Q40<>""),IF(OR(Q40<=25%,AND(Q40>25%,Q40<=50%,R40<=1)),"High Emerging Reader",IF(OR(AND(Q40>25%,Q40<51%,R40>=2),AND(Q40>50%,Q40<76%,R40<=3)),"Developing Reader",IF(OR(AND(Q40>=51%,Q40<76%,R40>=4),AND(Q40>75%,R40<=5)),"Transitioning Reader",IF(AND(Q40>75%,R40>=6),"Reading At Grade Level","")))),"")),"")
A41: 31 | B41: =IF('G3 MT Reading Scoresheet'!B41<>"",'G3 MT Reading Scoresheet'!B41,"") | C41: =IF('G3 MT Reading Scoresheet'!C41<>"",'G3 MT Reading Scoresheet'!C41,"") | D41: =IF('G3 MT Reading Scoresheet'!D41<>"",'G3 MT Reading Scoresheet'!D41,"") | E41: =IF('G3 MT Reading Scoresheet'!E41<>"",'G3 MT Reading Scoresheet'!E41,"") | I41: =IF(AND(F41="",G41=""),"",IF(F41<7,F41+G41,F41+10+H41)) | J41: =IF(I41="","",IF(F41<7,IF(I41<=10,"Full Refresher","Moderate Refresher"),IF(I41<27,"Light Refresher","Grade Ready"))) | M41: =IF(OR(K41=1,K41=2),IF(K41=1,M$7-L41,$P$7-L41),"") | P41: =IF(AND(K41>0,M41>0,OR(N41>0,O41>0)),(M41/((N41*60)+O41))*60,"") | Q41: =IFERROR(IF(OR(K41=1,K41=2),IF(K41=1,M41/$M$7,M41/$P$7),""),"") | U41: =IF(J41<>"",IF(J41="Full Refresher","Low Emerging Reader",IF(AND(K41>0,Q41<>""),IF(OR(Q41<=25%,AND(Q41>25%,Q41<=50%,R41<=1)),"High Emerging Reader",IF(OR(AND(Q41>25%,Q41<51%,R41>=2),AND(Q41>50%,Q41<76%,R41<=3)),"Developing Reader",IF(OR(AND(Q41>=51%,Q41<76%,R41>=4),AND(Q41>75%,R41<=5)),"Transitioning Reader",IF(AND(Q41>75%,R41>=6),"Reading At Grade Level","")))),"")),"")
A42: 32 | B42: =IF('G3 MT Reading Scoresheet'!B42<>"",'G3 MT Reading Scoresheet'!B42,"") | C42: =IF('G3 MT Reading Scoresheet'!C42<>"",'G3 MT Reading Scoresheet'!C42,"") | D42: =IF('G3 MT Reading Scoresheet'!D42<>"",'G3 MT Reading Scoresheet'!D42,"") | E42: =IF('G3 MT Reading Scoresheet'!E42<>"",'G3 MT Reading Scoresheet'!E42,"") | I42: =IF(AND(F42="",G42=""),"",IF(F42<7,F42+G42,F42+10+H42)) | J42: =IF(I42="","",IF(F42<7,IF(I42<=10,"Full Refresher","Moderate Refresher"),IF(I42<27,"Light Refresher","Grade Ready"))) | M42: =IF(OR(K42=1,K42=2),IF(K42=1,M$7-L42,$P$7-L42),"") | P42: =IF(AND(K42>0,M42>0,OR(N42>0,O42>0)),(M42/((N42*60)+O42))*60,"") | Q42: =IFERROR(IF(OR(K42=1,K42=2),IF(K42=1,M42/$M$7,M42/$P$7),""),"") | U42: =IF(J42<>"",IF(J42="Full Refresher","Low Emerging Reader",IF(AND(K42>0,Q42<>""),IF(OR(Q42<=25%,AND(Q42>25%,Q42<=50%,R42<=1)),"High Emerging Reader",IF(OR(AND(Q42>25%,Q42<51%,R42>=2),AND(Q42>50%,Q42<76%,R42<=3)),"Developing Reader",IF(OR(AND(Q42>=51%,Q42<76%,R42>=4),AND(Q42>75%,R42<=5)),"Transitioning Reader",IF(AND(Q42>75%,R42>=6),"Reading At Grade Level","")))),"")),"")
A43: 33 | B43: =IF('G3 MT Reading Scoresheet'!B43<>"",'G3 MT Reading Scoresheet'!B43,"") | C43: =IF('G3 MT Reading Scoresheet'!C43<>"",'G3 MT Reading Scoresheet'!C43,"") | D43: =IF('G3 MT Reading Scoresheet'!D43<>"",'G3 MT Reading Scoresheet'!D43,"") | E43: =IF('G3 MT Reading Scoresheet'!E43<>"",'G3 MT Reading Scoresheet'!E43,"") | I43: =IF(AND(F43="",G43=""),"",IF(F43<7,F43+G43,F43+10+H43)) | J43: =IF(I43="","",IF(F43<7,IF(I43<=10,"Full Refresher","Moderate Refresher"),IF(I43<27,"Light Refresher","Grade Ready"))) | M43: =IF(OR(K43=1,K43=2),IF(K43=1,M$7-L43,$P$7-L43),"") | P43: =IF(AND(K43>0,M43>0,OR(N43>0,O43>0)),(M43/((N43*60)+O43))*60,"") | Q43: =IFERROR(IF(OR(K43=1,K43=2),IF(K43=1,M43/$M$7,M43/$P$7),""),"") | U43: =IF(J43<>"",IF(J43="Full Refresher","Low Emerging Reader",IF(AND(K43>0,Q43<>""),IF(OR(Q43<=25%,AND(Q43>25%,Q43<=50%,R43<=1)),"High Emerging Reader",IF(OR(AND(Q43>25%,Q43<51%,R43>=2),AND(Q43>50%,Q43<76%,R43<=3)),"Developing Reader",IF(OR(AND(Q43>=51%,Q43<76%,R43>=4),AND(Q43>75%,R43<=5)),"Transitioning Reader",IF(AND(Q43>75%,R43>=6),"Reading At Grade Level","")))),"")),"")
A44: 34 | B44: =IF('G3 MT Reading Scoresheet'!B44<>"",'G3 MT Reading Scoresheet'!B44,"") | C44: =IF('G3 MT Reading Scoresheet'!C44<>"",'G3 MT Reading Scoresheet'!C44,"") | D44: =IF('G3 MT Reading Scoresheet'!D44<>"",'G3 MT Reading Scoresheet'!D44,"") | E44: =IF('G3 MT Reading Scoresheet'!E44<>"",'G3 MT Reading Scoresheet'!E44,"") | I44: =IF(AND(F44="",G44=""),"",IF(F44<7,F44+G44,F44+10+H44)) | J44: =IF(I44="","",IF(F44<7,IF(I44<=10,"Full Refresher","Moderate Refresher"),IF(I44<27,"Light Refresher","Grade Ready"))) | M44: =IF(OR(K44=1,K44=2),IF(K44=1,M$7-L44,$P$7-L44),"") | P44: =IF(AND(K44>0,M44>0,OR(N44>0,O44>0)),(M44/((N44*60)+O44))*60,"") | Q44: =IFERROR(IF(OR(K44=1,K44=2),IF(K44=1,M44/$M$7,M44/$P$7),""),"") | U44: =IF(J44<>"",IF(J44="Full Refresher","Low Emerging Reader",IF(AND(K44>0,Q44<>""),IF(OR(Q44<=25%,AND(Q44>25%,Q44<=50%,R44<=1)),"High Emerging Reader",IF(OR(AND(Q44>25%,Q44<51%,R44>=2),AND(Q44>50%,Q44<76%,R44<=3)),"Developing Reader",IF(OR(AND(Q44>=51%,Q44<76%,R44>=4),AND(Q44>75%,R44<=5)),"Transitioning Reader",IF(AND(Q44>75%,R44>=6),"Reading At Grade Level","")))),"")),"")
A45: 35 | B45: =IF('G3 MT Reading Scoresheet'!B45<>"",'G3 MT Reading Scoresheet'!B45,"") | C45: =IF('G3 MT Reading Scoresheet'!C45<>"",'G3 MT Reading Scoresheet'!C45,"") | D45: =IF('G3 MT Reading Scoresheet'!D45<>"",'G3 MT Reading Scoresheet'!D45,"") | E45: =IF('G3 MT Reading Scoresheet'!E45<>"",'G3 MT Reading Scoresheet'!E45,"") | I45: =IF(AND(F45="",G45=""),"",IF(F45<7,F45+G45,F45+10+H45)) | J45: =IF(I45="","",IF(F45<7,IF(I45<=10,"Full Refresher","Moderate Refresher"),IF(I45<27,"Light Refresher","Grade Ready"))) | M45: =IF(OR(K45=1,K45=2),IF(K45=1,M$7-L45,$P$7-L45),"") | P45: =IF(AND(K45>0,M45>0,OR(N45>0,O45>0)),(M45/((N45*60)+O45))*60,"") | Q45: =IFERROR(IF(OR(K45=1,K45=2),IF(K45=1,M45/$M$7,M45/$P$7),""),"") | U45: =IF(J45<>"",IF(J45="Full Refresher","Low Emerging Reader",IF(AND(K45>0,Q45<>""),IF(OR(Q45<=25%,AND(Q45>25%,Q45<=50%,R45<=1)),"High Emerging Reader",IF(OR(AND(Q45>25%,Q45<51%,R45>=2),AND(Q45>50%,Q45<76%,R45<=3)),"Developing Reader",IF(OR(AND(Q45>=51%,Q45<76%,R45>=4),AND(Q45>75%,R45<=5)),"Transitioning Reader",IF(AND(Q45>75%,R45>=6),"Reading At Grade Level","")))),"")),"")
A46: 36 | B46: =IF('G3 MT Reading Scoresheet'!B46<>"",'G3 MT Reading Scoresheet'!B46,"") | C46: =IF('G3 MT Reading Scoresheet'!C46<>"",'G3 MT Reading Scoresheet'!C46,"") | D46: =IF('G3 MT Reading Scoresheet'!D46<>"",'G3 MT Reading Scoresheet'!D46,"") | E46: =IF('G3 MT Reading Scoresheet'!E46<>"",'G3 MT Reading Scoresheet'!E46,"") | I46: =IF(AND(F46="",G46=""),"",IF(F46<7,F46+G46,F46+10+H46)) | J46: =IF(I46="","",IF(F46<7,IF(I46<=10,"Full Refresher","Moderate Refresher"),IF(I46<27,"Light Refresher","Grade Ready"))) | M46: =IF(OR(K46=1,K46=2),IF(K46=1,M$7-L46,$P$7-L46),"") | P46: =IF(AND(K46>0,M46>0,OR(N46>0,O46>0)),(M46/((N46*60)+O46))*60,"") | Q46: =IFERROR(IF(OR(K46=1,K46=2),IF(K46=1,M46/$M$7,M46/$P$7),""),"") | U46: =IF(J46<>"",IF(J46="Full Refresher","Low Emerging Reader",IF(AND(K46>0,Q46<>""),IF(OR(Q46<=25%,AND(Q46>25%,Q46<=50%,R46<=1)),"High Emerging Reader",IF(OR(AND(Q46>25%,Q46<51%,R46>=2),AND(Q46>50%,Q46<76%,R46<=3)),"Developing Reader",IF(OR(AND(Q46>=51%,Q46<76%,R46>=4),AND(Q46>75%,R46<=5)),"Transitioning Reader",IF(AND(Q46>75%,R46>=6),"Reading At Grade Level","")))),"")),"")
A47: 37 | B47: =IF('G3 MT Reading Scoresheet'!B47<>"",'G3 MT Reading Scoresheet'!B47,"") | C47: =IF('G3 MT Reading Scoresheet'!C47<>"",'G3 MT Reading Scoresheet'!C47,"") | D47: =IF('G3 MT Reading Scoresheet'!D47<>"",'G3 MT Reading Scoresheet'!D47,"") | E47: =IF('G3 MT Reading Scoresheet'!E47<>"",'G3 MT Reading Scoresheet'!E47,"") | I47: =IF(AND(F47="",G47=""),"",IF(F47<7,F47+G47,F47+10+H47)) | J47: =IF(I47="","",IF(F47<7,IF(I47<=10,"Full Refresher","Moderate Refresher"),IF(I47<27,"Light Refresher","Grade Ready"))) | M47: =IF(OR(K47=1,K47=2),IF(K47=1,M$7-L47,$P$7-L47),"") | P47: =IF(AND(K47>0,M47>0,OR(N47>0,O47>0)),(M47/((N47*60)+O47))*60,"") | Q47: =IFERROR(IF(OR(K47=1,K47=2),IF(K47=1,M47/$M$7,M47/$P$7),""),"") | U47: =IF(J47<>"",IF(J47="Full Refresher","Low Emerging Reader",IF(AND(K47>0,Q47<>""),IF(OR(Q47<=25%,AND(Q47>25%,Q47<=50%,R47<=1)),"High Emerging Reader",IF(OR(AND(Q47>25%,Q47<51%,R47>=2),AND(Q47>50%,Q47<76%,R47<=3)),"Developing Reader",IF(OR(AND(Q47>=51%,Q47<76%,R47>=4),AND(Q47>75%,R47<=5)),"Transitioning Reader",IF(AND(Q47>75%,R47>=6),"Reading At Grade Level","")))),"")),"")
... A69: 59 | B69: =IF('G3 MT Reading Scoresheet'!B69<>"",'G3 MT Reading Scoresheet'!B69,"") | C69: =IF('G3 MT Reading Scoresheet'!C69<>"",'G3 MT Reading Scoresheet'!C69,"") | D69: =IF('G3 MT Reading Scoresheet'!D69<>"",'G3 MT Reading Scoresheet'!D69,"") | E69: =IF('G3 MT Reading Scoresheet'!E69<>"",'G3 MT Reading Scoresheet'!E69,"") | I69: =IF(AND(F69="",G69=""),"",IF(F69<7,F69+G69,F69+10+H69)) | J69: =IF(I69="","",IF(F69<7,IF(I69<=10,"Full Refresher","Moderate Refresher"),IF(I69<27,"Light Refresher","Grade Ready"))) | M69: =IF(OR(K69=1,K69=2),IF(K69=1,M$7-L69,$P$7-L69),"") | P69: =IF(AND(K69>0,M69>0,OR(N69>0,O69>0)),(M69/((N69*60)+O69))*60,"") | Q69: =IFERROR(IF(OR(K69=1,K69=2),IF(K69=1,M69/$M$7,M69/$P$7),""),"") | U69: =IF(J69<>"",IF(J69="Full Refresher","Low Emerging Reader",IF(AND(K69>0,Q69<>""),IF(OR(Q69<=25%,AND(Q69>25%,Q69<=50%,R69<=1)),"High Emerging Reader",IF(OR(AND(Q69>25%,Q69<51%,R69>=2),AND(Q69>50%,Q69<76%,R69<=3)),"Developing Reader",IF(OR(AND(Q69>=51%,Q69<76%,R69>=4),AND(Q69>75%,R69<=5)),"Transitioning Reader",IF(AND(Q69>75%,R69>=6),"Reading At Grade Level","")))),"")),"")
A70: =A69+1 -> 60 | B70: =IF('G3 MT Reading Scoresheet'!B70<>"",'G3 MT Reading Scoresheet'!B70,"") | C70: =IF('G3 MT Reading Scoresheet'!C70<>"",'G3 MT Reading Scoresheet'!C70,"") | D70: =IF('G3 MT Reading Scoresheet'!D70<>"",'G3 MT Reading Scoresheet'!D70,"") | E70: =IF('G3 MT Reading Scoresheet'!E70<>"",'G3 MT Reading Scoresheet'!E70,"") | I70: =IF(AND(F70="",G70=""),"",IF(F70<7,F70+G70,F70+10+H70)) | J70: =IF(I70="","",IF(F70<7,IF(I70<=10,"Full Refresher","Moderate Refresher"),IF(I70<27,"Light Refresher","Grade Ready"))) | M70: =IF(OR(K70=1,K70=2),IF(K70=1,M$7-L70,$P$7-L70),"") | P70: =IF(AND(K70>0,M70>0,OR(N70>0,O70>0)),(M70/((N70*60)+O70))*60,"") | Q70: =IFERROR(IF(OR(K70=1,K70=2),IF(K70=1,M70/$M$7,M70/$P$7),""),"") | U70: =IF(J70<>"",IF(J70="Full Refresher","Low Emerging Reader",IF(AND(K70>0,Q70<>""),IF(OR(Q70<=25%,AND(Q70>25%,Q70<=50%,R70<=1)),"High Emerging Reader",IF(OR(AND(Q70>25%,Q70<51%,R70>=2),AND(Q70>50%,Q70<76%,R70<=3)),"Developing Reader",IF(OR(AND(Q70>=51%,Q70<76%,R70>=4),AND(Q70>75%,R70<=5)),"Transitioning Reader",IF(AND(Q70>75%,R70>=6),"Reading At Grade Level","")))),"")),"")
A71: =A70+1 -> 61 | B71: =IF('G3 MT Reading Scoresheet'!B71<>"",'G3 MT Reading Scoresheet'!B71,"") | C71: =IF('G3 MT Reading Scoresheet'!C71<>"",'G3 MT Reading Scoresheet'!C71,"") | D71: =IF('G3 MT Reading Scoresheet'!D71<>"",'G3 MT Reading Scoresheet'!D71,"") | E71: =IF('G3 MT Reading Scoresheet'!E71<>"",'G3 MT Reading Scoresheet'!E71,"") | I71: =IF(AND(F71="",G71=""),"",IF(F71<7,F71+G71,F71+10+H71)) | J71: =IF(I71="","",IF(F71<7,IF(I71<=10,"Full Refresher","Moderate Refresher"),IF(I71<27,"Light Refresher","Grade Ready"))) | M71: =IF(OR(K71=1,K71=2),IF(K71=1,M$7-L71,$P$7-L71),"") | P71: =IF(AND(K71>0,M71>0,OR(N71>0,O71>0)),(M71/((N71*60)+O71))*60,"") | Q71: =IFERROR(IF(OR(K71=1,K71=2),IF(K71=1,M71/$M$7,M71/$P$7),""),"") | U71: =IF(J71<>"",IF(J71="Full Refresher","Low Emerging Reader",IF(AND(K71>0,Q71<>""),IF(OR(Q71<=25%,AND(Q71>25%,Q71<=50%,R71<=1)),"High Emerging Reader",IF(OR(AND(Q71>25%,Q71<51%,R71>=2),AND(Q71>50%,Q71<76%,R71<=3)),"Developing Reader",IF(OR(AND(Q71>=51%,Q71<76%,R71>=4),AND(Q71>75%,R71<=5)),"Transitioning Reader",IF(AND(Q71>75%,R71>=6),"Reading At Grade Level","")))),"")),"")
A72: =A71+1 -> 62 | B72: =IF('G3 MT Reading Scoresheet'!B72<>"",'G3 MT Reading Scoresheet'!B72,"") | C72: =IF('G3 MT Reading Scoresheet'!C72<>"",'G3 MT Reading Scoresheet'!C72,"") | D72: =IF('G3 MT Reading Scoresheet'!D72<>"",'G3 MT Reading Scoresheet'!D72,"") | E72: =IF('G3 MT Reading Scoresheet'!E72<>"",'G3 MT Reading Scoresheet'!E72,"") | I72: =IF(AND(F72="",G72=""),"",IF(F72<7,F72+G72,F72+10+H72)) | J72: =IF(I72="","",IF(F72<7,IF(I72<=10,"Full Refresher","Moderate Refresher"),IF(I72<27,"Light Refresher","Grade Ready"))) | M72: =IF(OR(K72=1,K72=2),IF(K72=1,M$7-L72,$P$7-L72),"") | P72: =IF(AND(K72>0,M72>0,OR(N72>0,O72>0)),(M72/((N72*60)+O72))*60,"") | Q72: =IFERROR(IF(OR(K72=1,K72=2),IF(K72=1,M72/$M$7,M72/$P$7),""),"") | U72: =IF(J72<>"",IF(J72="Full Refresher","Low Emerging Reader",IF(AND(K72>0,Q72<>""),IF(OR(Q72<=25%,AND(Q72>25%,Q72<=50%,R72<=1)),"High Emerging Reader",IF(OR(AND(Q72>25%,Q72<51%,R72>=2),AND(Q72>50%,Q72<76%,R72<=3)),"Developing Reader",IF(OR(AND(Q72>=51%,Q72<76%,R72>=4),AND(Q72>75%,R72<=5)),"Transitioning Reader",IF(AND(Q72>75%,R72>=6),"Reading At Grade Level","")))),"")),"")
A73: =A72+1 -> 63 | B73: =IF('G3 MT Reading Scoresheet'!B73<>"",'G3 MT Reading Scoresheet'!B73,"") | C73: =IF('G3 MT Reading Scoresheet'!C73<>"",'G3 MT Reading Scoresheet'!C73,"") | D73: =IF('G3 MT Reading Scoresheet'!D73<>"",'G3 MT Reading Scoresheet'!D73,"") | E73: =IF('G3 MT Reading Scoresheet'!E73<>"",'G3 MT Reading Scoresheet'!E73,"") | I73: =IF(AND(F73="",G73=""),"",IF(F73<7,F73+G73,F73+10+H73)) | J73: =IF(I73="","",IF(F73<7,IF(I73<=10,"Full Refresher","Moderate Refresher"),IF(I73<27,"Light Refresher","Grade Ready"))) | M73: =IF(OR(K73=1,K73=2),IF(K73=1,M$7-L73,$P$7-L73),"") | P73: =IF(AND(K73>0,M73>0,OR(N73>0,O73>0)),(M73/((N73*60)+O73))*60,"") | Q73: =IFERROR(IF(OR(K73=1,K73=2),IF(K73=1,M73/$M$7,M73/$P$7),""),"") | U73: =IF(J73<>"",IF(J73="Full Refresher","Low Emerging Reader",IF(AND(K73>0,Q73<>""),IF(OR(Q73<=25%,AND(Q73>25%,Q73<=50%,R73<=1)),"High Emerging Reader",IF(OR(AND(Q73>25%,Q73<51%,R73>=2),AND(Q73>50%,Q73<76%,R73<=3)),"Developing Reader",IF(OR(AND(Q73>=51%,Q73<76%,R73>=4),AND(Q73>75%,R73<=5)),"Transitioning Reader",IF(AND(Q73>75%,R73>=6),"Reading At Grade Level","")))),"")),"")
A74: =A73+1 -> 64 | B74: =IF('G3 MT Reading Scoresheet'!B74<>"",'G3 MT Reading Scoresheet'!B74,"") | C74: =IF('G3 MT Reading Scoresheet'!C74<>"",'G3 MT Reading Scoresheet'!C74,"") | D74: =IF('G3 MT Reading Scoresheet'!D74<>"",'G3 MT Reading Scoresheet'!D74,"") | E74: =IF('G3 MT Reading Scoresheet'!E74<>"",'G3 MT Reading Scoresheet'!E74,"") | I74: =IF(AND(F74="",G74=""),"",IF(F74<7,F74+G74,F74+10+H74)) | J74: =IF(I74="","",IF(F74<7,IF(I74<=10,"Full Refresher","Moderate Refresher"),IF(I74<27,"Light Refresher","Grade Ready"))) | M74: =IF(OR(K74=1,K74=2),IF(K74=1,M$7-L74,$P$7-L74),"") | P74: =IF(AND(K74>0,M74>0,OR(N74>0,O74>0)),(M74/((N74*60)+O74))*60,"") | Q74: =IFERROR(IF(OR(K74=1,K74=2),IF(K74=1,M74/$M$7,M74/$P$7),""),"") | U74: =IF(J74<>"",IF(J74="Full Refresher","Low Emerging Reader",IF(AND(K74>0,Q74<>""),IF(OR(Q74<=25%,AND(Q74>25%,Q74<=50%,R74<=1)),"High Emerging Reader",IF(OR(AND(Q74>25%,Q74<51%,R74>=2),AND(Q74>50%,Q74<76%,R74<=3)),"Developing Reader",IF(OR(AND(Q74>=51%,Q74<76%,R74>=4),AND(Q74>75%,R74<=5)),"Transitioning Reader",IF(AND(Q74>75%,R74>=6),"Reading At Grade Level","")))),"")),"")
A75: =A74+1 -> 65 | B75: =IF('G3 MT Reading Scoresheet'!B75<>"",'G3 MT Reading Scoresheet'!B75,"") | C75: =IF('G3 MT Reading Scoresheet'!C75<>"",'G3 MT Reading Scoresheet'!C75,"") | D75: =IF('G3 MT Reading Scoresheet'!D75<>"",'G3 MT Reading Scoresheet'!D75,"") | E75: =IF('G3 MT Reading Scoresheet'!E75<>"",'G3 MT Reading Scoresheet'!E75,"") | I75: =IF(AND(F75="",G75=""),"",IF(F75<7,F75+G75,F75+10+H75)) | J75: =IF(I75="","",IF(F75<7,IF(I75<=10,"Full Refresher","Moderate Refresher"),IF(I75<27,"Light Refresher","Grade Ready"))) | M75: =IF(OR(K75=1,K75=2),IF(K75=1,M$7-L75,$P$7-L75),"") | P75: =IF(AND(K75>0,M75>0,OR(N75>0,O75>0)),(M75/((N75*60)+O75))*60,"") | Q75: =IFERROR(IF(OR(K75=1,K75=2),IF(K75=1,M75/$M$7,M75/$P$7),""),"") | U75: =IF(J75<>"",IF(J75="Full Refresher","Low Emerging Reader",IF(AND(K75>0,Q75<>""),IF(OR(Q75<=25%,AND(Q75>25%,Q75<=50%,R75<=1)),"High Emerging Reader",IF(OR(AND(Q75>25%,Q75<51%,R75>=2),AND(Q75>50%,Q75<76%,R75<=3)),"Developing Reader",IF(OR(AND(Q75>=51%,Q75<76%,R75>=4),AND(Q75>75%,R75<=5)),"Transitioning Reader",IF(AND(Q75>75%,R75>=6),"Reading At Grade Level","")))),"")),"")
A76: =A75+1 -> 66 | B76: =IF('G3 MT Reading Scoresheet'!B76<>"",'G3 MT Reading Scoresheet'!B76,"") | C76: =IF('G3 MT Reading Scoresheet'!C76<>"",'G3 MT Reading Scoresheet'!C76,"") | D76: =IF('G3 MT Reading Scoresheet'!D76<>"",'G3 MT Reading Scoresheet'!D76,"") | E76: =IF('G3 MT Reading Scoresheet'!E76<>"",'G3 MT Reading Scoresheet'!E76,"") | I76: =IF(AND(F76="",G76=""),"",IF(F76<7,F76+G76,F76+10+H76)) | J76: =IF(I76="","",IF(F76<7,IF(I76<=10,"Full Refresher","Moderate Refresher"),IF(I76<27,"Light Refresher","Grade Ready"))) | M76: =IF(OR(K76=1,K76=2),IF(K76=1,M$7-L76,$P$7-L76),"") | P76: =IF(AND(K76>0,M76>0,OR(N76>0,O76>0)),(M76/((N76*60)+O76))*60,"") | Q76: =IFERROR(IF(OR(K76=1,K76=2),IF(K76=1,M76/$M$7,M76/$P$7),""),"") | U76: =IF(J76<>"",IF(J76="Full Refresher","Low Emerging Reader",IF(AND(K76>0,Q76<>""),IF(OR(Q76<=25%,AND(Q76>25%,Q76<=50%,R76<=1)),"High Emerging Reader",IF(OR(AND(Q76>25%,Q76<51%,R76>=2),AND(Q76>50%,Q76<76%,R76<=3)),"Developing Reader",IF(OR(AND(Q76>=51%,Q76<76%,R76>=4),AND(Q76>75%,R76<=5)),"Transitioning Reader",IF(AND(Q76>75%,R76>=6),"Reading At Grade Level","")))),"")),"")
A77: =A76+1 -> 67 | B77: =IF('G3 MT Reading Scoresheet'!B77<>"",'G3 MT Reading Scoresheet'!B77,"") | C77: =IF('G3 MT Reading Scoresheet'!C77<>"",'G3 MT Reading Scoresheet'!C77,"") | D77: =IF('G3 MT Reading Scoresheet'!D77<>"",'G3 MT Reading Scoresheet'!D77,"") | E77: =IF('G3 MT Reading Scoresheet'!E77<>"",'G3 MT Reading Scoresheet'!E77,"") | I77: =IF(AND(F77="",G77=""),"",IF(F77<7,F77+G77,F77+10+H77)) | J77: =IF(I77="","",IF(F77<7,IF(I77<=10,"Full Refresher","Moderate Refresher"),IF(I77<27,"Light Refresher","Grade Ready"))) | M77: =IF(OR(K77=1,K77=2),IF(K77=1,M$7-L77,$P$7-L77),"") | P77: =IF(AND(K77>0,M77>0,OR(N77>0,O77>0)),(M77/((N77*60)+O77))*60,"") | Q77: =IFERROR(IF(OR(K77=1,K77=2),IF(K77=1,M77/$M$7,M77/$P$7),""),"") | U77: =IF(J77<>"",IF(J77="Full Refresher","Low Emerging Reader",IF(AND(K77>0,Q77<>""),IF(OR(Q77<=25%,AND(Q77>25%,Q77<=50%,R77<=1)),"High Emerging Reader",IF(OR(AND(Q77>25%,Q77<51%,R77>=2),AND(Q77>50%,Q77<76%,R77<=3)),"Developing Reader",IF(OR(AND(Q77>=51%,Q77<76%,R77>=4),AND(Q77>75%,R77<=5)),"Transitioning Reader",IF(AND(Q77>75%,R77>=6),"Reading At Grade Level","")))),"")),"")
A78: =A77+1 -> 68 | B78: =IF('G3 MT Reading Scoresheet'!B78<>"",'G3 MT Reading Scoresheet'!B78,"") | C78: =IF('G3 MT Reading Scoresheet'!C78<>"",'G3 MT Reading Scoresheet'!C78,"") | D78: =IF('G3 MT Reading Scoresheet'!D78<>"",'G3 MT Reading Scoresheet'!D78,"") | E78: =IF('G3 MT Reading Scoresheet'!E78<>"",'G3 MT Reading Scoresheet'!E78,"") | I78: =IF(AND(F78="",G78=""),"",IF(F78<7,F78+G78,F78+10+H78)) | J78: =IF(I78="","",IF(F78<7,IF(I78<=10,"Full Refresher","Moderate Refresher"),IF(I78<27,"Light Refresher","Grade Ready"))) | M78: =IF(OR(K78=1,K78=2),IF(K78=1,M$7-L78,$P$7-L78),"") | P78: =IF(AND(K78>0,M78>0,OR(N78>0,O78>0)),(M78/((N78*60)+O78))*60,"") | Q78: =IFERROR(IF(OR(K78=1,K78=2),IF(K78=1,M78/$M$7,M78/$P$7),""),"") | U78: =IF(J78<>"",IF(J78="Full Refresher","Low Emerging Reader",IF(AND(K78>0,Q78<>""),IF(OR(Q78<=25%,AND(Q78>25%,Q78<=50%,R78<=1)),"High Emerging Reader",IF(OR(AND(Q78>25%,Q78<51%,R78>=2),AND(Q78>50%,Q78<76%,R78<=3)),"Developing Reader",IF(OR(AND(Q78>=51%,Q78<76%,R78>=4),AND(Q78>75%,R78<=5)),"Transitioning Reader",IF(AND(Q78>75%,R78>=6),"Reading At Grade Level","")))),"")),"")
A79: =A78+1 -> 69 | B79: =IF('G3 MT Reading Scoresheet'!B79<>"",'G3 MT Reading Scoresheet'!B79,"") | C79: =IF('G3 MT Reading Scoresheet'!C79<>"",'G3 MT Reading Scoresheet'!C79,"") | D79: =IF('G3 MT Reading Scoresheet'!D79<>"",'G3 MT Reading Scoresheet'!D79,"") | E79: =IF('G3 MT Reading Scoresheet'!E79<>"",'G3 MT Reading Scoresheet'!E79,"") | I79: =IF(AND(F79="",G79=""),"",IF(F79<7,F79+G79,F79+10+H79)) | J79: =IF(I79="","",IF(F79<7,IF(I79<=10,"Full Refresher","Moderate Refresher"),IF(I79<27,"Light Refresher","Grade Ready"))) | M79: =IF(OR(K79=1,K79=2),IF(K79=1,M$7-L79,$P$7-L79),"") | P79: =IF(AND(K79>0,M79>0,OR(N79>0,O79>0)),(M79/((N79*60)+O79))*60,"") | Q79: =IFERROR(IF(OR(K79=1,K79=2),IF(K79=1,M79/$M$7,M79/$P$7),""),"") | U79: =IF(J79<>"",IF(J79="Full Refresher","Low Emerging Reader",IF(AND(K79>0,Q79<>""),IF(OR(Q79<=25%,AND(Q79>25%,Q79<=50%,R79<=1)),"High Emerging Reader",IF(OR(AND(Q79>25%,Q79<51%,R79>=2),AND(Q79>50%,Q79<76%,R79<=3)),"Developing Reader",IF(OR(AND(Q79>=51%,Q79<76%,R79>=4),AND(Q79>75%,R79<=5)),"Transitioning Reader",IF(AND(Q79>75%,R79>=6),"Reading At Grade Level","")))),"")),"")
A80: =A79+1 -> 70 | B80: =IF('G3 MT Reading Scoresheet'!B80<>"",'G3 MT Reading Scoresheet'!B80,"") | C80: =IF('G3 MT Reading Scoresheet'!C80<>"",'G3 MT Reading Scoresheet'!C80,"") | D80: =IF('G3 MT Reading Scoresheet'!D80<>"",'G3 MT Reading Scoresheet'!D80,"") | E80: =IF('G3 MT Reading Scoresheet'!E80<>"",'G3 MT Reading Scoresheet'!E80,"") | I80: =IF(AND(F80="",G80=""),"",IF(F80<7,F80+G80,F80+10+H80)) | J80: =IF(I80="","",IF(F80<7,IF(I80<=10,"Full Refresher","Moderate Refresher"),IF(I80<27,"Light Refresher","Grade Ready"))) | M80: =IF(OR(K80=1,K80=2),IF(K80=1,M$7-L80,$P$7-L80),"") | P80: =IF(AND(K80>0,M80>0,OR(N80>0,O80>0)),(M80/((N80*60)+O80))*60,"") | Q80: =IFERROR(IF(OR(K80=1,K80=2),IF(K80=1,M80/$M$7,M80/$P$7),""),"") | U80: =IF(J80<>"",IF(J80="Full Refresher","Low Emerging Reader",IF(AND(K80>0,Q80<>""),IF(OR(Q80<=25%,AND(Q80>25%,Q80<=50%,R80<=1)),"High Emerging Reader",IF(OR(AND(Q80>25%,Q80<51%,R80>=2),AND(Q80>50%,Q80<76%,R80<=3)),"Developing Reader",IF(OR(AND(Q80>=51%,Q80<76%,R80>=4),AND(Q80>75%,R80<=5)),"Transitioning Reader",IF(AND(Q80>75%,R80>=6),"Reading At Grade Level","")))),"")),"")
A81: =A80+1 -> 71 | B81: =IF('G3 MT Reading Scoresheet'!B81<>"",'G3 MT Reading Scoresheet'!B81,"") | C81: =IF('G3 MT Reading Scoresheet'!C81<>"",'G3 MT Reading Scoresheet'!C81,"") | D81: =IF('G3 MT Reading Scoresheet'!D81<>"",'G3 MT Reading Scoresheet'!D81,"") | E81: =IF('G3 MT Reading Scoresheet'!E81<>"",'G3 MT Reading Scoresheet'!E81,"") | I81: =IF(AND(F81="",G81=""),"",IF(F81<7,F81+G81,F81+10+H81)) | J81: =IF(I81="","",IF(F81<7,IF(I81<=10,"Full Refresher","Moderate Refresher"),IF(I81<27,"Light Refresher","Grade Ready"))) | M81: =IF(OR(K81=1,K81=2),IF(K81=1,M$7-L81,$P$7-L81),"") | P81: =IF(AND(K81>0,M81>0,OR(N81>0,O81>0)),(M81/((N81*60)+O81))*60,"") | Q81: =IFERROR(IF(OR(K81=1,K81=2),IF(K81=1,M81/$M$7,M81/$P$7),""),"") | U81: =IF(J81<>"",IF(J81="Full Refresher","Low Emerging Reader",IF(AND(K81>0,Q81<>""),IF(OR(Q81<=25%,AND(Q81>25%,Q81<=50%,R81<=1)),"High Emerging Reader",IF(OR(AND(Q81>25%,Q81<51%,R81>=2),AND(Q81>50%,Q81<76%,R81<=3)),"Developing Reader",IF(OR(AND(Q81>=51%,Q81<76%,R81>=4),AND(Q81>75%,R81<=5)),"Transitioning Reader",IF(AND(Q81>75%,R81>=6),"Reading At Grade Level","")))),"")),"")
... A109: =A108+1 -> 99 | B109: =IF('G3 MT Reading Scoresheet'!B109<>"",'G3 MT Reading Scoresheet'!B109,"") | C109: =IF('G3 MT Reading Scoresheet'!C109<>"",'G3 MT Reading Scoresheet'!C109,"") | D109: =IF('G3 MT Reading Scoresheet'!D109<>"",'G3 MT Reading Scoresheet'!D109,"") | E109: =IF('G3 MT Reading Scoresheet'!E109<>"",'G3 MT Reading Scoresheet'!E109,"") | I109: =IF(AND(F109="",G109=""),"",IF(F109<7,F109+G109,F109+10+H109)) | J109: =IF(I109="","",IF(F109<7,IF(I109<=10,"Full Refresher","Moderate Refresher"),IF(I109<27,"Light Refresher","Grade Ready"))) | M109: =IF(OR(K109=1,K109=2),IF(K109=1,M$7-L109,$P$7-L109),"") | P109: =IF(AND(K109>0,M109>0,OR(N109>0,O109>0)),(M109/((N109*60)+O109))*60,"") | Q109: =IFERROR(IF(OR(K109=1,K109=2),IF(K109=1,M109/$M$7,M109/$P$7),""),"") | U109: =IF(J109<>"",IF(J109="Full Refresher","Low Emerging Reader",IF(AND(K109>0,Q109<>""),IF(OR(Q109<=25%,AND(Q109>25%,Q109<=50%,R109<=1)),"High Emerging Reader",IF(OR(AND(Q109>25%,Q109<51%,R109>=2),AND(Q109>50%,Q109<76%,R109<=3)),"Developing Reader",IF(OR(AND(Q109>=51%,Q109<76%,R109>=4),AND(Q109>75%,R109<=5)),"Transitioning Reader",IF(AND(Q109>75%,R109>=6),"Reading At Grade Level","")))),"")),"")
A110: 100 | B110: =IF('G3 MT Reading Scoresheet'!B110<>"",'G3 MT Reading Scoresheet'!B110,"") | C110: =IF('G3 MT Reading Scoresheet'!C110<>"",'G3 MT Reading Scoresheet'!C110,"") | D110: =IF('G3 MT Reading Scoresheet'!D110<>"",'G3 MT Reading Scoresheet'!D110,"") | E110: =IF('G3 MT Reading Scoresheet'!E110<>"",'G3 MT Reading Scoresheet'!E110,"") | I110: =IF(AND(F110="",G110=""),"",IF(F110<7,F110+G110,F110+10+H110)) | J110: =IF(I110="","",IF(F110<7,IF(I110<=10,"Full Refresher","Moderate Refresher"),IF(I110<27,"Light Refresher","Grade Ready"))) | M110: =IF(OR(K110=1,K110=2),IF(K110=1,M$7-L110,$P$7-L110),"") | P110: =IF(AND(K110>0,M110>0,OR(N110>0,O110>0)),(M110/((N110*60)+O110))*60,"") | Q110: =IFERROR(IF(OR(K110=1,K110=2),IF(K110=1,M110/$M$7,M110/$P$7),""),"") | U110: =IF(J110<>"",IF(J110="Full Refresher","Low Emerging Reader",IF(AND(K110>0,Q110<>""),IF(OR(Q110<=25%,AND(Q110>25%,Q110<=50%,R110<=1)),"High Emerging Reader",IF(OR(AND(Q110>25%,Q110<51%,R110>=2),AND(Q110>50%,Q110<76%,R110<=3)),"Developing Reader",IF(OR(AND(Q110>=51%,Q110<76%,R110>=4),AND(Q110>75%,R110<=5)),"Transitioning Reader",IF(AND(Q110>75%,R110>=6),"Reading At Grade Level","")))),"")),"")

Sheet G3 ENG Reading Scoresheet
A1: ='G3 MT Reading Scoresheet'!$A$1 -> CRLA2v1
A3: ASSESSMENT TYPE | C3: ='G3 MT Reading Scoresheet'!$C$3 -> EoSY
A4: School ID: | C4: ='G3 MT Reading Scoresheet'!C4 -> 117443 | D4: Total Enrolment | F4: =D6+E6 -> 22 | G4: Assessed : | H4: =COUNTIF(F11:F110,"<>") -> 25
A5: Schoo Name: | C5: ='G3 MT Reading Scoresheet'!C5 -> ROMANA ELEM. SCHOOL | D5: Male | E5: Female | F5: Assessment Part 1 (Word Recognition) | I5: WORD SCORE 0 - Full Refresher 1 to 10 – Moderate Refresher 11 to 16 – Light Refresher 17 to 20 – Grade Ready | J5: Assessment Part 2 (Reading Fluency and Comprehension)
A6: Teacher: | C6: ='G3 MT Reading Scoresheet'!C6 -> KEMBERLY G. BELMIS | D6: 11 | E6: 11
A7: Grade: | C7: ='G3 MT Reading Scoresheet'!C7 -> Grade 3 | D7: Enter Male or Female | E7: Enter date of assessment (mm/dd/yy) | F7: Task 1 – Write the number of letters sounded out correctly | G7: Words (Task 2) If task 1 score is 1 to 10 | H7: Total Score = Task 1 Score + Task 2 Score | J7: Story Number 1 or 2 | K7: Total Reading Miscues | L7: Number of words read within 2 mins | M7: Total Time Used in Reading (Max : 2 Mins) | O7: Number of Words per Minute (WPM)
A8: Section: | C8: ='G3 MT Reading Scoresheet'!C8 -> 1
A9: Language: | C9: English
A10: S/N | B10: LRN | C10: Name of Learner | D10: Sex | E10: Date of Asessment | F10: Task 1 (10) | G10: Words (10) | H10: Total Score | I10: Part 1 Reading Level | J10: Story Number | K10: Number of Miscue | L10: Words Read | M10: Total Mins Secs | O10: WPM | P10: Reading % | Q10: Total Correct Answer | R10: Leaner Experience (Rating 1-5) | S10: Observation Level | T10: READING PROFILE | U10: Remarks
A11: 1 | B11: =IF('G3 MT Reading Scoresheet'!B11<>"",'G3 MT Reading Scoresheet'!B11,"") -> 117443220001 | C11: =IF('G3 MT Reading Scoresheet'!C11<>"",'G3 MT Reading Scoresheet'!C11,"") -> ABAY, KENNETH ALEXANDER, NALAONAN | D11: =IF('G3 MT Reading Scoresheet'!D11<>"",'G3 MT Reading Scoresheet'!D11,"") -> Male | E11: =IF('G3 MT Reading Scoresheet'!E11<>"",'G3 MT Reading Scoresheet'!E11,"") -> 06/23/2025 | F11: 9 | G11: 8 | H11: =IF(ISBLANK(F11),"",IF(F11=0,0,F11+G11)) -> 17 | I11: =IF(ISBLANK(F11),"",IF(H11=0,"Full Refresher",IF(H11<11,"Moderate Refresher",IF(H11<17,"Light Refresher","Grade Ready")))) -> Grade Ready | J11: 1 | K11: 30 | L11: =IF(AND(J11<>"",K11<>""),100-K11,"") -> 70 | M11: 2 | N11: 0 | O11: =IFERROR(IF(AND(J11>0,L11>0,OR(M11>0,N11>0)),(L11/((M11*60)+N11))*60,""),"") -> 35 | P11: =IF(AND(J11<>"",K11<>""),L11/100,"") -> 0.7 | Q11: 5 | R11: 4 | S11: Level 1 | T11: =IF(I11<>"",IF(I11="Full Refresher","Low Emerging Reader",IF(AND(J11>0,P11<>""),IF(OR(P11<=25%,AND(P11>25%,P11<=50%,Q11=0)),"High Emerging Reader",IF(OR(AND(P11>25%,P11<51%,Q11>=1),AND(P11>50%,P11<76%,Q11<=2)),"Developing Reader",IF(OR(AND(P11>=51%,P11<76%,Q11>=3),AND(P11>75%,Q11<=4)),"Transitioning Reader",IF(AND(P11>75%,Q11>=5),"Reading At Grade Level","")))),"")),"") -> Transitioning Reader
A12: 2 | B12: =IF('G3 MT Reading Scoresheet'!B12<>"",'G3 MT Reading Scoresheet'!B12,"") -> 11744322002 | C12: =IF('G3 MT Reading Scoresheet'!C12<>"",'G3 MT Reading Scoresheet'!C12,"") -> BANARAIA, KEEPER, ABAY | D12: =IF('G3 MT Reading Scoresheet'!D12<>"",'G3 MT Reading Scoresheet'!D12,"") -> Male | E12: =IF('G3 MT Reading Scoresheet'!E12<>"",'G3 MT Reading Scoresheet'!E12,"") -> 06/23/2025 | F12: 5 | G12: 9 | H12: =IF(ISBLANK(F12),"",IF(F12=0,0,F12+G12)) -> 14 | I12: =IF(ISBLANK(F12),"",IF(H12=0,"Full Refresher",IF(H12<11,"Moderate Refresher",IF(H12<17,"Light Refresher","Grade Ready")))) -> Light Refresher | J12: 1 | K12: 25 | L12: =IF(AND(J12<>"",K12<>""),100-K12,"") -> 75 | M12: 2 | N12: 0 | O12: =IFERROR(IF(AND(J12>0,L12>0,OR(M12>0,N12>0)),(L12/((M12*60)+N12))*60,""),"") -> 37.5 | P12: =IF(AND(J12<>"",K12<>""),L12/100,"") -> 0.75 | Q12: 5 | R12: 4 | S12: Level 1 | T12: =IF(I12<>"",IF(I12="Full Refresher","Low Emerging Reader",IF(AND(J12>0,P12<>""),IF(OR(P12<=25%,AND(P12>25%,P12<=50%,Q12=0)),"High Emerging Reader",IF(OR(AND(P12>25%,P12<51%,Q12>=1),AND(P12>50%,P12<76%,Q12<=2)),"Developing Reader",IF(OR(AND(P12>=51%,P12<76%,Q12>=3),AND(P12>75%,Q12<=4)),"Transitioning Reader",IF(AND(P12>75%,Q12>=5),"Reading At Grade Level","")))),"")),"") -> Transitioning Reader
A13: 3 | B13: =IF('G3 MT Reading Scoresheet'!B13<>"",'G3 MT Reading Scoresheet'!B13,"") -> 117443220017 | C13: =IF('G3 MT Reading Scoresheet'!C13<>"",'G3 MT Reading Scoresheet'!C13,"") -> BARGASA, EDSEL JHON,- | D13: =IF('G3 MT Reading Scoresheet'!D13<>"",'G3 MT Reading Scoresheet'!D13,"") -> Male | E13: =IF('G3 MT Reading Scoresheet'!E13<>"",'G3 MT Reading Scoresheet'!E13,"") -> 06/23/2025 | F13: 8 | G13: 10 | H13: =IF(ISBLANK(F13),"",IF(F13=0,0,F13+G13)) -> 18 | I13: =IF(ISBLANK(F13),"",IF(H13=0,"Full Refresher",IF(H13<11,"Moderate Refresher",IF(H13<17,"Light Refresher","Grade Ready")))) -> Grade Ready | J13: 1 | K13: 2 | L13: =IF(AND(J13<>"",K13<>""),100-K13,"") -> 98 | M13: 1 | N13: 30 | O13: =IFERROR(IF(AND(J13>0,L13>0,OR(M13>0,N13>0)),(L13/((M13*60)+N13))*60,""),"") -> 65.333333 | P13: =IF(AND(J13<>"",K13<>""),L13/100,"") -> 0.98 | Q13: 6 | R13: 5 | S13: Level 4 | T13: =IF(I13<>"",IF(I13="Full Refresher","Low Emerging Reader",IF(AND(J13>0,P13<>""),IF(OR(P13<=25%,AND(P13>25%,P13<=50%,Q13=0)),"High Emerging Reader",IF(OR(AND(P13>25%,P13<51%,Q13>=1),AND(P13>50%,P13<76%,Q13<=2)),"Developing Reader",IF(OR(AND(P13>=51%,P13<76%,Q13>=3),AND(P13>75%,Q13<=4)),"Transitioning Reader",IF(AND(P13>75%,Q13>=5),"Reading At Grade Level","")))),"")),"") -> Reading At Grade Level
A14: 4 | B14: =IF('G3 MT Reading Scoresheet'!B14<>"",'G3 MT Reading Scoresheet'!B14,"") -> 117443220006 | C14: =IF('G3 MT Reading Scoresheet'!C14<>"",'G3 MT Reading Scoresheet'!C14,"") -> DUMANIEL, KEVIN JOHN , ALVAREZ | D14: =IF('G3 MT Reading Scoresheet'!D14<>"",'G3 MT Reading Scoresheet'!D14,"") -> Male | E14: =IF('G3 MT Reading Scoresheet'!E14<>"",'G3 MT Reading Scoresheet'!E14,"") -> 06/23/2025 | F14: 8 | G14: 7 | H14: =IF(ISBLANK(F14),"",IF(F14=0,0,F14+G14)) -> 15 | I14: =IF(ISBLANK(F14),"",IF(H14=0,"Full Refresher",IF(H14<11,"Moderate Refresher",IF(H14<17,"Light Refresher","Grade Ready")))) -> Light Refresher | J14: 1 | K14: 30 | L14: =IF(AND(J14<>"",K14<>""),100-K14,"") -> 70 | M14: 2 | N14: 0 | O14: =IFERROR(IF(AND(J14>0,L14>0,OR(M14>0,N14>0)),(L14/((M14*60)+N14))*60,""),"") -> 35 | P14: =IF(AND(J14<>"",K14<>""),L14/100,"") -> 0.7 | Q14: 2 | R14: 3 | S14: Level 1 | T14: =IF(I14<>"",IF(I14="Full Refresher","Low Emerging Reader",IF(AND(J14>0,P14<>""),IF(OR(P14<=25%,AND(P14>25%,P14<=50%,Q14=0)),"High Emerging Reader",IF(OR(AND(P14>25%,P14<51%,Q14>=1),AND(P14>50%,P14<76%,Q14<=2)),"Developing Reader",IF(OR(AND(P14>=51%,P14<76%,Q14>=3),AND(P14>75%,Q14<=4)),"Transitioning Reader",IF(AND(P14>75%,Q14>=5),"Reading At Grade Level","")))),"")),"") -> Developing Reader
A15: 5 | B15: =IF('G3 MT Reading Scoresheet'!B15<>"",'G3 MT Reading Scoresheet'!B15,"") -> 117443220018 | C15: =IF('G3 MT Reading Scoresheet'!C15<>"",'G3 MT Reading Scoresheet'!C15,"") -> ESTOCADA, JOEMARIE III, OMPAD | D15: =IF('G3 MT Reading Scoresheet'!D15<>"",'G3 MT Reading Scoresheet'!D15,"") -> Male | E15: =IF('G3 MT Reading Scoresheet'!E15<>"",'G3 MT Reading Scoresheet'!E15,"") -> 06/24/2025 | F15: 8 | G15: 8 | H15: =IF(ISBLANK(F15),"",IF(F15=0,0,F15+G15)) -> 16 | I15: =IF(ISBLANK(F15),"",IF(H15=0,"Full Refresher",IF(H15<11,"Moderate Refresher",IF(H15<17,"Light Refresher","Grade Ready")))) -> Light Refresher | J15: 1 | K15: 34 | L15: =IF(AND(J15<>"",K15<>""),100-K15,"") -> 66 | M15: 2 | N15: 0 | O15: =IFERROR(IF(AND(J15>0,L15>0,OR(M15>0,N15>0)),(L15/((M15*60)+N15))*60,""),"") -> 33 | P15: =IF(AND(J15<>"",K15<>""),L15/100,"") -> 0.66 | Q15: 2 | R15: 3 | S15: Level 1 | T15: =IF(I15<>"",IF(I15="Full Refresher","Low Emerging Reader",IF(AND(J15>0,P15<>""),IF(OR(P15<=25%,AND(P15>25%,P15<=50%,Q15=0)),"High Emerging Reader",IF(OR(AND(P15>25%,P15<51%,Q15>=1),AND(P15>50%,P15<76%,Q15<=2)),"Developing Reader",IF(OR(AND(P15>=51%,P15<76%,Q15>=3),AND(P15>75%,Q15<=4)),"Transitioning Reader",IF(AND(P15>75%,Q15>=5),"Reading At Grade Level","")))),"")),"") -> Developing Reader
A16: 6 | B16: =IF('G3 MT Reading Scoresheet'!B16<>"",'G3 MT Reading Scoresheet'!B16,"") -> 117542220012 | C16: =IF('G3 MT Reading Scoresheet'!C16<>"",'G3 MT Reading Scoresheet'!C16,"") -> GO, NEAL XANDRIE, DOMANIEL | D16: =IF('G3 MT Reading Scoresheet'!D16<>"",'G3 MT Reading Scoresheet'!D16,"") -> Male | E16: =IF('G3 MT Reading Scoresheet'!E16<>"",'G3 MT Reading Scoresheet'!E16,"") -> 06/24/2025 | F16: 8 | G16: 10 | H16: =IF(ISBLANK(F16),"",IF(F16=0,0,F16+G16)) -> 18 | I16: =IF(ISBLANK(F16),"",IF(H16=0,"Full Refresher",IF(H16<11,"Moderate Refresher",IF(H16<17,"Light Refresher","Grade Ready")))) -> Grade Ready | J16: 1 | K16: 25 | L16: =IF(AND(J16<>"",K16<>""),100-K16,"") -> 75 | M16: 2 | N16: 0 | O16: =IFERROR(IF(AND(J16>0,L16>0,OR(M16>0,N16>0)),(L16/((M16*60)+N16))*60,""),"") -> 37.5 | P16: =IF(AND(J16<>"",K16<>""),L16/100,"") -> 0.75 | Q16: 3 | R16: 4 | S16: Level 1 | T16: =IF(I16<>"",IF(I16="Full Refresher","Low Emerging Reader",IF(AND(J16>0,P16<>""),IF(OR(P16<=25%,AND(P16>25%,P16<=50%,Q16=0)),"High Emerging Reader",IF(OR(AND(P16>25%,P16<51%,Q16>=1),AND(P16>50%,P16<76%,Q16<=2)),"Developing Reader",IF(OR(AND(P16>=51%,P16<76%,Q16>=3),AND(P16>75%,Q16<=4)),"Transitioning Reader",IF(AND(P16>75%,Q16>=5),"Reading At Grade Level","")))),"")),"") -> Transitioning Reader
A17: 7 | B17: =IF('G3 MT Reading Scoresheet'!B17<>"",'G3 MT Reading Scoresheet'!B17,"") -> 1174432290003 | C17: =IF('G3 MT Reading Scoresheet'!C17<>"",'G3 MT Reading Scoresheet'!C17,"") -> GREGORIO, JOHN MARK, ABELLAR | D17: =IF('G3 MT Reading Scoresheet'!D17<>"",'G3 MT Reading Scoresheet'!D17,"") -> Male | E17: =IF('G3 MT Reading Scoresheet'!E17<>"",'G3 MT Reading Scoresheet'!E17,"") -> 06/24/2025 | F17: 4 | G17: 4 | H17: =IF(ISBLANK(F17),"",IF(F17=0,0,F17+G17)) -> 8 | I17: =IF(ISBLANK(F17),"",IF(H17=0,"Full Refresher",IF(H17<11,"Moderate Refresher",IF(H17<17,"Light Refresher","Grade Ready")))) -> Moderate Refresher | J17: 1 | K17: 45 | L17: =IF(AND(J17<>"",K17<>""),100-K17,"") -> 55 | M17: 2 | N17: 0 | O17: =IFERROR(IF(AND(J17>0,L17>0,OR(M17>0,N17>0)),(L17/((M17*60)+N17))*60,""),"") -> 27.5 | P17: =IF(AND(J17<>"",K17<>""),L17/100,"") -> 0.55 | Q17: 1 | R17: 2 | S17: Level 1 | T17: =IF(I17<>"",IF(I17="Full Refresher","Low Emerging Reader",IF(AND(J17>0,P17<>""),IF(OR(P17<=25%,AND(P17>25%,P17<=50%,Q17=0)),"High Emerging Reader",IF(OR(AND(P17>25%,P17<51%,Q17>=1),AND(P17>50%,P17<76%,Q17<=2)),"Developing Reader",IF(OR(AND(P17>=51%,P17<76%,Q17>=3),AND(P17>75%,Q17<=4)),"Transitioning Reader",IF(AND(P17>75%,Q17>=5),"Reading At Grade Level","")))),"")),"") -> Developing Reader
A18: 8 | B18: =IF('G3 MT Reading Scoresheet'!B18<>"",'G3 MT Reading Scoresheet'!B18,"") -> 117443220005 | C18: =IF('G3 MT Reading Scoresheet'!C18<>"",'G3 MT Reading Scoresheet'!C18,"") -> JUMBAS, CYREL JAY, BARILLO | D18: =IF('G3 MT Reading Scoresheet'!D18<>"",'G3 MT Reading Scoresheet'!D18,"") -> Male | E18: =IF('G3 MT Reading Scoresheet'!E18<>"",'G3 MT Reading Scoresheet'!E18,"") -> 06/24/2025 | F18: 8 | G18: 10 | H18: =IF(ISBLANK(F18),"",IF(F18=0,0,F18+G18)) -> 18 | I18: =IF(ISBLANK(F18),"",IF(H18=0,"Full Refresher",IF(H18<11,"Moderate Refresher",IF(H18<17,"Light Refresher","Grade Ready")))) -> Grade Ready | J18: 1 | K18: 17 | L18: =IF(AND(J18<>"",K18<>""),100-K18,"") -> 83 | M18: 2 | N18: 0 | O18: =IFERROR(IF(AND(J18>0,L18>0,OR(M18>0,N18>0)),(L18/((M18*60)+N18))*60,""),"") -> 41.5 | P18: =IF(AND(J18<>"",K18<>""),L18/100,"") -> 0.83 | Q18: 5 | R18: 4 | S18: Level 1 | T18: =IF(I18<>"",IF(I18="Full Refresher","Low Emerging Reader",IF(AND(J18>0,P18<>""),IF(OR(P18<=25%,AND(P18>25%,P18<=50%,Q18=0)),"High Emerging Reader",IF(OR(AND(P18>25%,P18<51%,Q18>=1),AND(P18>50%,P18<76%,Q18<=2)),"Developing Reader",IF(OR(AND(P18>=51%,P18<76%,Q18>=3),AND(P18>75%,Q18<=4)),"Transitioning Reader",IF(AND(P18>75%,Q18>=5),"Reading At Grade Level","")))),"")),"") -> Reading At Grade Level
A19: 9 | B19: =IF('G3 MT Reading Scoresheet'!B19<>"",'G3 MT Reading Scoresheet'!B19,"") -> 11744322007 | C19: =IF('G3 MT Reading Scoresheet'!C19<>"",'G3 MT Reading Scoresheet'!C19,"") -> LEMORINAS, ARTHUR, BAYLON | D19: =IF('G3 MT Reading Scoresheet'!D19<>"",'G3 MT Reading Scoresheet'!D19,"") -> Male | E19: =IF('G3 MT Reading Scoresheet'!E19<>"",'G3 MT Reading Scoresheet'!E19,"") -> 06/24/2025 | F19: 4 | G19: 10 | H19: =IF(ISBLANK(F19),"",IF(F19=0,0,F19+G19)) -> 14 | I19: =IF(ISBLANK(F19),"",IF(H19=0,"Full Refresher",IF(H19<11,"Moderate Refresher",IF(H19<17,"Light Refresher","Grade Ready")))) -> Light Refresher | J19: 2 | K19: 2 | L19: =IF(AND(J19<>"",K19<>""),100-K19,"") -> 98 | M19: 1 | N19: 20 | O19: =IFERROR(IF(AND(J19>0,L19>0,OR(M19>0,N19>0)),(L19/((M19*60)+N19))*60,""),"") -> 73.5 | P19: =IF(AND(J19<>"",K19<>""),L19/100,"") -> 0.98 | Q19: 5 | R19: 5 | S19: Level 4 | T19: =IF(I19<>"",IF(I19="Full Refresher","Low Emerging Reader",IF(AND(J19>0,P19<>""),IF(OR(P19<=25%,AND(P19>25%,P19<=50%,Q19=0)),"High Emerging Reader",IF(OR(AND(P19>25%,P19<51%,Q19>=1),AND(P19>50%,P19<76%,Q19<=2)),"Developing Reader",IF(OR(AND(P19>=51%,P19<76%,Q19>=3),AND(P19>75%,Q19<=4)),"Transitioning Reader",IF(AND(P19>75%,Q19>=5),"Reading At Grade Level","")))),"")),"") -> Reading At Grade Level
A20: 10 | B20: =IF('G3 MT Reading Scoresheet'!B20<>"",'G3 MT Reading Scoresheet'!B20,"") -> 117443220008 | C20: =IF('G3 MT Reading Scoresheet'!C20<>"",'G3 MT Reading Scoresheet'!C20,"") -> MARASIGAN, ZHENKIE NATHAN, DELA CRUZ | D20: =IF('G3 MT Reading Scoresheet'!D20<>"",'G3 MT Reading Scoresheet'!D20,"") -> Male | E20: =IF('G3 MT Reading Scoresheet'!E20<>"",'G3 MT Reading Scoresheet'!E20,"") -> 06/24/2025 | F20: 10 | G20: 9 | H20: =IF(ISBLANK(F20),"",IF(F20=0,0,F20+G20)) -> 19 | I20: =IF(ISBLANK(F20),"",IF(H20=0,"Full Refresher",IF(H20<11,"Moderate Refresher",IF(H20<17,"Light Refresher","Grade Ready")))) -> Grade Ready | J20: 1 | K20: 23 | L20: =IF(AND(J20<>"",K20<>""),100-K20,"") -> 77 | M20: 2 | N20: 0 | O20: =IFERROR(IF(AND(J20>0,L20>0,OR(M20>0,N20>0)),(L20/((M20*60)+N20))*60,""),"") -> 38.5 | P20: =IF(AND(J20<>"",K20<>""),L20/100,"") -> 0.77 | Q20: 5 | R20: 4 | S20: Level 1 | T20: =IF(I20<>"",IF(I20="Full Refresher","Low Emerging Reader",IF(AND(J20>0,P20<>""),IF(OR(P20<=25%,AND(P20>25%,P20<=50%,Q20=0)),"High Emerging Reader",IF(OR(AND(P20>25%,P20<51%,Q20>=1),AND(P20>50%,P20<76%,Q20<=2)),"Developing Reader",IF(OR(AND(P20>=51%,P20<76%,Q20>=3),AND(P20>75%,Q20<=4)),"Transitioning Reader",IF(AND(P20>75%,Q20>=5),"Reading At Grade Level","")))),"")),"") -> Reading At Grade Level
A21: 11 | B21: =IF('G3 MT Reading Scoresheet'!B21<>"",'G3 MT Reading Scoresheet'!B21,"") -> 136651220284 | C21: =IF('G3 MT Reading Scoresheet'!C21<>"",'G3 MT Reading Scoresheet'!C21,"") -> ABRINILLO, VERONICA, SIASAT | D21: =IF('G3 MT Reading Scoresheet'!D21<>"",'G3 MT Reading Scoresheet'!D21,"") -> Male | E21: =IF('G3 MT Reading Scoresheet'!E21<>"",'G3 MT Reading Scoresheet'!E21,"") -> 06/24/2025 | F21: 3 | G21: 0 | H21: =IF(ISBLANK(F21),"",IF(F21=0,0,F21+G21)) -> 3 | I21: =IF(ISBLANK(F21),"",IF(H21=0,"Full Refresher",IF(H21<11,"Moderate Refresher",IF(H21<17,"Light Refresher","Grade Ready")))) -> Moderate Refresher | J21: 1 | K21: 56 | L21: =IF(AND(J21<>"",K21<>""),100-K21,"") -> 44 | M21: 2 | N21: 0 | O21: =IFERROR(IF(AND(J21>0,L21>0,OR(M21>0,N21>0)),(L21/((M21*60)+N21))*60,""),"") -> 22 | P21: =IF(AND(J21<>"",K21<>""),L21/100,"") -> 0.44 | Q21: 1 | R21: 1 | S21: Level 1 | T21: =IF(I21<>"",IF(I21="Full Refresher","Low Emerging Reader",IF(AND(J21>0,P21<>""),IF(OR(P21<=25%,AND(P21>25%,P21<=50%,Q21=0)),"High Emerging Reader",IF(OR(AND(P21>25%,P21<51%,Q21>=1),AND(P21>50%,P21<76%,Q21<=2)),"Developing Reader",IF(OR(AND(P21>=51%,P21<76%,Q21>=3),AND(P21>75%,Q21<=4)),"Transitioning Reader",IF(AND(P21>75%,Q21>=5),"Reading At Grade Level","")))),"")),"") -> Developing Reader
A22: 12 | B22: =IF('G3 MT Reading Scoresheet'!B22<>"",'G3 MT Reading Scoresheet'!B22,"") -> 117443220019 | C22: =IF('G3 MT Reading Scoresheet'!C22<>"",'G3 MT Reading Scoresheet'!C22,"") -> CARDINAL,KISHIA,- | D22: =IF('G3 MT Reading Scoresheet'!D22<>"",'G3 MT Reading Scoresheet'!D22,"") -> Female | E22: =IF('G3 MT Reading Scoresheet'!E22<>"",'G3 MT Reading Scoresheet'!E22,"") -> 06/24/2025 | F22: 10 | G22: 8 | H22: =IF(ISBLANK(F22),"",IF(F22=0,0,F22+G22)) -> 18 | I22: =IF(ISBLANK(F22),"",IF(H22=0,"Full Refresher",IF(H22<11,"Moderate Refresher",IF(H22<17,"Light Refresher","Grade Ready")))) -> Grade Ready | J22: 1 | K22: 14 | L22: =IF(AND(J22<>"",K22<>""),100-K22,"") -> 86 | M22: 2 | N22: 0 | O22: =IFERROR(IF(AND(J22>0,L22>0,OR(M22>0,N22>0)),(L22/((M22*60)+N22))*60,""),"") -> 43 | P22: =IF(AND(J22<>"",K22<>""),L22/100,"") -> 0.86 | Q22: 5 | R22: 4 | S22: Level 2 | T22: =IF(I22<>"",IF(I22="Full Refresher","Low Emerging Reader",IF(AND(J22>0,P22<>""),IF(OR(P22<=25%,AND(P22>25%,P22<=50%,Q22=0)),"High Emerging Reader",IF(OR(AND(P22>25%,P22<51%,Q22>=1),AND(P22>50%,P22<76%,Q22<=2)),"Developing Reader",IF(OR(AND(P22>=51%,P22<76%,Q22>=3),AND(P22>75%,Q22<=4)),"Transitioning Reader",IF(AND(P22>75%,Q22>=5),"Reading At Grade Level","")))),"")),"") -> Reading At Grade Level
... A35: 25 | B35: =IF('G3 MT Reading Scoresheet'!B35<>"",'G3 MT Reading Scoresheet'!B35,"") -> 117692220048 | C35: =IF('G3 MT Reading Scoresheet'!C35<>"",'G3 MT Reading Scoresheet'!C35,"") -> TAPIC, KYZYL ZYNN MJ,- | D35: =IF('G3 MT Reading Scoresheet'!D35<>"",'G3 MT Reading Scoresheet'!D35,"") -> Female | E35: =IF('G3 MT Reading Scoresheet'!E35<>"",'G3 MT Reading Scoresheet'!E35,"") -> 06/24/2025 | F35: 9 | G35: 9 | H35: =IF(ISBLANK(F35),"",IF(F35=0,0,F35+G35)) -> 18 | I35: =IF(ISBLANK(F35),"",IF(H35=0,"Full Refresher",IF(H35<11,"Moderate Refresher",IF(H35<17,"Light Refresher","Grade Ready")))) -> Grade Ready | J35: 1 | K35: 1 | L35: =IF(AND(J35<>"",K35<>""),100-K35,"") -> 99 | M35: 1 | N35: 30 | O35: =IFERROR(IF(AND(J35>0,L35>0,OR(M35>0,N35>0)),(L35/((M35*60)+N35))*60,""),"") -> 66 | P35: =IF(AND(J35<>"",K35<>""),L35/100,"") -> 0.99 | Q35: 5 | R35: 5 | S35: Level 3 | T35: =IF(I35<>"",IF(I35="Full Refresher","Low Emerging Reader",IF(AND(J35>0,P35<>""),IF(OR(P35<=25%,AND(P35>25%,P35<=50%,Q35=0)),"High Emerging Reader",IF(OR(AND(P35>25%,P35<51%,Q35>=1),AND(P35>50%,P35<76%,Q35<=2)),"Developing Reader",IF(OR(AND(P35>=51%,P35<76%,Q35>=3),AND(P35>75%,Q35<=4)),"Transitioning Reader",IF(AND(P35>75%,Q35>=5),"Reading At Grade Level","")))),"")),"") -> Reading At Grade Level
A36: 26 | B36: =IF('G3 MT Reading Scoresheet'!B36<>"",'G3 MT Reading Scoresheet'!B36,"") | C36: =IF('G3 MT Reading Scoresheet'!C36<>"",'G3 MT Reading Scoresheet'!C36,"") | D36: =IF('G3 MT Reading Scoresheet'!D36<>"",'G3 MT Reading Scoresheet'!D36,"") | E36: =IF('G3 MT Reading Scoresheet'!E36<>"",'G3 MT Reading Scoresheet'!E36,"") | H36: =IF(ISBLANK(F36),"",IF(F36=0,0,F36+G36)) | I36: =IF(ISBLANK(F36),"",IF(H36=0,"Full Refresher",IF(H36<11,"Moderate Refresher",IF(H36<17,"Light Refresher","Grade Ready")))) | L36: =IF(AND(J36<>"",K36<>""),100-K36,"") | O36: =IFERROR(IF(AND(J36>0,L36>0,OR(M36>0,N36>0)),(L36/((M36*60)+N36))*60,""),"") | P36: =IF(AND(J36<>"",K36<>""),L36/100,"") | T36: =IF(I36<>"",IF(I36="Full Refresher","Low Emerging Reader",IF(AND(J36>0,P36<>""),IF(OR(P36<=25%,AND(P36>25%,P36<=50%,Q36=0)),"High Emerging Reader",IF(OR(AND(P36>25%,P36<51%,Q36>=1),AND(P36>50%,P36<76%,Q36<=2)),"Developing Reader",IF(OR(AND(P36>=51%,P36<76%,Q36>=3),AND(P36>75%,Q36<=4)),"Transitioning Reader",IF(AND(P36>75%,Q36>=5),"Reading At Grade Level","")))),"")),"")
A37: 27 | B37: =IF('G3 MT Reading Scoresheet'!B37<>"",'G3 MT Reading Scoresheet'!B37,"") | C37: =IF('G3 MT Reading Scoresheet'!C37<>"",'G3 MT Reading Scoresheet'!C37,"") | D37: =IF('G3 MT Reading Scoresheet'!D37<>"",'G3 MT Reading Scoresheet'!D37,"") | E37: =IF('G3 MT Reading Scoresheet'!E37<>"",'G3 MT Reading Scoresheet'!E37,"") | H37: =IF(ISBLANK(F37),"",IF(F37=0,0,F37+G37)) | I37: =IF(ISBLANK(F37),"",IF(H37=0,"Full Refresher",IF(H37<11,"Moderate Refresher",IF(H37<17,"Light Refresher","Grade Ready")))) | L37: =IF(AND(J37<>"",K37<>""),100-K37,"") | O37: =IFERROR(IF(AND(J37>0,L37>0,OR(M37>0,N37>0)),(L37/((M37*60)+N37))*60,""),"") | P37: =IF(AND(J37<>"",K37<>""),L37/100,"") | T37: =IF(I37<>"",IF(I37="Full Refresher","Low Emerging Reader",IF(AND(J37>0,P37<>""),IF(OR(P37<=25%,AND(P37>25%,P37<=50%,Q37=0)),"High Emerging Reader",IF(OR(AND(P37>25%,P37<51%,Q37>=1),AND(P37>50%,P37<76%,Q37<=2)),"Developing Reader",IF(OR(AND(P37>=51%,P37<76%,Q37>=3),AND(P37>75%,Q37<=4)),"Transitioning Reader",IF(AND(P37>75%,Q37>=5),"Reading At Grade Level","")))),"")),"")
A38: 28 | B38: =IF('G3 MT Reading Scoresheet'!B38<>"",'G3 MT Reading Scoresheet'!B38,"") | C38: =IF('G3 MT Reading Scoresheet'!C38<>"",'G3 MT Reading Scoresheet'!C38,"") | D38: =IF('G3 MT Reading Scoresheet'!D38<>"",'G3 MT Reading Scoresheet'!D38,"") | E38: =IF('G3 MT Reading Scoresheet'!E38<>"",'G3 MT Reading Scoresheet'!E38,"") | H38: =IF(ISBLANK(F38),"",IF(F38=0,0,F38+G38)) | I38: =IF(ISBLANK(F38),"",IF(H38=0,"Full Refresher",IF(H38<11,"Moderate Refresher",IF(H38<17,"Light Refresher","Grade Ready")))) | L38: =IF(AND(J38<>"",K38<>""),100-K38,"") | O38: =IFERROR(IF(AND(J38>0,L38>0,OR(M38>0,N38>0)),(L38/((M38*60)+N38))*60,""),"") | P38: =IF(AND(J38<>"",K38<>""),L38/100,"") | T38: =IF(I38<>"",IF(I38="Full Refresher","Low Emerging Reader",IF(AND(J38>0,P38<>""),IF(OR(P38<=25%,AND(P38>25%,P38<=50%,Q38=0)),"High Emerging Reader",IF(OR(AND(P38>25%,P38<51%,Q38>=1),AND(P38>50%,P38<76%,Q38<=2)),"Developing Reader",IF(OR(AND(P38>=51%,P38<76%,Q38>=3),AND(P38>75%,Q38<=4)),"Transitioning Reader",IF(AND(P38>75%,Q38>=5),"Reading At Grade Level","")))),"")),"")
A39: 29 | B39: =IF('G3 MT Reading Scoresheet'!B39<>"",'G3 MT Reading Scoresheet'!B39,"") | C39: =IF('G3 MT Reading Scoresheet'!C39<>"",'G3 MT Reading Scoresheet'!C39,"") | D39: =IF('G3 MT Reading Scoresheet'!D39<>"",'G3 MT Reading Scoresheet'!D39,"") | E39: =IF('G3 MT Reading Scoresheet'!E39<>"",'G3 MT Reading Scoresheet'!E39,"") | H39: =IF(ISBLANK(F39),"",IF(F39=0,0,F39+G39)) | I39: =IF(ISBLANK(F39),"",IF(H39=0,"Full Refresher",IF(H39<11,"Moderate Refresher",IF(H39<17,"Light Refresher","Grade Ready")))) | L39: =IF(AND(J39<>"",K39<>""),100-K39,"") | O39: =IFERROR(IF(AND(J39>0,L39>0,OR(M39>0,N39>0)),(L39/((M39*60)+N39))*60,""),"") | P39: =IF(AND(J39<>"",K39<>""),L39/100,"") | T39: =IF(I39<>"",IF(I39="Full Refresher","Low Emerging Reader",IF(AND(J39>0,P39<>""),IF(OR(P39<=25%,AND(P39>25%,P39<=50%,Q39=0)),"High Emerging Reader",IF(OR(AND(P39>25%,P39<51%,Q39>=1),AND(P39>50%,P39<76%,Q39<=2)),"Developing Reader",IF(OR(AND(P39>=51%,P39<76%,Q39>=3),AND(P39>75%,Q39<=4)),"Transitioning Reader",IF(AND(P39>75%,Q39>=5),"Reading At Grade Level","")))),"")),"")
A40: 30 | B40: =IF('G3 MT Reading Scoresheet'!B40<>"",'G3 MT Reading Scoresheet'!B40,"") | C40: =IF('G3 MT Reading Scoresheet'!C40<>"",'G3 MT Reading Scoresheet'!C40,"") | D40: =IF('G3 MT Reading Scoresheet'!D40<>"",'G3 MT Reading Scoresheet'!D40,"") | E40: =IF('G3 MT Reading Scoresheet'!E40<>"",'G3 MT Reading Scoresheet'!E40,"") | H40: =IF(ISBLANK(F40),"",IF(F40=0,0,F40+G40)) | I40: =IF(ISBLANK(F40),"",IF(H40=0,"Full Refresher",IF(H40<11,"Moderate Refresher",IF(H40<17,"Light Refresher","Grade Ready")))) | L40: =IF(AND(J40<>"",K40<>""),100-K40,"") | O40: =IFERROR(IF(AND(J40>0,L40>0,OR(M40>0,N40>0)),(L40/((M40*60)+N40))*60,""),"") | P40: =IF(AND(J40<>"",K40<>""),L40/100,"") | T40: =IF(I40<>"",IF(I40="Full Refresher","Low Emerging Reader",IF(AND(J40>0,P40<>""),IF(OR(P40<=25%,AND(P40>25%,P40<=50%,Q40=0)),"High Emerging Reader",IF(OR(AND(P40>25%,P40<51%,Q40>=1),AND(P40>50%,P40<76%,Q40<=2)),"Developing Reader",IF(OR(AND(P40>=51%,P40<76%,Q40>=3),AND(P40>75%,Q40<=4)),"Transitioning Reader",IF(AND(P40>75%,Q40>=5),"Reading At Grade Level","")))),"")),"")
A41: 31 | B41: =IF('G3 MT Reading Scoresheet'!B41<>"",'G3 MT Reading Scoresheet'!B41,"") | C41: =IF('G3 MT Reading Scoresheet'!C41<>"",'G3 MT Reading Scoresheet'!C41,"") | D41: =IF('G3 MT Reading Scoresheet'!D41<>"",'G3 MT Reading Scoresheet'!D41,"") | E41: =IF('G3 MT Reading Scoresheet'!E41<>"",'G3 MT Reading Scoresheet'!E41,"") | H41: =IF(ISBLANK(F41),"",IF(F41=0,0,F41+G41)) | I41: =IF(ISBLANK(F41),"",IF(H41=0,"Full Refresher",IF(H41<11,"Moderate Refresher",IF(H41<17,"Light Refresher","Grade Ready")))) | L41: =IF(AND(J41<>"",K41<>""),100-K41,"") | O41: =IFERROR(IF(AND(J41>0,L41>0,OR(M41>0,N41>0)),(L41/((M41*60)+N41))*60,""),"") | P41: =IF(AND(J41<>"",K41<>""),L41/100,"") | T41: =IF(I41<>"",IF(I41="Full Refresher","Low Emerging Reader",IF(AND(J41>0,P41<>""),IF(OR(P41<=25%,AND(P41>25%,P41<=50%,Q41=0)),"High Emerging Reader",IF(OR(AND(P41>25%,P41<51%,Q41>=1),AND(P41>50%,P41<76%,Q41<=2)),"Developing Reader",IF(OR(AND(P41>=51%,P41<76%,Q41>=3),AND(P41>75%,Q41<=4)),"Transitioning Reader",IF(AND(P41>75%,Q41>=5),"Reading At Grade Level","")))),"")),"")
A42: 32 | B42: =IF('G3 MT Reading Scoresheet'!B42<>"",'G3 MT Reading Scoresheet'!B42,"") | C42: =IF('G3 MT Reading Scoresheet'!C42<>"",'G3 MT Reading Scoresheet'!C42,"") | D42: =IF('G3 MT Reading Scoresheet'!D42<>"",'G3 MT Reading Scoresheet'!D42,"") | E42: =IF('G3 MT Reading Scoresheet'!E42<>"",'G3 MT Reading Scoresheet'!E42,"") | H42: =IF(ISBLANK(F42),"",IF(F42=0,0,F42+G42)) | I42: =IF(ISBLANK(F42),"",IF(H42=0,"Full Refresher",IF(H42<11,"Moderate Refresher",IF(H42<17,"Light Refresher","Grade Ready")))) | L42: =IF(AND(J42<>"",K42<>""),100-K42,"") | O42: =IFERROR(IF(AND(J42>0,L42>0,OR(M42>0,N42>0)),(L42/((M42*60)+N42))*60,""),"") | P42: =IF(AND(J42<>"",K42<>""),L42/100,"") | T42: =IF(I42<>"",IF(I42="Full Refresher","Low Emerging Reader",IF(AND(J42>0,P42<>""),IF(OR(P42<=25%,AND(P42>25%,P42<=50%,Q42=0)),"High Emerging Reader",IF(OR(AND(P42>25%,P42<51%,Q42>=1),AND(P42>50%,P42<76%,Q42<=2)),"Developing Reader",IF(OR(AND(P42>=51%,P42<76%,Q42>=3),AND(P42>75%,Q42<=4)),"Transitioning Reader",IF(AND(P42>75%,Q42>=5),"Reading At Grade Level","")))),"")),"")
A43: 33 | B43: =IF('G3 MT Reading Scoresheet'!B43<>"",'G3 MT Reading Scoresheet'!B43,"") | C43: =IF('G3 MT Reading Scoresheet'!C43<>"",'G3 MT Reading Scoresheet'!C43,"") | D43: =IF('G3 MT Reading Scoresheet'!D43<>"",'G3 MT Reading Scoresheet'!D43,"") | E43: =IF('G3 MT Reading Scoresheet'!E43<>"",'G3 MT Reading Scoresheet'!E43,"") | H43: =IF(ISBLANK(F43),"",IF(F43=0,0,F43+G43)) | I43: =IF(ISBLANK(F43),"",IF(H43=0,"Full Refresher",IF(H43<11,"Moderate Refresher",IF(H43<17,"Light Refresher","Grade Ready")))) | L43: =IF(AND(J43<>"",K43<>""),100-K43,"") | O43: =IFERROR(IF(AND(J43>0,L43>0,OR(M43>0,N43>0)),(L43/((M43*60)+N43))*60,""),"") | P43: =IF(AND(J43<>"",K43<>""),L43/100,"") | T43: =IF(I43<>"",IF(I43="Full Refresher","Low Emerging Reader",IF(AND(J43>0,P43<>""),IF(OR(P43<=25%,AND(P43>25%,P43<=50%,Q43=0)),"High Emerging Reader",IF(OR(AND(P43>25%,P43<51%,Q43>=1),AND(P43>50%,P43<76%,Q43<=2)),"Developing Reader",IF(OR(AND(P43>=51%,P43<76%,Q43>=3),AND(P43>75%,Q43<=4)),"Transitioning Reader",IF(AND(P43>75%,Q43>=5),"Reading At Grade Level","")))),"")),"")
A44: 34 | B44: =IF('G3 MT Reading Scoresheet'!B44<>"",'G3 MT Reading Scoresheet'!B44,"") | C44: =IF('G3 MT Reading Scoresheet'!C44<>"",'G3 MT Reading Scoresheet'!C44,"") | D44: =IF('G3 MT Reading Scoresheet'!D44<>"",'G3 MT Reading Scoresheet'!D44,"") | E44: =IF('G3 MT Reading Scoresheet'!E44<>"",'G3 MT Reading Scoresheet'!E44,"") | H44: =IF(ISBLANK(F44),"",IF(F44=0,0,F44+G44)) | I44: =IF(ISBLANK(F44),"",IF(H44=0,"Full Refresher",IF(H44<11,"Moderate Refresher",IF(H44<17,"Light Refresher","Grade Ready")))) | L44: =IF(AND(J44<>"",K44<>""),100-K44,"") | O44: =IFERROR(IF(AND(J44>0,L44>0,OR(M44>0,N44>0)),(L44/((M44*60)+N44))*60,""),"") | P44: =IF(AND(J44<>"",K44<>""),L44/100,"") | T44: =IF(I44<>"",IF(I44="Full Refresher","Low Emerging Reader",IF(AND(J44>0,P44<>""),IF(OR(P44<=25%,AND(P44>25%,P44<=50%,Q44=0)),"High Emerging Reader",IF(OR(AND(P44>25%,P44<51%,Q44>=1),AND(P44>50%,P44<76%,Q44<=2)),"Developing Reader",IF(OR(AND(P44>=51%,P44<76%,Q44>=3),AND(P44>75%,Q44<=4)),"Transitioning Reader",IF(AND(P44>75%,Q44>=5),"Reading At Grade Level","")))),"")),"")
A45: 35 | B45: =IF('G3 MT Reading Scoresheet'!B45<>"",'G3 MT Reading Scoresheet'!B45,"") | C45: =IF('G3 MT Reading Scoresheet'!C45<>"",'G3 MT Reading Scoresheet'!C45,"") | D45: =IF('G3 MT Reading Scoresheet'!D45<>"",'G3 MT Reading Scoresheet'!D45,"") | E45: =IF('G3 MT Reading Scoresheet'!E45<>"",'G3 MT Reading Scoresheet'!E45,"") | H45: =IF(ISBLANK(F45),"",IF(F45=0,0,F45+G45)) | I45: =IF(ISBLANK(F45),"",IF(H45=0,"Full Refresher",IF(H45<11,"Moderate Refresher",IF(H45<17,"Light Refresher","Grade Ready")))) | L45: =IF(AND(J45<>"",K45<>""),100-K45,"") | O45: =IFERROR(IF(AND(J45>0,L45>0,OR(M45>0,N45>0)),(L45/((M45*60)+N45))*60,""),"") | P45: =IF(AND(J45<>"",K45<>""),L45/100,"") | T45: =IF(I45<>"",IF(I45="Full Refresher","Low Emerging Reader",IF(AND(J45>0,P45<>""),IF(OR(P45<=25%,AND(P45>25%,P45<=50%,Q45=0)),"High Emerging Reader",IF(OR(AND(P45>25%,P45<51%,Q45>=1),AND(P45>50%,P45<76%,Q45<=2)),"Developing Reader",IF(OR(AND(P45>=51%,P45<76%,Q45>=3),AND(P45>75%,Q45<=4)),"Transitioning Reader",IF(AND(P45>75%,Q45>=5),"Reading At Grade Level","")))),"")),"")
A46: 36 | B46: =IF('G3 MT Reading Scoresheet'!B46<>"",'G3 MT Reading Scoresheet'!B46,"") | C46: =IF('G3 MT Reading Scoresheet'!C46<>"",'G3 MT Reading Scoresheet'!C46,"") | D46: =IF('G3 MT Reading Scoresheet'!D46<>"",'G3 MT Reading Scoresheet'!D46,"") | E46: =IF('G3 MT Reading Scoresheet'!E46<>"",'G3 MT Reading Scoresheet'!E46,"") | H46: =IF(ISBLANK(F46),"",IF(F46=0,0,F46+G46)) | I46: =IF(ISBLANK(F46),"",IF(H46=0,"Full Refresher",IF(H46<11,"Moderate Refresher",IF(H46<17,"Light Refresher","Grade Ready")))) | L46: =IF(AND(J46<>"",K46<>""),100-K46,"") | O46: =IFERROR(IF(AND(J46>0,L46>0,OR(M46>0,N46>0)),(L46/((M46*60)+N46))*60,""),"") | P46: =IF(AND(J46<>"",K46<>""),L46/100,"") | T46: =IF(I46<>"",IF(I46="Full Refresher","Low Emerging Reader",IF(AND(J46>0,P46<>""),IF(OR(P46<=25%,AND(P46>25%,P46<=50%,Q46=0)),"High Emerging Reader",IF(OR(AND(P46>25%,P46<51%,Q46>=1),AND(P46>50%,P46<76%,Q46<=2)),"Developing Reader",IF(OR(AND(P46>=51%,P46<76%,Q46>=3),AND(P46>75%,Q46<=4)),"Transitioning Reader",IF(AND(P46>75%,Q46>=5),"Reading At Grade Level","")))),"")),"")
A47: 37 | B47: =IF('G3 MT Reading Scoresheet'!B47<>"",'G3 MT Reading Scoresheet'!B47,"") | C47: =IF('G3 MT Reading Scoresheet'!C47<>"",'G3 MT Reading Scoresheet'!C47,"") | D47: =IF('G3 MT Reading Scoresheet'!D47<>"",'G3 MT Reading Scoresheet'!D47,"") | E47: =IF('G3 MT Reading Scoresheet'!E47<>"",'G3 MT Reading Scoresheet'!E47,"") | H47: =IF(ISBLANK(F47),"",IF(F47=0,0,F47+G47)) | I47: =IF(ISBLANK(F47),"",IF(H47=0,"Full Refresher",IF(H47<11,"Moderate Refresher",IF(H47<17,"Light Refresher","Grade Ready")))) | L47: =IF(AND(J47<>"",K47<>""),100-K47,"") | O47: =IFERROR(IF(AND(J47>0,L47>0,OR(M47>0,N47>0)),(L47/((M47*60)+N47))*60,""),"") | P47: =IF(AND(J47<>"",K47<>""),L47/100,"") | T47: =IF(I47<>"",IF(I47="Full Refresher","Low Emerging Reader",IF(AND(J47>0,P47<>""),IF(OR(P47<=25%,AND(P47>25%,P47<=50%,Q47=0)),"High Emerging Reader",IF(OR(AND(P47>25%,P47<51%,Q47>=1),AND(P47>50%,P47<76%,Q47<=2)),"Developing Reader",IF(OR(AND(P47>=51%,P47<76%,Q47>=3),AND(P47>75%,Q47<=4)),"Transitioning Reader",IF(AND(P47>75%,Q47>=5),"Reading At Grade Level","")))),"")),"")
... A69: 59 | B69: =IF('G3 MT Reading Scoresheet'!B69<>"",'G3 MT Reading Scoresheet'!B69,"") | C69: =IF('G3 MT Reading Scoresheet'!C69<>"",'G3 MT Reading Scoresheet'!C69,"") | D69: =IF('G3 MT Reading Scoresheet'!D69<>"",'G3 MT Reading Scoresheet'!D69,"") | E69: =IF('G3 MT Reading Scoresheet'!E69<>"",'G3 MT Reading Scoresheet'!E69,"") | H69: =IF(ISBLANK(F69),"",IF(F69=0,0,F69+G69)) | I69: =IF(ISBLANK(F69),"",IF(H69=0,"Full Refresher",IF(H69<11,"Moderate Refresher",IF(H69<17,"Light Refresher","Grade Ready")))) | L69: =IF(AND(J69<>"",K69<>""),100-K69,"") | O69: =IFERROR(IF(AND(J69>0,L69>0,OR(M69>0,N69>0)),(L69/((M69*60)+N69))*60,""),"") | P69: =IF(AND(J69<>"",K69<>""),L69/100,"") | T69: =IF(I69<>"",IF(I69="Full Refresher","Low Emerging Reader",IF(AND(J69>0,P69<>""),IF(OR(P69<=25%,AND(P69>25%,P69<=50%,Q69=0)),"High Emerging Reader",IF(OR(AND(P69>25%,P69<51%,Q69>=1),AND(P69>50%,P69<76%,Q69<=2)),"Developing Reader",IF(OR(AND(P69>=51%,P69<76%,Q69>=3),AND(P69>75%,Q69<=4)),"Transitioning Reader",IF(AND(P69>75%,Q69>=5),"Reading At Grade Level","")))),"")),"")
A70: =A69+1 -> 60 | B70: =IF('G3 MT Reading Scoresheet'!B70<>"",'G3 MT Reading Scoresheet'!B70,"") | C70: =IF('G3 MT Reading Scoresheet'!C70<>"",'G3 MT Reading Scoresheet'!C70,"") | D70: =IF('G3 MT Reading Scoresheet'!D70<>"",'G3 MT Reading Scoresheet'!D70,"") | E70: =IF('G3 MT Reading Scoresheet'!E70<>"",'G3 MT Reading Scoresheet'!E70,"") | H70: =IF(ISBLANK(F70),"",IF(F70=0,0,F70+G70)) | I70: =IF(ISBLANK(F70),"",IF(H70=0,"Full Refresher",IF(H70<11,"Moderate Refresher",IF(H70<17,"Light Refresher","Grade Ready")))) | L70: =IF(AND(J70<>"",K70<>""),100-K70,"") | O70: =IFERROR(IF(AND(J70>0,L70>0,OR(M70>0,N70>0)),(L70/((M70*60)+N70))*60,""),"") | P70: =IF(AND(J70<>"",K70<>""),L70/100,"") | T70: =IF(I70<>"",IF(I70="Full Refresher","Low Emerging Reader",IF(AND(J70>0,P70<>""),IF(OR(P70<=25%,AND(P70>25%,P70<=50%,Q70=0)),"High Emerging Reader",IF(OR(AND(P70>25%,P70<51%,Q70>=1),AND(P70>50%,P70<76%,Q70<=2)),"Developing Reader",IF(OR(AND(P70>=51%,P70<76%,Q70>=3),AND(P70>75%,Q70<=4)),"Transitioning Reader",IF(AND(P70>75%,Q70>=5),"Reading At Grade Level","")))),"")),"")
A71: =A70+1 -> 61 | B71: =IF('G3 MT Reading Scoresheet'!B71<>"",'G3 MT Reading Scoresheet'!B71,"") | C71: =IF('G3 MT Reading Scoresheet'!C71<>"",'G3 MT Reading Scoresheet'!C71,"") | D71: =IF('G3 MT Reading Scoresheet'!D71<>"",'G3 MT Reading Scoresheet'!D71,"") | E71: =IF('G3 MT Reading Scoresheet'!E71<>"",'G3 MT Reading Scoresheet'!E71,"") | H71: =IF(ISBLANK(F71),"",IF(F71=0,0,F71+G71)) | I71: =IF(ISBLANK(F71),"",IF(H71=0,"Full Refresher",IF(H71<11,"Moderate Refresher",IF(H71<17,"Light Refresher","Grade Ready")))) | L71: =IF(AND(J71<>"",K71<>""),100-K71,"") | O71: =IFERROR(IF(AND(J71>0,L71>0,OR(M71>0,N71>0)),(L71/((M71*60)+N71))*60,""),"") | P71: =IF(AND(J71<>"",K71<>""),L71/100,"") | T71: =IF(I71<>"",IF(I71="Full Refresher","Low Emerging Reader",IF(AND(J71>0,P71<>""),IF(OR(P71<=25%,AND(P71>25%,P71<=50%,Q71=0)),"High Emerging Reader",IF(OR(AND(P71>25%,P71<51%,Q71>=1),AND(P71>50%,P71<76%,Q71<=2)),"Developing Reader",IF(OR(AND(P71>=51%,P71<76%,Q71>=3),AND(P71>75%,Q71<=4)),"Transitioning Reader",IF(AND(P71>75%,Q71>=5),"Reading At Grade Level","")))),"")),"")
A72: =A71+1 -> 62 | B72: =IF('G3 MT Reading Scoresheet'!B72<>"",'G3 MT Reading Scoresheet'!B72,"") | C72: =IF('G3 MT Reading Scoresheet'!C72<>"",'G3 MT Reading Scoresheet'!C72,"") | D72: =IF('G3 MT Reading Scoresheet'!D72<>"",'G3 MT Reading Scoresheet'!D72,"") | E72: =IF('G3 MT Reading Scoresheet'!E72<>"",'G3 MT Reading Scoresheet'!E72,"") | H72: =IF(ISBLANK(F72),"",IF(F72=0,0,F72+G72)) | I72: =IF(ISBLANK(F72),"",IF(H72=0,"Full Refresher",IF(H72<11,"Moderate Refresher",IF(H72<17,"Light Refresher","Grade Ready")))) | L72: =IF(AND(J72<>"",K72<>""),100-K72,"") | O72: =IFERROR(IF(AND(J72>0,L72>0,OR(M72>0,N72>0)),(L72/((M72*60)+N72))*60,""),"") | P72: =IF(AND(J72<>"",K72<>""),L72/100,"") | T72: =IF(I72<>"",IF(I72="Full Refresher","Low Emerging Reader",IF(AND(J72>0,P72<>""),IF(OR(P72<=25%,AND(P72>25%,P72<=50%,Q72=0)),"High Emerging Reader",IF(OR(AND(P72>25%,P72<51%,Q72>=1),AND(P72>50%,P72<76%,Q72<=2)),"Developing Reader",IF(OR(AND(P72>=51%,P72<76%,Q72>=3),AND(P72>75%,Q72<=4)),"Transitioning Reader",IF(AND(P72>75%,Q72>=5),"Reading At Grade Level","")))),"")),"")
A73: =A72+1 -> 63 | B73: =IF('G3 MT Reading Scoresheet'!B73<>"",'G3 MT Reading Scoresheet'!B73,"") | C73: =IF('G3 MT Reading Scoresheet'!C73<>"",'G3 MT Reading Scoresheet'!C73,"") | D73: =IF('G3 MT Reading Scoresheet'!D73<>"",'G3 MT Reading Scoresheet'!D73,"") | E73: =IF('G3 MT Reading Scoresheet'!E73<>"",'G3 MT Reading Scoresheet'!E73,"") | H73: =IF(ISBLANK(F73),"",IF(F73=0,0,F73+G73)) | I73: =IF(ISBLANK(F73),"",IF(H73=0,"Full Refresher",IF(H73<11,"Moderate Refresher",IF(H73<17,"Light Refresher","Grade Ready")))) | L73: =IF(AND(J73<>"",K73<>""),100-K73,"") | O73: =IFERROR(IF(AND(J73>0,L73>0,OR(M73>0,N73>0)),(L73/((M73*60)+N73))*60,""),"") | P73: =IF(AND(J73<>"",K73<>""),L73/100,"") | T73: =IF(I73<>"",IF(I73="Full Refresher","Low Emerging Reader",IF(AND(J73>0,P73<>""),IF(OR(P73<=25%,AND(P73>25%,P73<=50%,Q73=0)),"High Emerging Reader",IF(OR(AND(P73>25%,P73<51%,Q73>=1),AND(P73>50%,P73<76%,Q73<=2)),"Developing Reader",IF(OR(AND(P73>=51%,P73<76%,Q73>=3),AND(P73>75%,Q73<=4)),"Transitioning Reader",IF(AND(P73>75%,Q73>=5),"Reading At Grade Level","")))),"")),"")
A74: =A73+1 -> 64 | B74: =IF('G3 MT Reading Scoresheet'!B74<>"",'G3 MT Reading Scoresheet'!B74,"") | C74: =IF('G3 MT Reading Scoresheet'!C74<>"",'G3 MT Reading Scoresheet'!C74,"") | D74: =IF('G3 MT Reading Scoresheet'!D74<>"",'G3 MT Reading Scoresheet'!D74,"") | E74: =IF('G3 MT Reading Scoresheet'!E74<>"",'G3 MT Reading Scoresheet'!E74,"") | H74: =IF(ISBLANK(F74),"",IF(F74=0,0,F74+G74)) | I74: =IF(ISBLANK(F74),"",IF(H74=0,"Full Refresher",IF(H74<11,"Moderate Refresher",IF(H74<17,"Light Refresher","Grade Ready")))) | L74: =IF(AND(J74<>"",K74<>""),100-K74,"") | O74: =IFERROR(IF(AND(J74>0,L74>0,OR(M74>0,N74>0)),(L74/((M74*60)+N74))*60,""),"") | P74: =IF(AND(J74<>"",K74<>""),L74/100,"") | T74: =IF(I74<>"",IF(I74="Full Refresher","Low Emerging Reader",IF(AND(J74>0,P74<>""),IF(OR(P74<=25%,AND(P74>25%,P74<=50%,Q74=0)),"High Emerging Reader",IF(OR(AND(P74>25%,P74<51%,Q74>=1),AND(P74>50%,P74<76%,Q74<=2)),"Developing Reader",IF(OR(AND(P74>=51%,P74<76%,Q74>=3),AND(P74>75%,Q74<=4)),"Transitioning Reader",IF(AND(P74>75%,Q74>=5),"Reading At Grade Level","")))),"")),"")
A75: =A74+1 -> 65 | B75: =IF('G3 MT Reading Scoresheet'!B75<>"",'G3 MT Reading Scoresheet'!B75,"") | C75: =IF('G3 MT Reading Scoresheet'!C75<>"",'G3 MT Reading Scoresheet'!C75,"") | D75: =IF('G3 MT Reading Scoresheet'!D75<>"",'G3 MT Reading Scoresheet'!D75,"") | E75: =IF('G3 MT Reading Scoresheet'!E75<>"",'G3 MT Reading Scoresheet'!E75,"") | H75: =IF(ISBLANK(F75),"",IF(F75=0,0,F75+G75)) | I75: =IF(ISBLANK(F75),"",IF(H75=0,"Full Refresher",IF(H75<11,"Moderate Refresher",IF(H75<17,"Light Refresher","Grade Ready")))) | L75: =IF(AND(J75<>"",K75<>""),100-K75,"") | O75: =IFERROR(IF(AND(J75>0,L75>0,OR(M75>0,N75>0)),(L75/((M75*60)+N75))*60,""),"") | P75: =IF(AND(J75<>"",K75<>""),L75/100,"") | T75: =IF(I75<>"",IF(I75="Full Refresher","Low Emerging Reader",IF(AND(J75>0,P75<>""),IF(OR(P75<=25%,AND(P75>25%,P75<=50%,Q75=0)),"High Emerging Reader",IF(OR(AND(P75>25%,P75<51%,Q75>=1),AND(P75>50%,P75<76%,Q75<=2)),"Developing Reader",IF(OR(AND(P75>=51%,P75<76%,Q75>=3),AND(P75>75%,Q75<=4)),"Transitioning Reader",IF(AND(P75>75%,Q75>=5),"Reading At Grade Level","")))),"")),"")
A76: =A75+1 -> 66 | B76: =IF('G3 MT Reading Scoresheet'!B76<>"",'G3 MT Reading Scoresheet'!B76,"") | C76: =IF('G3 MT Reading Scoresheet'!C76<>"",'G3 MT Reading Scoresheet'!C76,"") | D76: =IF('G3 MT Reading Scoresheet'!D76<>"",'G3 MT Reading Scoresheet'!D76,"") | E76: =IF('G3 MT Reading Scoresheet'!E76<>"",'G3 MT Reading Scoresheet'!E76,"") | H76: =IF(ISBLANK(F76),"",IF(F76=0,0,F76+G76)) | I76: =IF(ISBLANK(F76),"",IF(H76=0,"Full Refresher",IF(H76<11,"Moderate Refresher",IF(H76<17,"Light Refresher","Grade Ready")))) | L76: =IF(AND(J76<>"",K76<>""),100-K76,"") | O76: =IFERROR(IF(AND(J76>0,L76>0,OR(M76>0,N76>0)),(L76/((M76*60)+N76))*60,""),"") | P76: =IF(AND(J76<>"",K76<>""),L76/100,"") | T76: =IF(I76<>"",IF(I76="Full Refresher","Low Emerging Reader",IF(AND(J76>0,P76<>""),IF(OR(P76<=25%,AND(P76>25%,P76<=50%,Q76=0)),"High Emerging Reader",IF(OR(AND(P76>25%,P76<51%,Q76>=1),AND(P76>50%,P76<76%,Q76<=2)),"Developing Reader",IF(OR(AND(P76>=51%,P76<76%,Q76>=3),AND(P76>75%,Q76<=4)),"Transitioning Reader",IF(AND(P76>75%,Q76>=5),"Reading At Grade Level","")))),"")),"")
A77: =A76+1 -> 67 | B77: =IF('G3 MT Reading Scoresheet'!B77<>"",'G3 MT Reading Scoresheet'!B77,"") | C77: =IF('G3 MT Reading Scoresheet'!C77<>"",'G3 MT Reading Scoresheet'!C77,"") | D77: =IF('G3 MT Reading Scoresheet'!D77<>"",'G3 MT Reading Scoresheet'!D77,"") | E77: =IF('G3 MT Reading Scoresheet'!E77<>"",'G3 MT Reading Scoresheet'!E77,"") | H77: =IF(ISBLANK(F77),"",IF(F77=0,0,F77+G77)) | I77: =IF(ISBLANK(F77),"",IF(H77=0,"Full Refresher",IF(H77<11,"Moderate Refresher",IF(H77<17,"Light Refresher","Grade Ready")))) | L77: =IF(AND(J77<>"",K77<>""),100-K77,"") | O77: =IFERROR(IF(AND(J77>0,L77>0,OR(M77>0,N77>0)),(L77/((M77*60)+N77))*60,""),"") | P77: =IF(AND(J77<>"",K77<>""),L77/100,"") | T77: =IF(I77<>"",IF(I77="Full Refresher","Low Emerging Reader",IF(AND(J77>0,P77<>""),IF(OR(P77<=25%,AND(P77>25%,P77<=50%,Q77=0)),"High Emerging Reader",IF(OR(AND(P77>25%,P77<51%,Q77>=1),AND(P77>50%,P77<76%,Q77<=2)),"Developing Reader",IF(OR(AND(P77>=51%,P77<76%,Q77>=3),AND(P77>75%,Q77<=4)),"Transitioning Reader",IF(AND(P77>75%,Q77>=5),"Reading At Grade Level","")))),"")),"")
A78: =A77+1 -> 68 | B78: =IF('G3 MT Reading Scoresheet'!B78<>"",'G3 MT Reading Scoresheet'!B78,"") | C78: =IF('G3 MT Reading Scoresheet'!C78<>"",'G3 MT Reading Scoresheet'!C78,"") | D78: =IF('G3 MT Reading Scoresheet'!D78<>"",'G3 MT Reading Scoresheet'!D78,"") | E78: =IF('G3 MT Reading Scoresheet'!E78<>"",'G3 MT Reading Scoresheet'!E78,"") | H78: =IF(ISBLANK(F78),"",IF(F78=0,0,F78+G78)) | I78: =IF(ISBLANK(F78),"",IF(H78=0,"Full Refresher",IF(H78<11,"Moderate Refresher",IF(H78<17,"Light Refresher","Grade Ready")))) | L78: =IF(AND(J78<>"",K78<>""),100-K78,"") | O78: =IFERROR(IF(AND(J78>0,L78>0,OR(M78>0,N78>0)),(L78/((M78*60)+N78))*60,""),"") | P78: =IF(AND(J78<>"",K78<>""),L78/100,"") | T78: =IF(I78<>"",IF(I78="Full Refresher","Low Emerging Reader",IF(AND(J78>0,P78<>""),IF(OR(P78<=25%,AND(P78>25%,P78<=50%,Q78=0)),"High Emerging Reader",IF(OR(AND(P78>25%,P78<51%,Q78>=1),AND(P78>50%,P78<76%,Q78<=2)),"Developing Reader",IF(OR(AND(P78>=51%,P78<76%,Q78>=3),AND(P78>75%,Q78<=4)),"Transitioning Reader",IF(AND(P78>75%,Q78>=5),"Reading At Grade Level","")))),"")),"")
A79: =A78+1 -> 69 | B79: =IF('G3 MT Reading Scoresheet'!B79<>"",'G3 MT Reading Scoresheet'!B79,"") | C79: =IF('G3 MT Reading Scoresheet'!C79<>"",'G3 MT Reading Scoresheet'!C79,"") | D79: =IF('G3 MT Reading Scoresheet'!D79<>"",'G3 MT Reading Scoresheet'!D79,"") | E79: =IF('G3 MT Reading Scoresheet'!E79<>"",'G3 MT Reading Scoresheet'!E79,"") | H79: =IF(ISBLANK(F79),"",IF(F79=0,0,F79+G79)) | I79: =IF(ISBLANK(F79),"",IF(H79=0,"Full Refresher",IF(H79<11,"Moderate Refresher",IF(H79<17,"Light Refresher","Grade Ready")))) | L79: =IF(AND(J79<>"",K79<>""),100-K79,"") | O79: =IFERROR(IF(AND(J79>0,L79>0,OR(M79>0,N79>0)),(L79/((M79*60)+N79))*60,""),"") | P79: =IF(AND(J79<>"",K79<>""),L79/100,"") | T79: =IF(I79<>"",IF(I79="Full Refresher","Low Emerging Reader",IF(AND(J79>0,P79<>""),IF(OR(P79<=25%,AND(P79>25%,P79<=50%,Q79=0)),"High Emerging Reader",IF(OR(AND(P79>25%,P79<51%,Q79>=1),AND(P79>50%,P79<76%,Q79<=2)),"Developing Reader",IF(OR(AND(P79>=51%,P79<76%,Q79>=3),AND(P79>75%,Q79<=4)),"Transitioning Reader",IF(AND(P79>75%,Q79>=5),"Reading At Grade Level","")))),"")),"")
A80: =A79+1 -> 70 | B80: =IF('G3 MT Reading Scoresheet'!B80<>"",'G3 MT Reading Scoresheet'!B80,"") | C80: =IF('G3 MT Reading Scoresheet'!C80<>"",'G3 MT Reading Scoresheet'!C80,"") | D80: =IF('G3 MT Reading Scoresheet'!D80<>"",'G3 MT Reading Scoresheet'!D80,"") | E80: =IF('G3 MT Reading Scoresheet'!E80<>"",'G3 MT Reading Scoresheet'!E80,"") | H80: =IF(ISBLANK(F80),"",IF(F80=0,0,F80+G80)) | I80: =IF(ISBLANK(F80),"",IF(H80=0,"Full Refresher",IF(H80<11,"Moderate Refresher",IF(H80<17,"Light Refresher","Grade Ready")))) | L80: =IF(AND(J80<>"",K80<>""),100-K80,"") | O80: =IFERROR(IF(AND(J80>0,L80>0,OR(M80>0,N80>0)),(L80/((M80*60)+N80))*60,""),"") | P80: =IF(AND(J80<>"",K80<>""),L80/100,"") | T80: =IF(I80<>"",IF(I80="Full Refresher","Low Emerging Reader",IF(AND(J80>0,P80<>""),IF(OR(P80<=25%,AND(P80>25%,P80<=50%,Q80=0)),"High Emerging Reader",IF(OR(AND(P80>25%,P80<51%,Q80>=1),AND(P80>50%,P80<76%,Q80<=2)),"Developing Reader",IF(OR(AND(P80>=51%,P80<76%,Q80>=3),AND(P80>75%,Q80<=4)),"Transitioning Reader",IF(AND(P80>75%,Q80>=5),"Reading At Grade Level","")))),"")),"")
A81: =A80+1 -> 71 | B81: =IF('G3 MT Reading Scoresheet'!B81<>"",'G3 MT Reading Scoresheet'!B81,"") | C81: =IF('G3 MT Reading Scoresheet'!C81<>"",'G3 MT Reading Scoresheet'!C81,"") | D81: =IF('G3 MT Reading Scoresheet'!D81<>"",'G3 MT Reading Scoresheet'!D81,"") | E81: =IF('G3 MT Reading Scoresheet'!E81<>"",'G3 MT Reading Scoresheet'!E81,"") | H81: =IF(ISBLANK(F81),"",IF(F81=0,0,F81+G81)) | I81: =IF(ISBLANK(F81),"",IF(H81=0,"Full Refresher",IF(H81<11,"Moderate Refresher",IF(H81<17,"Light Refresher","Grade Ready")))) | L81: =IF(AND(J81<>"",K81<>""),100-K81,"") | O81: =IFERROR(IF(AND(J81>0,L81>0,OR(M81>0,N81>0)),(L81/((M81*60)+N81))*60,""),"") | P81: =IF(AND(J81<>"",K81<>""),L81/100,"") | T81: =IF(I81<>"",IF(I81="Full Refresher","Low Emerging Reader",IF(AND(J81>0,P81<>""),IF(OR(P81<=25%,AND(P81>25%,P81<=50%,Q81=0)),"High Emerging Reader",IF(OR(AND(P81>25%,P81<51%,Q81>=1),AND(P81>50%,P81<76%,Q81<=2)),"Developing Reader",IF(OR(AND(P81>=51%,P81<76%,Q81>=3),AND(P81>75%,Q81<=4)),"Transitioning Reader",IF(AND(P81>75%,Q81>=5),"Reading At Grade Level","")))),"")),"")
... A109: =A108+1 -> 99 | B109: =IF('G3 MT Reading Scoresheet'!B109<>"",'G3 MT Reading Scoresheet'!B109,"") | C109: =IF('G3 MT Reading Scoresheet'!C109<>"",'G3 MT Reading Scoresheet'!C109,"") | D109: =IF('G3 MT Reading Scoresheet'!D109<>"",'G3 MT Reading Scoresheet'!D109,"") | E109: =IF('G3 MT Reading Scoresheet'!E109<>"",'G3 MT Reading Scoresheet'!E109,"") | H109: =IF(ISBLANK(F109),"",IF(F109=0,0,F109+G109)) | I109: =IF(ISBLANK(F109),"",IF(H109=0,"Full Refresher",IF(H109<11,"Moderate Refresher",IF(H109<17,"Light Refresher","Grade Ready")))) | L109: =IF(AND(J109<>"",K109<>""),100-K109,"") | O109: =IFERROR(IF(AND(J109>0,L109>0,OR(M109>0,N109>0)),(L109/((M109*60)+N109))*60,""),"") | P109: =IF(AND(J109<>"",K109<>""),L109/100,"") | T109: =IF(I109<>"",IF(I109="Full Refresher","Low Emerging Reader",IF(AND(J109>0,P109<>""),IF(OR(P109<=25%,AND(P109>25%,P109<=50%,Q109=0)),"High Emerging Reader",IF(OR(AND(P109>25%,P109<51%,Q109>=1),AND(P109>50%,P109<76%,Q109<=2)),"Developing Reader",IF(OR(AND(P109>=51%,P109<76%,Q109>=3),AND(P109>75%,Q109<=4)),"Transitioning Reader",IF(AND(P109>75%,Q109>=5),"Reading At Grade Level","")))),"")),"")
A110: 100 | B110: =IF('G3 MT Reading Scoresheet'!B110<>"",'G3 MT Reading Scoresheet'!B110,"") | C110: =IF('G3 MT Reading Scoresheet'!C110<>"",'G3 MT Reading Scoresheet'!C110,"") | D110: =IF('G3 MT Reading Scoresheet'!D110<>"",'G3 MT Reading Scoresheet'!D110,"") | E110: =IF('G3 MT Reading Scoresheet'!E110<>"",'G3 MT Reading Scoresheet'!E110,"") | H110: =IF(ISBLANK(F110),"",IF(F110=0,0,F110+G110)) | I110: =IF(ISBLANK(F110),"",IF(H110=0,"Full Refresher",IF(H110<11,"Moderate Refresher",IF(H110<17,"Light Refresher","Grade Ready")))) | L110: =IF(AND(J110<>"",K110<>""),100-K110,"") | O110: =IFERROR(IF(AND(J110>0,L110>0,OR(M110>0,N110>0)),(L110/((M110*60)+N110))*60,""),"") | P110: =IF(AND(J110<>"",K110<>""),L110/100,"") | T110: =IF(I110<>"",IF(I110="Full Refresher","Low Emerging Reader",IF(AND(J110>0,P110<>""),IF(OR(P110<=25%,AND(P110>25%,P110<=50%,Q110=0)),"High Emerging Reader",IF(OR(AND(P110>25%,P110<51%,Q110>=1),AND(P110>50%,P110<76%,Q110<=2)),"Developing Reader",IF(OR(AND(P110>=51%,P110<76%,Q110>=3),AND(P110>75%,Q110<=4)),"Transitioning Reader",IF(AND(P110>75%,Q110>=5),"Reading At Grade Level","")))),"")),"")

Sheet Class Record
A4: School: | C4: ='G3 MT Reading Scoresheet'!$C$5 -> ROMANA ELEM. SCHOOL | E4: GRADE 3 Reading Assessment CLASS RECORD
A5: Teacher: | C5: ='G3 MT Reading Scoresheet'!C6 -> KEMBERLY G. BELMIS | E5: =CONCATENATE("MOTHER TONGUE","(",'G3 MT Reading Scoresheet'!C9,")") -> MOTHER TONGUE(Hiligaynon) | K5: FILIPINO | Q5: ENGLISH | W5: Remarks
A6: Grade: | C6: Grade 3 | E6: Assessment Part 1 | G6: Assessment Part 2 | J6: READING PROFILE | K6: Assessment Part 1 | M6: Assessment Part2 | P6: READING PROFILE | Q6: Assessment Part 1 | S6: Assessment Part 2 | V6: READING PROFILE
A7: S/N | B7: LRN | C7: Name of Learner | D7: Sex | E7: Assessment Part 1 Reading Level | F7: % of Total Score | G7: Reading Fluency | H7: Reading Comprehension | I7: Average Word Per Minute | K7: Assessment Part 1 Reading Level | L7: % of Total Score | M7: Reading Fluency | N7: Reading Comprehension | O7: Average Word Per Minute | Q7: Assessment Part 1 Reading Level | R7: % of Total Score | S7: Reading Fluency | T7: Reading Comprehension | U7: Average Word Per Minute
A8: 1 | B8: =IF('G3 MT Reading Scoresheet'!B11<>"",'G3 MT Reading Scoresheet'!B11,"") -> 117443220001 | C8: =IF('G3 MT Reading Scoresheet'!C11<>"",'G3 MT Reading Scoresheet'!C11,"") -> ABAY, KENNETH ALEXANDER, NALAONAN | D8: =IF('G3 MT Reading Scoresheet'!D11<>"",'G3 MT Reading Scoresheet'!D11,"") -> Male | E8: ='G3 MT Reading Scoresheet'!$J11 -> Light Refresher | F8: =IF($C8<>"",'G3 MT Reading Scoresheet'!$I11/30,"") -> 0.86666667 | G8: =IF(AND($C8<>"",$E8<>"Full Refresher"),'G3 MT Reading Scoresheet'!$Q11,"") -> 0.98347107 | H8: =IF(AND($C8<>"",$E8<>"Full Refresher"),'G3 MT Reading Scoresheet'!$R11/7,"") -> 0.71428571 | I8: =IF(AND($C8<>"",$E8<>"Full Refresher"),'G3 MT Reading Scoresheet'!$P11,"") -> 39.666667 | J8: ='G3 MT Reading Scoresheet'!$U11 -> Transitioning Reader | K8: ='G3 FIL Reading Scoresheet'!$J11 -> Light Refresher | L8: =IF($C8<>"",'G3 FIL Reading Scoresheet'!$I11/30,"") -> 0.86666667 | M8: =IF(AND($C8<>"",$K8<>"Full Refresher"),'G3 MT Reading Scoresheet'!$Q11,"") -> 0.98347107 | N8: =IF(AND($C8<>"",$K8<>"Full Refresher"),'G3 MT Reading Scoresheet'!$R11/7,"") -> 0.71428571 | O8: =IF(AND($C8<>"",$K8<>"Full Refresher"),'G3 FIL Reading Scoresheet'!$P11,"") -> 33.666667 | P8: ='G3 FIL Reading Scoresheet'!$U11 -> Transitioning Reader | Q8: ='G3 ENG Reading Scoresheet'!$I11 -> Grade Ready | R8: =IF($C8<>"",'G3 ENG Reading Scoresheet'!$H11/20,"") -> 0.85 | S8: =IF(AND($C8<>"",$Q8<>"Full Refresher"),'G3 ENG Reading Scoresheet'!$P11,"") -> 0.7 | T8: =IF(AND($C8<>"",$Q8<>"Full Refresher"),'G3 ENG Reading Scoresheet'!$Q11/6,"") -> 0.83333333 | U8: =IF(AND($C8<>"",$O8<>"Full Refresher"),'G3 ENG Reading Scoresheet'!$O11,"") -> 35 | V8: ='G3 ENG Reading Scoresheet'!$T11 -> Transitioning Reader | W8: =CONCATENATE(IF(ISBLANK('G3 MT Reading Scoresheet'!V11),"",CONCATENATE("MT:",TRIM('G3 MT Reading Scoresheet'!V11)))," ",IF(ISBLANK('G3 FIL Reading Scoresheet'!V11),"",CONCATENATE("FIL:",TRIM('G3 FIL Reading Scoresheet'!V11)))," ",IF(ISBLANK('G3 ENG Reading Scoresheet'!U11),"",CONCATENATE("ENG:",TRIM('G3 ENG Reading Scoresheet'!U11))))
A9: 2 | B9: =IF('G3 MT Reading Scoresheet'!B12<>"",'G3 MT Reading Scoresheet'!B12,"") -> 11744322002 | C9: =IF('G3 MT Reading Scoresheet'!C12<>"",'G3 MT Reading Scoresheet'!C12,"") -> BANARAIA, KEEPER, ABAY | D9: =IF('G3 MT Reading Scoresheet'!D12<>"",'G3 MT Reading Scoresheet'!D12,"") -> Male | E9: ='G3 MT Reading Scoresheet'!$J12 -> Moderate Refresher | F9: =IF(C9<>"",'G3 MT Reading Scoresheet'!$I12/30,"") -> 0.36666667 | G9: =IF(AND($C9<>"",$E9<>"Full Refresher"),'G3 MT Reading Scoresheet'!$Q12,"") -> 1 | H9: =IF(AND(C9<>"",E9<>"Full Refresher"),'G3 MT Reading Scoresheet'!$R12/7,"") -> 0.85714286 | I9: =IF(AND($C9<>"",$E9<>"Full Refresher"),'G3 MT Reading Scoresheet'!$P12,"") -> 43.73494 | J9: ='G3 MT Reading Scoresheet'!$U12 -> Reading At Grade Level | K9: ='G3 FIL Reading Scoresheet'!$J12 -> Full Refresher | L9: =IF($C9<>"",'G3 FIL Reading Scoresheet'!$I12/30,"") -> 0.33333333 | M9: =IF(AND($C9<>"",$K9<>"Full Refresher"),'G3 MT Reading Scoresheet'!$Q12,"") | N9: =IF(AND($C9<>"",$K9<>"Full Refresher"),'G3 MT Reading Scoresheet'!$R12/7,"") | O9: =IF(AND($C9<>"",$K9<>"Full Refresher"),'G3 FIL Reading Scoresheet'!$P12,"") | P9: ='G3 FIL Reading Scoresheet'!$U12 -> Low Emerging Reader | Q9: ='G3 ENG Reading Scoresheet'!$I12 -> Light Refresher | R9: =IF($C9<>"",'G3 ENG Reading Scoresheet'!$H12/20,"") -> 0.7 | S9: =IF(AND($C9<>"",$Q9<>"Full Refresher"),'G3 ENG Reading Scoresheet'!$P12,"") -> 0.75 | T9: =IF(AND($C9<>"",$Q9<>"Full Refresher"),'G3 ENG Reading Scoresheet'!$Q12/6,"") -> 0.83333333 | U9: =IF(AND($C9<>"",$O9<>"Full Refresher"),'G3 ENG Reading Scoresheet'!$O12,"") -> 37.5 | V9: ='G3 ENG Reading Scoresheet'!$T12 -> Transitioning Reader | W9: =CONCATENATE(IF(ISBLANK('G3 MT Reading Scoresheet'!V12),"",CONCATENATE("MT:",TRIM('G3 MT Reading Scoresheet'!V12)))," ",IF(ISBLANK('G3 FIL Reading Scoresheet'!V12),"",CONCATENATE("FIL:",TRIM('G3 FIL Reading Scoresheet'!V12)))," ",IF(ISBLANK('G3 ENG Reading Scoresheet'!U12),"",CONCATENATE("ENG:",TRIM('G3 ENG Reading Scoresheet'!U12))))
A10: 3 | B10: =IF('G3 MT Reading Scoresheet'!B13<>"",'G3 MT Reading Scoresheet'!B13,"") -> 117443220017 | C10: =IF('G3 MT Reading Scoresheet'!C13<>"",'G3 MT Reading Scoresheet'!C13,"") -> BARGASA, EDSEL JHON,- | D10: =IF('G3 MT Reading Scoresheet'!D13<>"",'G3 MT Reading Scoresheet'!D13,"") -> Male | E10: ='G3 MT Reading Scoresheet'!$J13 -> Light Refresher | F10: =IF(C10<>"",'G3 MT Reading Scoresheet'!$I13/30,"") -> 0.86666667 | G10: =IF(AND($C10<>"",$E10<>"Full Refresher"),'G3 MT Reading Scoresheet'!$Q13,"") -> 0.95867769 | H10: =IF(AND(C10<>"",E10<>"Full Refresher"),'G3 MT Reading Scoresheet'!$R13/7,"") -> 1 | I10: =IF(AND($C10<>"",$E10<>"Full Refresher"),'G3 MT Reading Scoresheet'!$P13,"") -> 73.263158 | J10: ='G3 MT Reading Scoresheet'!$U13 -> Reading At Grade Level | K10: ='G3 FIL Reading Scoresheet'!$J13 -> Grade Ready | L10: =IF($C10<>"",'G3 FIL Reading Scoresheet'!$I13/30,"") -> 0.93333333 | M10: =IF(AND($C10<>"",$K10<>"Full Refresher"),'G3 MT Reading Scoresheet'!$Q13,"") -> 0.95867769 | N10: =IF(AND($C10<>"",$K10<>"Full Refresher"),'G3 MT Reading Scoresheet'!$R13/7,"") -> 1 | O10: =IF(AND($C10<>"",$K10<>"Full Refresher"),'G3 FIL Reading Scoresheet'!$P13,"") -> 72.727273 | P10: ='G3 FIL Reading Scoresheet'!$U13 -> Reading At Grade Level | Q10: ='G3 ENG Reading Scoresheet'!$I13 -> Grade Ready | R10: =IF($C10<>"",'G3 ENG Reading Scoresheet'!$H13/20,"") -> 0.9 | S10: =IF(AND($C10<>"",$Q10<>"Full Refresher"),'G3 ENG Reading Scoresheet'!$P13,"") -> 0.98 | T10: =IF(AND($C10<>"",$Q10<>"Full Refresher"),'G3 ENG Reading Scoresheet'!$Q13/6,"") -> 1 | U10: =IF(AND($C10<>"",$O10<>"Full Refresher"),'G3 ENG Reading Scoresheet'!$O13,"") -> 65.333333 | V10: ='G3 ENG Reading Scoresheet'!$T13 -> Reading At Grade Level | W10: =CONCATENATE(IF(ISBLANK('G3 MT Reading Scoresheet'!V13),"",CONCATENATE("MT:",TRIM('G3 MT Reading Scoresheet'!V13)))," ",IF(ISBLANK('G3 FIL Reading Scoresheet'!V13),"",CONCATENATE("FIL:",TRIM('G3 FIL Reading Scoresheet'!V13)))," ",IF(ISBLANK('G3 ENG Reading Scoresheet'!U13),"",CONCATENATE("ENG:",TRIM('G3 ENG Reading Scoresheet'!U13))))
A11: 4 | B11: =IF('G3 MT Reading Scoresheet'!B14<>"",'G3 MT Reading Scoresheet'!B14,"") -> 117443220006 | C11: =IF('G3 MT Reading Scoresheet'!C14<>"",'G3 MT Reading Scoresheet'!C14,"") -> DUMANIEL, KEVIN JOHN , ALVAREZ | D11: =IF('G3 MT Reading Scoresheet'!D14<>"",'G3 MT Reading Scoresheet'!D14,"") -> Male | E11: ='G3 MT Reading Scoresheet'!$J14 -> Light Refresher | F11: =IF(C11<>"",'G3 MT Reading Scoresheet'!$I14/30,"") -> 0.86666667 | G11: =IF(AND($C11<>"",$E11<>"Full Refresher"),'G3 MT Reading Scoresheet'!$Q14,"") -> 0.94214876 | H11: =IF(AND(C11<>"",E11<>"Full Refresher"),'G3 MT Reading Scoresheet'!$R14/7,"") -> 0.42857143 | I11: =IF(AND($C11<>"",$E11<>"Full Refresher"),'G3 MT Reading Scoresheet'!$P14,"") -> 38 | J11: ='G3 MT Reading Scoresheet'!$U14 -> Transitioning Reader | K11: ='G3 FIL Reading Scoresheet'!$J14 -> Grade Ready | L11: =IF($C11<>"",'G3 FIL Reading Scoresheet'!$I14/30,"") -> 0.9 | M11: =IF(AND($C11<>"",$K11<>"Full Refresher"),'G3 MT Reading Scoresheet'!$Q14,"") -> 0.94214876 | N11: =IF(AND($C11<>"",$K11<>"Full Refresher"),'G3 MT Reading Scoresheet'!$R14/7,"") -> 0.42857143 | O11: =IF(AND($C11<>"",$K11<>"Full Refresher"),'G3 FIL Reading Scoresheet'!$P14,"") -> 38.666667 | P11: ='G3 FIL Reading Scoresheet'!$U14 -> Reading At Grade Level | Q11: ='G3 ENG Reading Scoresheet'!$I14 -> Light Refresher | R11: =IF($C11<>"",'G3 ENG Reading Scoresheet'!$H14/20,"") -> 0.75 | S11: =IF(AND($C11<>"",$Q11<>"Full Refresher"),'G3 ENG Reading Scoresheet'!$P14,"") -> 0.7 | T11: =IF(AND($C11<>"",$Q11<>"Full Refresher"),'G3 ENG Reading Scoresheet'!$Q14/6,"") -> 0.33333333 | U11: =IF(AND($C11<>"",$O11<>"Full Refresher"),'G3 ENG Reading Scoresheet'!$O14,"") -> 35 | V11: ='G3 ENG Reading Scoresheet'!$T14 -> Developing Reader | W11: =CONCATENATE(IF(ISBLANK('G3 MT Reading Scoresheet'!V14),"",CONCATENATE("MT:",TRIM('G3 MT Reading Scoresheet'!V14)))," ",IF(ISBLANK('G3 FIL Reading Scoresheet'!V14),"",CONCATENATE("FIL:",TRIM('G3 FIL Reading Scoresheet'!V14)))," ",IF(ISBLANK('G3 ENG Reading Scoresheet'!U14),"",CONCATENATE("ENG:",TRIM('G3 ENG Reading Scoresheet'!U14))))
A12: 5 | B12: =IF('G3 MT Reading Scoresheet'!B15<>"",'G3 MT Reading Scoresheet'!B15,"") -> 117443220018 | C12: =IF('G3 MT Reading Scoresheet'!C15<>"",'G3 MT Reading Scoresheet'!C15,"") -> ESTOCADA, JOEMARIE III, OMPAD | D12: =IF('G3 MT Reading Scoresheet'!D15<>"",'G3 MT Reading Scoresheet'!D15,"") -> Male | E12: ='G3 MT Reading Scoresheet'!$J15 -> Light Refresher | F12: =IF(C12<>"",'G3 MT Reading Scoresheet'!$I15/30,"") -> 0.86666667 | G12: =IF(AND($C12<>"",$E12<>"Full Refresher"),'G3 MT Reading Scoresheet'!$Q15,"") -> 0.95867769 | H12: =IF(AND(C12<>"",E12<>"Full Refresher"),'G3 MT Reading Scoresheet'!$R15/7,"") -> 0.42857143 | I12: =IF(AND($C12<>"",$E12<>"Full Refresher"),'G3 MT Reading Scoresheet'!$P15,"") -> 38.666667 | J12: ='G3 MT Reading Scoresheet'!$U15 -> Transitioning Reader | K12: ='G3 FIL Reading Scoresheet'!$J15 -> Light Refresher | L12: =IF($C12<>"",'G3 FIL Reading Scoresheet'!$I15/30,"") -> 0.8 | M12: =IF(AND($C12<>"",$K12<>"Full Refresher"),'G3 MT Reading Scoresheet'!$Q15,"") -> 0.95867769 | N12: =IF(AND($C12<>"",$K12<>"Full Refresher"),'G3 MT Reading Scoresheet'!$R15/7,"") -> 0.42857143 | O12: =IF(AND($C12<>"",$K12<>"Full Refresher"),'G3 FIL Reading Scoresheet'!$P15,"") -> 37 | P12: ='G3 FIL Reading Scoresheet'!$U15 -> Transitioning Reader | Q12: ='G3 ENG Reading Scoresheet'!$I15 -> Light Refresher | R12: =IF($C12<>"",'G3 ENG Reading Scoresheet'!$H15/20,"") -> 0.8 | S12: =IF(AND($C12<>"",$Q12<>"Full Refresher"),'G3 ENG Reading Scoresheet'!$P15,"") -> 0.66 | T12: =IF(AND($C12<>"",$Q12<>"Full Refresher"),'G3 ENG Reading Scoresheet'!$Q15/6,"") -> 0.33333333 | U12: =IF(AND($C12<>"",$O12<>"Full Refresher"),'G3 ENG Reading Scoresheet'!$O15,"") -> 33 | V12: ='G3 ENG Reading Scoresheet'!$T15 -> Developing Reader | W12: =CONCATENATE(IF(ISBLANK('G3 MT Reading Scoresheet'!V15),"",CONCATENATE("MT:",TRIM('G3 MT Reading Scoresheet'!V15)))," ",IF(ISBLANK('G3 FIL Reading Scoresheet'!V15),"",CONCATENATE("FIL:",TRIM('G3 FIL Reading Scoresheet'!V15)))," ",IF(ISBLANK('G3 ENG Reading Scoresheet'!U15),"",CONCATENATE("ENG:",TRIM('G3 ENG Reading Scoresheet'!U15))))
A13: 6 | B13: =IF('G3 MT Reading Scoresheet'!B16<>"",'G3 MT Reading Scoresheet'!B16,"") -> 117542220012 | C13: =IF('G3 MT Reading Scoresheet'!C16<>"",'G3 MT Reading Scoresheet'!C16,"") -> GO, NEAL XANDRIE, DOMANIEL | D13: =IF('G3 MT Reading Scoresheet'!D16<>"",'G3 MT Reading Scoresheet'!D16,"") -> Male | E13: ='G3 MT Reading Scoresheet'!$J16 -> Light Refresher | F13: =IF(C13<>"",'G3 MT Reading Scoresheet'!$I16/30,"") -> 0.86666667 | G13: =IF(AND($C13<>"",$E13<>"Full Refresher"),'G3 MT Reading Scoresheet'!$Q16,"") -> 0.95867769 | H13: =IF(AND(C13<>"",E13<>"Full Refresher"),'G3 MT Reading Scoresheet'!$R16/7,"") -> 0.85714286 | I13: =IF(AND($C13<>"",$E13<>"Full Refresher"),'G3 MT Reading Scoresheet'!$P16,"") -> 38.666667 | J13: ='G3 MT Reading Scoresheet'!$U16 -> Reading At Grade Level | K13: ='G3 FIL Reading Scoresheet'!$J16 -> Light Refresher | L13: =IF($C13<>"",'G3 FIL Reading Scoresheet'!$I16/30,"") -> 0.86666667 | M13: =IF(AND($C13<>"",$K13<>"Full Refresher"),'G3 MT Reading Scoresheet'!$Q16,"") -> 0.95867769 | N13: =IF(AND($C13<>"",$K13<>"Full Refresher"),'G3 MT Reading Scoresheet'!$R16/7,"") -> 0.85714286 | O13: =IF(AND($C13<>"",$K13<>"Full Refresher"),'G3 FIL Reading Scoresheet'!$P16,"") -> 46.758621 | P13: ='G3 FIL Reading Scoresheet'!$U16 -> Transitioning Reader | Q13: ='G3 ENG Reading Scoresheet'!$I16 -> Grade Ready | R13: =IF($C13<>"",'G3 ENG Reading Scoresheet'!$H16/20,"") -> 0.9 | S13: =IF(AND($C13<>"",$Q13<>"Full Refresher"),'G3 ENG Reading Scoresheet'!$P16,"") -> 0.75 | T13: =IF(AND($C13<>"",$Q13<>"Full Refresher"),'G3 ENG Reading Scoresheet'!$Q16/6,"") -> 0.5 | U13: =IF(AND($C13<>"",$O13<>"Full Refresher"),'G3 ENG Reading Scoresheet'!$O16,"") -> 37.5 | V13: ='G3 ENG Reading Scoresheet'!$T16 -> Transitioning Reader | W13: =CONCATENATE(IF(ISBLANK('G3 MT Reading Scoresheet'!V16),"",CONCATENATE("MT:",TRIM('G3 MT Reading Scoresheet'!V16)))," ",IF(ISBLANK('G3 FIL Reading Scoresheet'!V16),"",CONCATENATE("FIL:",TRIM('G3 FIL Reading Scoresheet'!V16)))," ",IF(ISBLANK('G3 ENG Reading Scoresheet'!U16),"",CONCATENATE("ENG:",TRIM('G3 ENG Reading Scoresheet'!U16))))
A14: 7 | B14: =IF('G3 MT Reading Scoresheet'!B17<>"",'G3 MT Reading Scoresheet'!B17,"") -> 1174432290003 | C14: =IF('G3 MT Reading Scoresheet'!C17<>"",'G3 MT Reading Scoresheet'!C17,"") -> GREGORIO, JOHN MARK, ABELLAR | D14: =IF('G3 MT Reading Scoresheet'!D17<>"",'G3 MT Reading Scoresheet'!D17,"") -> Male | E14: ='G3 MT Reading Scoresheet'!$J17 -> Full Refresher | F14: =IF(C14<>"",'G3 MT Reading Scoresheet'!$I17/30,"") -> 0.16666667 | G14: =IF(AND($C14<>"",$E14<>"Full Refresher"),'G3 MT Reading Scoresheet'!$Q17,"") | H14: =IF(AND(C14<>"",E14<>"Full Refresher"),'G3 MT Reading Scoresheet'!$R17/7,"") | I14: =IF(AND($C14<>"",$E14<>"Full Refresher"),'G3 MT Reading Scoresheet'!$P17,"") | J14: ='G3 MT Reading Scoresheet'!$U17 -> Low Emerging Reader | K14: ='G3 FIL Reading Scoresheet'!$J17 -> Full Refresher | L14: =IF($C14<>"",'G3 FIL Reading Scoresheet'!$I17/30,"") -> 0.13333333 | M14: =IF(AND($C14<>"",$K14<>"Full Refresher"),'G3 MT Reading Scoresheet'!$Q17,"") | N14: =IF(AND($C14<>"",$K14<>"Full Refresher"),'G3 MT Reading Scoresheet'!$R17/7,"") | O14: =IF(AND($C14<>"",$K14<>"Full Refresher"),'G3 FIL Reading Scoresheet'!$P17,"") | P14: ='G3 FIL Reading Scoresheet'!$U17 -> Low Emerging Reader | Q14: ='G3 ENG Reading Scoresheet'!$I17 -> Moderate Refresher | R14: =IF($C14<>"",'G3 ENG Reading Scoresheet'!$H17/20,"") -> 0.4 | S14: =IF(AND($C14<>"",$Q14<>"Full Refresher"),'G3 ENG Reading Scoresheet'!$P17,"") -> 0.55 | T14: =IF(AND($C14<>"",$Q14<>"Full Refresher"),'G3 ENG Reading Scoresheet'!$Q17/6,"") -> 0.16666667 | U14: =IF(AND($C14<>"",$O14<>"Full Refresher"),'G3 ENG Reading Scoresheet'!$O17,"") -> 27.5 | V14: ='G3 ENG Reading Scoresheet'!$T17 -> Developing Reader | W14: =CONCATENATE(IF(ISBLANK('G3 MT Reading Scoresheet'!V17),"",CONCATENATE("MT:",TRIM('G3 MT Reading Scoresheet'!V17)))," ",IF(ISBLANK('G3 FIL Reading Scoresheet'!V17),"",CONCATENATE("FIL:",TRIM('G3 FIL Reading Scoresheet'!V17)))," ",IF(ISBLANK('G3 ENG Reading Scoresheet'!U17),"",CONCATENATE("ENG:",TRIM('G3 ENG Reading Scoresheet'!U17))))
A15: 8 | B15: =IF('G3 MT Reading Scoresheet'!B18<>"",'G3 MT Reading Scoresheet'!B18,"") -> 117443220005 | C15: =IF('G3 MT Reading Scoresheet'!C18<>"",'G3 MT Reading Scoresheet'!C18,"") -> JUMBAS, CYREL JAY, BARILLO | D15: =IF('G3 MT Reading Scoresheet'!D18<>"",'G3 MT Reading Scoresheet'!D18,"") -> Male | E15: ='G3 MT Reading Scoresheet'!$J18 -> Moderate Refresher | F15: =IF(C15<>"",'G3 MT Reading Scoresheet'!$I18/30,"") -> 0.43333333 | G15: =IF(AND($C15<>"",$E15<>"Full Refresher"),'G3 MT Reading Scoresheet'!$Q18,"") -> 0.91596639 | H15: =IF(AND(C15<>"",E15<>"Full Refresher"),'G3 MT Reading Scoresheet'!$R18/7,"") -> 0.85714286 | I15: =IF(AND($C15<>"",$E15<>"Full Refresher"),'G3 MT Reading Scoresheet'!$P18,"") -> 39.636364 | J15: ='G3 MT Reading Scoresheet'!$U18 -> Reading At Grade Level | K15: ='G3 FIL Reading Scoresheet'!$J18 -> Light Refresher | L15: =IF($C15<>"",'G3 FIL Reading Scoresheet'!$I18/30,"") -> 0.83333333 | M15: =IF(AND($C15<>"",$K15<>"Full Refresher"),'G3 MT Reading Scoresheet'!$Q18,"") -> 0.91596639 | N15: =IF(AND($C15<>"",$K15<>"Full Refresher"),'G3 MT Reading Scoresheet'!$R18/7,"") -> 0.85714286 | O15: =IF(AND($C15<>"",$K15<>"Full Refresher"),'G3 FIL Reading Scoresheet'!$P18,"") -> 38 | P15: ='G3 FIL Reading Scoresheet'!$U18 -> Reading At Grade Level | Q15: ='G3 ENG Reading Scoresheet'!$I18 -> Grade Ready | R15: =IF($C15<>"",'G3 ENG Reading Scoresheet'!$H18/20,"") -> 0.9 | S15: =IF(AND($C15<>"",$Q15<>"Full Refresher"),'G3 ENG Reading Scoresheet'!$P18,"") -> 0.83 | T15: =IF(AND($C15<>"",$Q15<>"Full Refresher"),'G3 ENG Reading Scoresheet'!$Q18/6,"") -> 0.83333333 | U15: =IF(AND($C15<>"",$O15<>"Full Refresher"),'G3 ENG Reading Scoresheet'!$O18,"") -> 41.5 | V15: ='G3 ENG Reading Scoresheet'!$T18 -> Reading At Grade Level | W15: =CONCATENATE(IF(ISBLANK('G3 MT Reading Scoresheet'!V18),"",CONCATENATE("MT:",TRIM('G3 MT Reading Scoresheet'!V18)))," ",IF(ISBLANK('G3 FIL Reading Scoresheet'!V18),"",CONCATENATE("FIL:",TRIM('G3 FIL Reading Scoresheet'!V18)))," ",IF(ISBLANK('G3 ENG Reading Scoresheet'!U18),"",CONCATENATE("ENG:",TRIM('G3 ENG Reading Scoresheet'!U18))))
A16: 9 | B16: =IF('G3 MT Reading Scoresheet'!B19<>"",'G3 MT Reading Scoresheet'!B19,"") -> 11744322007 | C16: =IF('G3 MT Reading Scoresheet'!C19<>"",'G3 MT Reading Scoresheet'!C19,"") -> LEMORINAS, ARTHUR, BAYLON | D16: =IF('G3 MT Reading Scoresheet'!D19<>"",'G3 MT Reading Scoresheet'!D19,"") -> Male | E16: ='G3 MT Reading Scoresheet'!$J19 -> Full Refresher | F16: =IF(C16<>"",'G3 MT Reading Scoresheet'!$I19/30,"") -> 0.16666667 | G16: =IF(AND($C16<>"",$E16<>"Full Refresher"),'G3 MT Reading Scoresheet'!$Q19,"") | H16: =IF(AND(C16<>"",E16<>"Full Refresher"),'G3 MT Reading Scoresheet'!$R19/7,"") | I16: =IF(AND($C16<>"",$E16<>"Full Refresher"),'G3 MT Reading Scoresheet'!$P19,"") | J16: ='G3 MT Reading Scoresheet'!$U19 -> Low Emerging Reader | K16: ='G3 FIL Reading Scoresheet'!$J19 -> Full Refresher | L16: =IF($C16<>"",'G3 FIL Reading Scoresheet'!$I19/30,"") -> 0.26666667 | M16: =IF(AND($C16<>"",$K16<>"Full Refresher"),'G3 MT Reading Scoresheet'!$Q19,"") | N16: =IF(AND($C16<>"",$K16<>"Full Refresher"),'G3 MT Reading Scoresheet'!$R19/7,"") | O16: =IF(AND($C16<>"",$K16<>"Full Refresher"),'G3 FIL Reading Scoresheet'!$P19,"") | P16: ='G3 FIL Reading Scoresheet'!$U19 -> Low Emerging Reader | Q16: ='G3 ENG Reading Scoresheet'!$I19 -> Light Refresher | R16: =IF($C16<>"",'G3 ENG Reading Scoresheet'!$H19/20,"") -> 0.7 | S16: =IF(AND($C16<>"",$Q16<>"Full Refresher"),'G3 ENG Reading Scoresheet'!$P19,"") -> 0.98 | T16: =IF(AND($C16<>"",$Q16<>"Full Refresher"),'G3 ENG Reading Scoresheet'!$Q19/6,"") -> 0.83333333 | U16: =IF(AND($C16<>"",$O16<>"Full Refresher"),'G3 ENG Reading Scoresheet'!$O19,"") -> 73.5 | V16: ='G3 ENG Reading Scoresheet'!$T19 -> Reading At Grade Level | W16: =CONCATENATE(IF(ISBLANK('G3 MT Reading Scoresheet'!V19),"",CONCATENATE("MT:",TRIM('G3 MT Reading Scoresheet'!V19)))," ",IF(ISBLANK('G3 FIL Reading Scoresheet'!V19),"",CONCATENATE("FIL:",TRIM('G3 FIL Reading Scoresheet'!V19)))," ",IF(ISBLANK('G3 ENG Reading Scoresheet'!U19),"",CONCATENATE("ENG:",TRIM('G3 ENG Reading Scoresheet'!U19))))
A17: 10 | B17: =IF('G3 MT Reading Scoresheet'!B20<>"",'G3 MT Reading Scoresheet'!B20,"") -> 117443220008 | C17: =IF('G3 MT Reading Scoresheet'!C20<>"",'G3 MT Reading Scoresheet'!C20,"") -> MARASIGAN, ZHENKIE NATHAN, DELA CRUZ | D17: =IF('G3 MT Reading Scoresheet'!D20<>"",'G3 MT Reading Scoresheet'!D20,"") -> Male | E17: ='G3 MT Reading Scoresheet'!$J20 -> Grade Ready | F17: =IF(C17<>"",'G3 MT Reading Scoresheet'!$I20/30,"") -> 0.9 | G17: =IF(AND($C17<>"",$E17<>"Full Refresher"),'G3 MT Reading Scoresheet'!$Q20,"") -> 0.99159664 | H17: =IF(AND(C17<>"",E17<>"Full Refresher"),'G3 MT Reading Scoresheet'!$R20/7,"") -> 0.85714286 | I17: =IF(AND($C17<>"",$E17<>"Full Refresher"),'G3 MT Reading Scoresheet'!$P20,"") -> 39.333333 | J17: ='G3 MT Reading Scoresheet'!$U20 -> Reading At Grade Level | K17: ='G3 FIL Reading Scoresheet'!$J20 -> Grade Ready | L17: =IF($C17<>"",'G3 FIL Reading Scoresheet'!$I20/30,"") -> 0.9 | M17: =IF(AND($C17<>"",$K17<>"Full Refresher"),'G3 MT Reading Scoresheet'!$Q20,"") -> 0.99159664 | N17: =IF(AND($C17<>"",$K17<>"Full Refresher"),'G3 MT Reading Scoresheet'!$R20/7,"") -> 0.85714286 | O17: =IF(AND($C17<>"",$K17<>"Full Refresher"),'G3 FIL Reading Scoresheet'!$P20,"") -> 30.666667 | P17: ='G3 FIL Reading Scoresheet'!$U20 -> Reading At Grade Level | Q17: ='G3 ENG Reading Scoresheet'!$I20 -> Grade Ready | R17: =IF($C17<>"",'G3 ENG Reading Scoresheet'!$H20/20,"") -> 0.95 | S17: =IF(AND($C17<>"",$Q17<>"Full Refresher"),'G3 ENG Reading Scoresheet'!$P20,"") -> 0.77 | T17: =IF(AND($C17<>"",$Q17<>"Full Refresher"),'G3 ENG Reading Scoresheet'!$Q20/6,"") -> 0.83333333 | U17: =IF(AND($C17<>"",$O17<>"Full Refresher"),'G3 ENG Reading Scoresheet'!$O20,"") -> 38.5 | V17: ='G3 ENG Reading Scoresheet'!$T20 -> Reading At Grade Level | W17: =CONCATENATE(IF(ISBLANK('G3 MT Reading Scoresheet'!V20),"",CONCATENATE("MT:",TRIM('G3 MT Reading Scoresheet'!V20)))," ",IF(ISBLANK('G3 FIL Reading Scoresheet'!V20),"",CONCATENATE("FIL:",TRIM('G3 FIL Reading Scoresheet'!V20)))," ",IF(ISBLANK('G3 ENG Reading Scoresheet'!U20),"",CONCATENATE("ENG:",TRIM('G3 ENG Reading Scoresheet'!U20))))
A18: 11 | B18: =IF('G3 MT Reading Scoresheet'!B21<>"",'G3 MT Reading Scoresheet'!B21,"") -> 136651220284 | C18: =IF('G3 MT Reading Scoresheet'!C21<>"",'G3 MT Reading Scoresheet'!C21,"") -> ABRINILLO, VERONICA, SIASAT | D18: =IF('G3 MT Reading Scoresheet'!D21<>"",'G3 MT Reading Scoresheet'!D21,"") -> Male | E18: ='G3 MT Reading Scoresheet'!$J21 -> Light Refresher | F18: =IF(C18<>"",'G3 MT Reading Scoresheet'!$I21/30,"") -> 0.76666667 | G18: =IF(AND($C18<>"",$E18<>"Full Refresher"),'G3 MT Reading Scoresheet'!$Q21,"") -> 0.42857143 | H18: =IF(AND(C18<>"",E18<>"Full Refresher"),'G3 MT Reading Scoresheet'!$R21/7,"") -> 0.28571429 | I18: =IF(AND($C18<>"",$E18<>"Full Refresher"),'G3 MT Reading Scoresheet'!$P21,"") -> 17 | J18: ='G3 MT Reading Scoresheet'!$U21 -> Developing Reader | K18: ='G3 FIL Reading Scoresheet'!$J21 -> Light Refresher | L18: =IF($C18<>"",'G3 FIL Reading Scoresheet'!$I21/30,"") -> 0.66666667 | M18: =IF(AND($C18<>"",$K18<>"Full Refresher"),'G3 MT Reading Scoresheet'!$Q21,"") -> 0.42857143 | N18: =IF(AND($C18<>"",$K18<>"Full Refresher"),'G3 MT Reading Scoresheet'!$R21/7,"") -> 0.28571429 | O18: =IF(AND($C18<>"",$K18<>"Full Refresher"),'G3 FIL Reading Scoresheet'!$P21,"") -> 20.333333 | P18: ='G3 FIL Reading Scoresheet'!$U21 -> Developing Reader | Q18: ='G3 ENG Reading Scoresheet'!$I21 -> Moderate Refresher | R18: =IF($C18<>"",'G3 ENG Reading Scoresheet'!$H21/20,"") -> 0.15 | S18: =IF(AND($C18<>"",$Q18<>"Full Refresher"),'G3 ENG Reading Scoresheet'!$P21,"") -> 0.44 | T18: =IF(AND($C18<>"",$Q18<>"Full Refresher"),'G3 ENG Reading Scoresheet'!$Q21/6,"") -> 0.16666667 | U18: =IF(AND($C18<>"",$O18<>"Full Refresher"),'G3 ENG Reading Scoresheet'!$O21,"") -> 22 | V18: ='G3 ENG Reading Scoresheet'!$T21 -> Developing Reader | W18: =CONCATENATE(IF(ISBLANK('G3 MT Reading Scoresheet'!V21),"",CONCATENATE("MT:",TRIM('G3 MT Reading Scoresheet'!V21)))," ",IF(ISBLANK('G3 FIL Reading Scoresheet'!V21),"",CONCATENATE("FIL:",TRIM('G3 FIL Reading Scoresheet'!V21)))," ",IF(ISBLANK('G3 ENG Reading Scoresheet'!U21),"",CONCATENATE("ENG:",TRIM('G3 ENG Reading Scoresheet'!U21))))
A19: 12 | B19: =IF('G3 MT Reading Scoresheet'!B22<>"",'G3 MT Reading Scoresheet'!B22,"") -> 117443220019 | C19: =IF('G3 MT Reading Scoresheet'!C22<>"",'G3 MT Reading Scoresheet'!C22,"") -> CARDINAL,KISHIA,- | D19: =IF('G3 MT Reading Scoresheet'!D22<>"",'G3 MT Reading Scoresheet'!D22,"") -> Female | E19: ='G3 MT Reading Scoresheet'!$J22 -> Grade Ready | F19: =IF(C19<>"",'G3 MT Reading Scoresheet'!$I22/30,"") -> 0.93333333 | G19: =IF(AND($C19<>"",$E19<>"Full Refresher"),'G3 MT Reading Scoresheet'!$Q22,"") -> 0.99159664 | H19: =IF(AND(C19<>"",E19<>"Full Refresher"),'G3 MT Reading Scoresheet'!$R22/7,"") -> 0.85714286 | I19: =IF(AND($C19<>"",$E19<>"Full Refresher"),'G3 MT Reading Scoresheet'!$P22,"") -> 76.956522 | J19: ='G3 MT Reading Scoresheet'!$U22 -> Reading At Grade Level | K19: ='G3 FIL Reading Scoresheet'!$J22 -> Grade Ready | L19: =IF($C19<>"",'G3 FIL Reading Scoresheet'!$I22/30,"") -> 0.96666667 | M19: =IF(AND($C19<>"",$K19<>"Full Refresher"),'G3 MT Reading Scoresheet'!$Q22,"") -> 0.99159664 | N19: =IF(AND($C19<>"",$K19<>"Full Refresher"),'G3 MT Reading Scoresheet'!$R22/7,"") -> 0.85714286 | O19: =IF(AND($C19<>"",$K19<>"Full Refresher"),'G3 FIL Reading Scoresheet'!$P22,"") -> 35.333333 | P19: ='G3 FIL Reading Scoresheet'!$U22 -> Reading At Grade Level | Q19: ='G3 ENG Reading Scoresheet'!$I22 -> Grade Ready | R19: =IF($C19<>"",'G3 ENG Reading Scoresheet'!$H22/20,"") -> 0.9 | S19: =IF(AND($C19<>"",$Q19<>"Full Refresher"),'G3 ENG Reading Scoresheet'!$P22,"") -> 0.86 | T19: =IF(AND($C19<>"",$Q19<>"Full Refresher"),'G3 ENG Reading Scoresheet'!$Q22/6,"") -> 0.83333333 | U19: =IF(AND($C19<>"",$O19<>"Full Refresher"),'G3 ENG Reading Scoresheet'!$O22,"") -> 43 | V19: ='G3 ENG Reading Scoresheet'!$T22 -> Reading At Grade Level | W19: =CONCATENATE(IF(ISBLANK('G3 MT Reading Scoresheet'!V22),"",CONCATENATE("MT:",TRIM('G3 MT Reading Scoresheet'!V22)))," ",IF(ISBLANK('G3 FIL Reading Scoresheet'!V22),"",CONCATENATE("FIL:",TRIM('G3 FIL Reading Scoresheet'!V22)))," ",IF(ISBLANK('G3 ENG Reading Scoresheet'!U22),"",CONCATENATE("ENG:",TRIM('G3 ENG Reading Scoresheet'!U22))))
A20: 13 | B20: =IF('G3 MT Reading Scoresheet'!B23<>"",'G3 MT Reading Scoresheet'!B23,"") -> 117443220009 | C20: =IF('G3 MT Reading Scoresheet'!C23<>"",'G3 MT Reading Scoresheet'!C23,"") -> CARDINAL, LEXIE, SUNDAYON | D20: =IF('G3 MT Reading Scoresheet'!D23<>"",'G3 MT Reading Scoresheet'!D23,"") -> Female | E20: ='G3 MT Reading Scoresheet'!$J23 -> Grade Ready | F20: =IF(C20<>"",'G3 MT Reading Scoresheet'!$I23/30,"") -> 0.9 | G20: =IF(AND($C20<>"",$E20<>"Full Refresher"),'G3 MT Reading Scoresheet'!$Q23,"") -> 1 | H20: =IF(AND(C20<>"",E20<>"Full Refresher"),'G3 MT Reading Scoresheet'!$R23/7,"") -> 1 | I20: =IF(AND($C20<>"",$E20<>"Full Refresher"),'G3 MT Reading Scoresheet'!$P23,"") -> 58.04878 | J20: ='G3 MT Reading Scoresheet'!$U23 -> Reading At Grade Level | K20: ='G3 FIL Reading Scoresheet'!$J23 -> Grade Ready | L20: =IF($C20<>"",'G3 FIL Reading Scoresheet'!$I23/30,"") -> 1 | M20: =IF(AND($C20<>"",$K20<>"Full Refresher"),'G3 MT Reading Scoresheet'!$Q23,"") -> 1 | N20: =IF(AND($C20<>"",$K20<>"Full Refresher"),'G3 MT Reading Scoresheet'!$R23/7,"") -> 1 | O20: =IF(AND($C20<>"",$K20<>"Full Refresher"),'G3 FIL Reading Scoresheet'!$P23,"") -> 71.4 | P20: ='G3 FIL Reading Scoresheet'!$U23 -> Reading At Grade Level | Q20: ='G3 ENG Reading Scoresheet'!$I23 -> Grade Ready | R20: =IF($C20<>"",'G3 ENG Reading Scoresheet'!$H23/20,"") -> 1 | S20: =IF(AND($C20<>"",$Q20<>"Full Refresher"),'G3 ENG Reading Scoresheet'!$P23,"") -> 0.97 | T20: =IF(AND($C20<>"",$Q20<>"Full Refresher"),'G3 ENG Reading Scoresheet'!$Q23/6,"") -> 1 | U20: =IF(AND($C20<>"",$O20<>"Full Refresher"),'G3 ENG Reading Scoresheet'!$O23,"") -> 58.787879 | V20: ='G3 ENG Reading Scoresheet'!$T23 -> Reading At Grade Level | W20: =CONCATENATE(IF(ISBLANK('G3 MT Reading Scoresheet'!V23),"",CONCATENATE("MT:",TRIM('G3 MT Reading Scoresheet'!V23)))," ",IF(ISBLANK('G3 FIL Reading Scoresheet'!V23),"",CONCATENATE("FIL:",TRIM('G3 FIL Reading Scoresheet'!V23)))," ",IF(ISBLANK('G3 ENG Reading Scoresheet'!U23),"",CONCATENATE("ENG:",TRIM('G3 ENG Reading Scoresheet'!U23))))
... A66: 59 | B66: =IF('G3 MT Reading Scoresheet'!B69<>"",'G3 MT Reading Scoresheet'!B69,"") | C66: =IF('G3 MT Reading Scoresheet'!C69<>"",'G3 MT Reading Scoresheet'!C69,"") | D66: =IF('G3 MT Reading Scoresheet'!D69<>"",'G3 MT Reading Scoresheet'!D69,"") | E66: ='G3 MT Reading Scoresheet'!$J69 | F66: =IF(C66<>"",'G3 MT Reading Scoresheet'!$I69/30,"") | G66: =IF(AND($C66<>"",$E66<>"Full Refresher"),'G3 MT Reading Scoresheet'!$Q69,"") | H66: =IF(AND(C66<>"",E66<>"Full Refresher"),'G3 MT Reading Scoresheet'!$R69/7,"") | I66: =IF(AND($C66<>"",$E66<>"Full Refresher"),'G3 MT Reading Scoresheet'!$P69,"") | J66: ='G3 MT Reading Scoresheet'!$U69 | K66: ='G3 FIL Reading Scoresheet'!$J69 | L66: =IF($C66<>"",'G3 FIL Reading Scoresheet'!$I69/30,"") | M66: =IF(AND($C66<>"",$K66<>"Full Refresher"),'G3 MT Reading Scoresheet'!$Q69,"") | N66: =IF(AND($C66<>"",$K66<>"Full Refresher"),'G3 MT Reading Scoresheet'!$R69/7,"") | O66: =IF(AND($C66<>"",$K66<>"Full Refresher"),'G3 FIL Reading Scoresheet'!$P69,"") | P66: ='G3 FIL Reading Scoresheet'!$U69 | Q66: ='G3 ENG Reading Scoresheet'!$I69 | R66: =IF($C66<>"",'G3 ENG Reading Scoresheet'!$H69/20,"") | S66: =IF(AND($C66<>"",$Q66<>"Full Refresher"),'G3 ENG Reading Scoresheet'!$P69,"") | T66: =IF(AND($C66<>"",$Q66<>"Full Refresher"),'G3 ENG Reading Scoresheet'!$Q69/6,"") | U66: =IF(AND($C66<>"",$O66<>"Full Refresher"),'G3 ENG Reading Scoresheet'!$O69,"") | V66: ='G3 ENG Reading Scoresheet'!$T69 | W66: =CONCATENATE(IF(ISBLANK('G3 MT Reading Scoresheet'!V69),"",CONCATENATE("MT:",TRIM('G3 MT Reading Scoresheet'!V69)))," ",IF(ISBLANK('G3 FIL Reading Scoresheet'!V69),"",CONCATENATE("FIL:",TRIM('G3 FIL Reading Scoresheet'!V69)))," ",IF(ISBLANK('G3 ENG Reading Scoresheet'!U69),"",CONCATENATE("ENG:",TRIM('G3 ENG Reading Scoresheet'!U69))))
A67: =A66+1 -> 60 | B67: =IF('G3 MT Reading Scoresheet'!B70<>"",'G3 MT Reading Scoresheet'!B70,"") | C67: =IF('G3 MT Reading Scoresheet'!C70<>"",'G3 MT Reading Scoresheet'!C70,"") | D67: =IF('G3 MT Reading Scoresheet'!D70<>"",'G3 MT Reading Scoresheet'!D70,"") | E67: ='G3 MT Reading Scoresheet'!$J70 | F67: =IF(C67<>"",'G3 MT Reading Scoresheet'!$I70/30,"") | G67: =IF(AND($C67<>"",$E67<>"Full Refresher"),'G3 MT Reading Scoresheet'!$Q70,"") | H67: =IF(AND(C67<>"",E67<>"Full Refresher"),'G3 MT Reading Scoresheet'!$R70/7,"") | I67: =IF(AND($C67<>"",$E67<>"Full Refresher"),'G3 MT Reading Scoresheet'!$P70,"") | J67: ='G3 MT Reading Scoresheet'!$U70 | K67: ='G3 FIL Reading Scoresheet'!$J70 | L67: =IF($C67<>"",'G3 FIL Reading Scoresheet'!$I70/30,"") | M67: =IF(AND($C67<>"",$K67<>"Full Refresher"),'G3 MT Reading Scoresheet'!$Q70,"") | N67: =IF(AND($C67<>"",$K67<>"Full Refresher"),'G3 MT Reading Scoresheet'!$R70/7,"") | O67: =IF(AND($C67<>"",$K67<>"Full Refresher"),'G3 FIL Reading Scoresheet'!$P70,"") | P67: ='G3 FIL Reading Scoresheet'!$U70 | Q67: ='G3 ENG Reading Scoresheet'!$I70 | R67: =IF($C67<>"",'G3 ENG Reading Scoresheet'!$H70/20,"") | S67: =IF(AND($C67<>"",$Q67<>"Full Refresher"),'G3 ENG Reading Scoresheet'!$P70,"") | T67: =IF(AND($C67<>"",$Q67<>"Full Refresher"),'G3 ENG Reading Scoresheet'!$Q70/6,"") | U67: =IF(AND($C67<>"",$O67<>"Full Refresher"),'G3 ENG Reading Scoresheet'!$O70,"") | V67: ='G3 ENG Reading Scoresheet'!$T70 | W67: =CONCATENATE(IF(ISBLANK('G3 MT Reading Scoresheet'!V70),"",CONCATENATE("MT:",TRIM('G3 MT Reading Scoresheet'!V70)))," ",IF(ISBLANK('G3 FIL Reading Scoresheet'!V70),"",CONCATENATE("FIL:",TRIM('G3 FIL Reading Scoresheet'!V70)))," ",IF(ISBLANK('G3 ENG Reading Scoresheet'!U70),"",CONCATENATE("ENG:",TRIM('G3 ENG Reading Scoresheet'!U70))))
A68: =A67+1 -> 61 | B68: =IF('G3 MT Reading Scoresheet'!B71<>"",'G3 MT Reading Scoresheet'!B71,"") | C68: =IF('G3 MT Reading Scoresheet'!C71<>"",'G3 MT Reading Scoresheet'!C71,"") | D68: =IF('G3 MT Reading Scoresheet'!D71<>"",'G3 MT Reading Scoresheet'!D71,"") | E68: ='G3 MT Reading Scoresheet'!$J71 | F68: =IF(C68<>"",'G3 MT Reading Scoresheet'!$I71/30,"") | G68: =IF(AND($C68<>"",$E68<>"Full Refresher"),'G3 MT Reading Scoresheet'!$Q71,"") | H68: =IF(AND(C68<>"",E68<>"Full Refresher"),'G3 MT Reading Scoresheet'!$R71/7,"") | I68: =IF(AND($C68<>"",$E68<>"Full Refresher"),'G3 MT Reading Scoresheet'!$P71,"") | J68: ='G3 MT Reading Scoresheet'!$U71 | K68: ='G3 FIL Reading Scoresheet'!$J71 | L68: =IF($C68<>"",'G3 FIL Reading Scoresheet'!$I71/30,"") | M68: =IF(AND($C68<>"",$K68<>"Full Refresher"),'G3 MT Reading Scoresheet'!$Q71,"") | N68: =IF(AND($C68<>"",$K68<>"Full Refresher"),'G3 MT Reading Scoresheet'!$R71/7,"") | O68: =IF(AND($C68<>"",$K68<>"Full Refresher"),'G3 FIL Reading Scoresheet'!$P71,"") | P68: ='G3 FIL Reading Scoresheet'!$U71 | Q68: ='G3 ENG Reading Scoresheet'!$I71 | R68: =IF($C68<>"",'G3 ENG Reading Scoresheet'!$H71/20,"") | S68: =IF(AND($C68<>"",$Q68<>"Full Refresher"),'G3 ENG Reading Scoresheet'!$P71,"") | T68: =IF(AND($C68<>"",$Q68<>"Full Refresher"),'G3 ENG Reading Scoresheet'!$Q71/6,"") | U68: =IF(AND($C68<>"",$O68<>"Full Refresher"),'G3 ENG Reading Scoresheet'!$O71,"") | V68: ='G3 ENG Reading Scoresheet'!$T71 | W68: =CONCATENATE(IF(ISBLANK('G3 MT Reading Scoresheet'!V71),"",CONCATENATE("MT:",TRIM('G3 MT Reading Scoresheet'!V71)))," ",IF(ISBLANK('G3 FIL Reading Scoresheet'!V71),"",CONCATENATE("FIL:",TRIM('G3 FIL Reading Scoresheet'!V71)))," ",IF(ISBLANK('G3 ENG Reading Scoresheet'!U71),"",CONCATENATE("ENG:",TRIM('G3 ENG Reading Scoresheet'!U71))))
A69: =A68+1 -> 62 | B69: =IF('G3 MT Reading Scoresheet'!B72<>"",'G3 MT Reading Scoresheet'!B72,"") | C69: =IF('G3 MT Reading Scoresheet'!C72<>"",'G3 MT Reading Scoresheet'!C72,"") | D69: =IF('G3 MT Reading Scoresheet'!D72<>"",'G3 MT Reading Scoresheet'!D72,"") | E69: ='G3 MT Reading Scoresheet'!$J72 | F69: =IF(C69<>"",'G3 MT Reading Scoresheet'!$I72/30,"") | G69: =IF(AND($C69<>"",$E69<>"Full Refresher"),'G3 MT Reading Scoresheet'!$Q72,"") | H69: =IF(AND(C69<>"",E69<>"Full Refresher"),'G3 MT Reading Scoresheet'!$R72/7,"") | I69: =IF(AND($C69<>"",$E69<>"Full Refresher"),'G3 MT Reading Scoresheet'!$P72,"") | J69: ='G3 MT Reading Scoresheet'!$U72 | K69: ='G3 FIL Reading Scoresheet'!$J72 | L69: =IF($C69<>"",'G3 FIL Reading Scoresheet'!$I72/30,"") | M69: =IF(AND($C69<>"",$K69<>"Full Refresher"),'G3 MT Reading Scoresheet'!$Q72,"") | N69: =IF(AND($C69<>"",$K69<>"Full Refresher"),'G3 MT Reading Scoresheet'!$R72/7,"") | O69: =IF(AND($C69<>"",$K69<>"Full Refresher"),'G3 FIL Reading Scoresheet'!$P72,"") | P69: ='G3 FIL Reading Scoresheet'!$U72 | Q69: ='G3 ENG Reading Scoresheet'!$I72 | R69: =IF($C69<>"",'G3 ENG Reading Scoresheet'!$H72/20,"") | S69: =IF(AND($C69<>"",$Q69<>"Full Refresher"),'G3 ENG Reading Scoresheet'!$P72,"") | T69: =IF(AND($C69<>"",$Q69<>"Full Refresher"),'G3 ENG Reading Scoresheet'!$Q72/6,"") | U69: =IF(AND($C69<>"",$O69<>"Full Refresher"),'G3 ENG Reading Scoresheet'!$O72,"") | V69: ='G3 ENG Reading Scoresheet'!$T72 | W69: =CONCATENATE(IF(ISBLANK('G3 MT Reading Scoresheet'!V72),"",CONCATENATE("MT:",TRIM('G3 MT Reading Scoresheet'!V72)))," ",IF(ISBLANK('G3 FIL Reading Scoresheet'!V72),"",CONCATENATE("FIL:",TRIM('G3 FIL Reading Scoresheet'!V72)))," ",IF(ISBLANK('G3 ENG Reading Scoresheet'!U72),"",CONCATENATE("ENG:",TRIM('G3 ENG Reading Scoresheet'!U72))))
