Workbook

Sheet Class Results
T1: RMA_KS2v1
A2: School Rapid Mathematics Assessment Results
A4: SCHOOL ID : | B4: 117443
A5: SCHOOL NAME: | B5: ROMANA ELEMENTARY SCHOOL
A8: Grade | B8: Section | C8: Sex | D8: Total Enrolment | E8: Number of Learners Assessed | F8: Number of Learners Assessed | K8: Content Domain | O8: Cognitive Domain | T8: Status
F9: Emerging (Not Proficient) | G9: Emerging (Low Proficient) | H9: Developing (Nearly Proficient) | I9: Transitioning (Proficient) | J9: At Grade Level (Highly Proficient) | K9: No and Algebra | L9: Means and Geom | M9: Data and Prob | N9: Total | O9: Knowing | P9: Interpreting (G6 EoSY Only) | Q9: Applying | R9: Reasoning | S9: Total
A10: Grade 4 | B10: 1 | C10: Male | D10: 12 | E10: 12 | F10: 3 | G10: 3 | H10: 6 | I10: 0 | J10: 0 | K10: 0 | L10: 0 | M10: 8 | N10: 0 | O10: 3 | P10: 0 | Q10: 0 | R10: 1 | S10: 0 | T10: =IF(ISBLANK(A10)," ",IF(SUM(F10:J10)=E10,"Data Validated","Data with Error")) -> Data Validated
A11: Grade 4 | B11: 1 | C11: Female | D11: 10 | E11: 10 | F11: 0 | G11: 6 | H11: 3 | I11: 1 | J11: 0 | K11: 1 | L11: 0 | M11: 8 | N11: 1 | O11: 6 | P11: 0 | Q11: 0 | R11: 1 | S11: 1 | T11: =IF(ISBLANK(A11)," ",IF(SUM(F11:J11)=E11,"Data Validated","Data with Error")) -> Data Validated
A12: Grade 5 | B12: 1 | C12: Male | D12: 8 | E12: 8 | F12: 2 | G12: 6 | H12: 0 | I12: 0 | J12: 0 | K12: 0 | L12: 0 | M12: 0 | N12: 0 | O12: 0 | P12: 0 | Q12: 0 | R12: 0 | S12: 0 | T12: =IF(ISBLANK(A12)," ",IF(SUM(F12:J12)=E12,"Data Validated","Data with Error")) -> Data Validated
A13: Grade 5 | B13: 1 | C13: Female | D13: 9 | E13: 9 | F13: 3 | G13: 5 | H13: 1 | I13: 0 | J13: 0 | K13: 0 | L13: 0 | M13: 1 | N13: 0 | O13: 0 | P13: 0 | Q13: 0 | R13: 0 | S13: 0 | T13: =IF(ISBLANK(A13)," ",IF(SUM(F13:J13)=E13,"Data Validated","Data with Error")) -> Data Validated
A14: Grade 6 | B14: 1 | C14: Male | D14: 14 | E14: 14 | F14: 11 | G14: 3 | H14: 0 | I14: 0 | J14: 0 | K14: 0 | L14: 0 | M14: 0 | N14: 0 | O14: 0 | P14: 0 | Q14: 0 | R14: 0 | S14: 0 | T14: =IF(ISBLANK(A14)," ",IF(SUM(F14:J14)=E14,"Data Validated","Data with Error")) -> Data Validated
A15: Grade 6 | B15: 1 | C15: Female | D15: 11 | E15: 11 | F15: 9 | G15: 2 | H15: 0 | I15: 0 | J15: 0 | K15: 0 | L15: 0 | M15: 0 | N15: 0 | O15: 0 | P15: 0 | Q15: 0 | R15: 0 | S15: 0 | T15: =IF(ISBLANK(A15)," ",IF(SUM(F15:J15)=E15,"Data Validated","Data with Error")) -> Data Validated
T16: =IF(ISBLANK(A16)," ",IF(SUM(F16:J16)=E16,"Data Validated","Data with Error"))
T17: =IF(ISBLANK(A17)," ",IF(SUM(F17:J17)=E17,"Data Validated","Data with Error"))
T18: =IF(ISBLANK(A18)," ",IF(SUM(F18:J18)=E18,"Data Validated","Data with Error"))
T19: =IF(ISBLANK(A19)," ",IF(SUM(F19:J19)=E19,"Data Validated","Data with Error"))
T20: =IF(ISBLANK(A20)," ",IF(SUM(F20:J20)=E20,"Data Validated","Data with Error"))
T21: =IF(ISBLANK(A21)," ",IF(SUM(F21:J21)=E21,"Data Validated","Data with Error"))
T22: =IF(ISBLANK(A22)," ",IF(SUM(F22:J22)=E22,"Data Validated","Data with Error"))
T23: =IF(ISBLANK(A23)," ",IF(SUM(F23:J23)=E23,"Data Validated","Data with Error"))
T24: =IF(ISBLANK(A24)," ",IF(SUM(F24:J24)=E24,"Data Validated","Data with Error"))
T25: =IF(ISBLANK(A25)," ",IF(SUM(F25:J25)=E25,"Data Validated","Data with Error"))
T26: =IF(ISBLANK(A26)," ",IF(SUM(F26:J26)=E26,"Data Validated","Data with Error"))
T27: =IF(ISBLANK(A27)," ",IF(SUM(F27:J27)=E27,"Data Validated","Data with Error"))
... T321: =IF(ISBLANK(A321)," ",IF(SUM(F321:J321)=E321,"Data Validated","Data with Error"))

Sheet School Summary
A1: ='Class Results'!$T$1 -> RMA_KS2v1 | T1: ='Class Results'!$T$1 -> RMA_KS2v1
A2: School Rapid Mathematics Assessment Summary
H3: Male | I3: =D11+D13+D15 -> 34
H4: Female | I4: =D12+D14+D16 -> 30
A5: SCHOOL ID : | B5: ='Class Results'!B4 -> 117443
A6: SCHOOL NAME | B6: ='Class Results'!$B$5 -> ROMANA ELEMENTARY SCHOOL
C9: Total Enrolment | D9: Number of Learners Assessed | E9: Number of Learners Assessed | K9: Content Domain | O9: Cognitive Domain
A10: Grade | B10: Sex | E10: Emerging (Not Proficient) | F10: Emerging (Low Proficient) | G10: Developing (Nearly Proficient) | H10: Transitioning (Proficient) | I10: At Grade Level (Highly Proficient) | K10: No and Algebra | L10: Means and Geom | M10: Data and Prob | N10: Total | O10: Knowing | P10: Interpreting | Q10: Applying | R10: Reasoning | S10: Total
A11: Grade 4 | B11: Male | C11: =SUMIFS('Class Results'!D$10:D$321,'Class Results'!$A$10:$A$321,$A11,'Class Results'!$C$10:$C$321,$B11) -> 12 | D11: =SUMIFS('Class Results'!E$10:E$321,'Class Results'!$A$10:$A$321,$A11,'Class Results'!$C$10:$C$321,$B11) -> 12 | E11: =SUMIFS('Class Results'!F$10:F$321,'Class Results'!$A$10:$A$321,$A11,'Class Results'!$C$10:$C$321,$B11) -> 3 | F11: =SUMIFS('Class Results'!G$10:G$321,'Class Results'!$A$10:$A$321,$A11,'Class Results'!$C$10:$C$321,$B11) -> 3 | G11: =SUMIFS('Class Results'!H$10:H$321,'Class Results'!$A$10:$A$321,$A11,'Class Results'!$C$10:$C$321,$B11) -> 6 | H11: =SUMIFS('Class Results'!I$10:I$321,'Class Results'!$A$10:$A$321,$A11,'Class Results'!$C$10:$C$321,$B11) -> 0 | I11: =SUMIFS('Class Results'!J$10:J$321,'Class Results'!$A$10:$A$321,$A11,'Class Results'!$C$10:$C$321,$B11) -> 0 | K11: =SUMIFS('Class Results'!K$10:K$321,'Class Results'!$A$10:$A$321,$A11,'Class Results'!$C$10:$C$321,$B11) -> 0 | L11: =SUMIFS('Class Results'!L$10:L$321,'Class Results'!$A$10:$A$321,$A11,'Class Results'!$C$10:$C$321,$B11) -> 0 | M11: =SUMIFS('Class Results'!M$10:M$321,'Class Results'!$A$10:$A$321,$A11,'Class Results'!$C$10:$C$321,$B11) -> 8 | N11: =SUMIFS('Class Results'!N$10:N$321,'Class Results'!$A$10:$A$321,$A11,'Class Results'!$C$10:$C$321,$B11) -> 0 | O11: =SUMIFS('Class Results'!O$10:O$321,'Class Results'!$A$10:$A$321,$A11,'Class Results'!$C$10:$C$321,$B11) -> 3 | P11: =SUMIFS('Class Results'!P$10:P$321,'Class Results'!$A$10:$A$321,$A11,'Class Results'!$C$10:$C$321,$B11) -> 0 | Q11: =SUMIFS('Class Results'!Q$10:Q$321,'Class Results'!$A$10:$A$321,$A11,'Class Results'!$C$10:$C$321,$B11) -> 0 | R11: =SUMIFS('Class Results'!R$10:R$321,'Class Results'!$A$10:$A$321,$A11,'Class Results'!$C$10:$C$321,$B11) -> 1 | S11: =SUMIFS('Class Results'!S$10:S$321,'Class Results'!$A$10:$A$321,$A11,'Class Results'!$C$10:$C$321,$B11) -> 0
A12: Grade 4 | B12: Female | C12: =SUMIFS('Class Results'!D$10:D$321,'Class Results'!$A$10:$A$321,$A12,'Class Results'!$C$10:$C$321,$B12) -> 10 | D12: =SUMIFS('Class Results'!E$10:E$321,'Class Results'!$A$10:$A$321,$A12,'Class Results'!$C$10:$C$321,$B12) -> 10 | E12: =SUMIFS('Class Results'!F$10:F$321,'Class Results'!$A$10:$A$321,$A12,'Class Results'!$C$10:$C$321,$B12) -> 0 | F12: =SUMIFS('Class Results'!G$10:G$321,'Class Results'!$A$10:$A$321,$A12,'Class Results'!$C$10:$C$321,$B12) -> 6 | G12: =SUMIFS('Class Results'!H$10:H$321,'Class Results'!$A$10:$A$321,$A12,'Class Results'!$C$10:$C$321,$B12) -> 3 | H12: =SUMIFS('Class Results'!I$10:I$321,'Class Results'!$A$10:$A$321,$A12,'Class Results'!$C$10:$C$321,$B12) -> 1 | I12: =SUMIFS('Class Results'!J$10:J$321,'Class Results'!$A$10:$A$321,$A12,'Class Results'!$C$10:$C$321,$B12) -> 0 | K12: =SUMIFS('Class Results'!K$10:K$321,'Class Results'!$A$10:$A$321,$A12,'Class Results'!$C$10:$C$321,$B12) -> 1 | L12: =SUMIFS('Class Results'!L$10:L$321,'Class Results'!$A$10:$A$321,$A12,'Class Results'!$C$10:$C$321,$B12) -> 0 | M12: =SUMIFS('Class Results'!M$10:M$321,'Class Results'!$A$10:$A$321,$A12,'Class Results'!$C$10:$C$321,$B12) -> 8 | N12: =SUMIFS('Class Results'!N$10:N$321,'Class Results'!$A$10:$A$321,$A12,'Class Results'!$C$10:$C$321,$B12) -> 1 | O12: =SUMIFS('Class Results'!O$10:O$321,'Class Results'!$A$10:$A$321,$A12,'Class Results'!$C$10:$C$321,$B12) -> 6 | P12: =SUMIFS('Class Results'!P$10:P$321,'Class Results'!$A$10:$A$321,$A12,'Class Results'!$C$10:$C$321,$B12) -> 0 | Q12: =SUMIFS('Class Results'!Q$10:Q$321,'Class Results'!$A$10:$A$321,$A12,'Class Results'!$C$10:$C$321,$B12) -> 0 | R12: =SUMIFS('Class Results'!R$10:R$321,'Class Results'!$A$10:$A$321,$A12,'Class Results'!$C$10:$C$321,$B12) -> 1 | S12: =SUMIFS('Class Results'!S$10:S$321,'Class Results'!$A$10:$A$321,$A12,'Class Results'!$C$10:$C$321,$B12) -> 1
A13: Grade 5 | B13: Male | C13: =SUMIFS('Class Results'!D$10:D$321,'Class Results'!$A$10:$A$321,$A13,'Class Results'!$C$10:$C$321,$B13) -> 8 | D13: =SUMIFS('Class Results'!E$10:E$321,'Class Results'!$A$10:$A$321,$A13,'Class Results'!$C$10:$C$321,$B13) -> 8 | E13: =SUMIFS('Class Results'!F$10:F$321,'Class Results'!$A$10:$A$321,$A13,'Class Results'!$C$10:$C$321,$B13) -> 2 | F13: =SUMIFS('Class Results'!G$10:G$321,'Class Results'!$A$10:$A$321,$A13,'Class Results'!$C$10:$C$321,$B13) -> 6 | G13: =SUMIFS('Class Results'!H$10:H$321,'Class Results'!$A$10:$A$321,$A13,'Class Results'!$C$10:$C$321,$B13) -> 0 | H13: =SUMIFS('Class Results'!I$10:I$321,'Class Results'!$A$10:$A$321,$A13,'Class Results'!$C$10:$C$321,$B13) -> 0 | I13: =SUMIFS('Class Results'!J$10:J$321,'Class Results'!$A$10:$A$321,$A13,'Class Results'!$C$10:$C$321,$B13) -> 0 | K13: =SUMIFS('Class Results'!K$10:K$321,'Class Results'!$A$10:$A$321,$A13,'Class Results'!$C$10:$C$321,$B13) -> 0 | L13: =SUMIFS('Class Results'!L$10:L$321,'Class Results'!$A$10:$A$321,$A13,'Class Results'!$C$10:$C$321,$B13) -> 0 | M13: =SUMIFS('Class Results'!M$10:M$321,'Class Results'!$A$10:$A$321,$A13,'Class Results'!$C$10:$C$321,$B13) -> 0 | N13: =SUMIFS('Class Results'!N$10:N$321,'Class Results'!$A$10:$A$321,$A13,'Class Results'!$C$10:$C$321,$B13) -> 0 | O13: =SUMIFS('Class Results'!O$10:O$321,'Class Results'!$A$10:$A$321,$A13,'Class Results'!$C$10:$C$321,$B13) -> 0 | P13: =SUMIFS('Class Results'!P$10:P$321,'Class Results'!$A$10:$A$321,$A13,'Class Results'!$C$10:$C$321,$B13) -> 0 | Q13: =SUMIFS('Class Results'!Q$10:Q$321,'Class Results'!$A$10:$A$321,$A13,'Class Results'!$C$10:$C$321,$B13) -> 0 | R13: =SUMIFS('Class Results'!R$10:R$321,'Class Results'!$A$10:$A$321,$A13,'Class Results'!$C$10:$C$321,$B13) -> 0 | S13: =SUMIFS('Class Results'!S$10:S$321,'Class Results'!$A$10:$A$321,$A13,'Class Results'!$C$10:$C$321,$B13) -> 0
A14: Grade 5 | B14: Female | C14: =SUMIFS('Class Results'!D$10:D$321,'Class Results'!$A$10:$A$321,$A14,'Class Results'!$C$10:$C$321,$B14) -> 9 | D14: =SUMIFS('Class Results'!E$10:E$321,'Class Results'!$A$10:$A$321,$A14,'Class Results'!$C$10:$C$321,$B14) -> 9 | E14: =SUMIFS('Class Results'!F$10:F$321,'Class Results'!$A$10:$A$321,$A14,'Class Results'!$C$10:$C$321,$B14) -> 3 | F14: =SUMIFS('Class Results'!G$10:G$321,'Class Results'!$A$10:$A$321,$A14,'Class Results'!$C$10:$C$321,$B14) -> 5 | G14: =SUMIFS('Class Results'!H$10:H$321,'Class Results'!$A$10:$A$321,$A14,'Class Results'!$C$10:$C$321,$B14) -> 1 | H14: =SUMIFS('Class Results'!I$10:I$321,'Class Results'!$A$10:$A$321,$A14,'Class Results'!$C$10:$C$321,$B14) -> 0 | I14: =SUMIFS('Class Results'!J$10:J$321,'Class Results'!$A$10:$A$321,$A14,'Class Results'!$C$10:$C$321,$B14) -> 0 | K14: =SUMIFS('Class Results'!K$10:K$321,'Class Results'!$A$10:$A$321,$A14,'Class Results'!$C$10:$C$321,$B14) -> 0 | L14: =SUMIFS('Class Results'!L$10:L$321,'Class Results'!$A$10:$A$321,$A14,'Class Results'!$C$10:$C$321,$B14) -> 0 | M14: =SUMIFS('Class Results'!M$10:M$321,'Class Results'!$A$10:$A$321,$A14,'Class Results'!$C$10:$C$321,$B14) -> 1 | N14: =SUMIFS('Class Results'!N$10:N$321,'Class Results'!$A$10:$A$321,$A14,'Class Results'!$C$10:$C$321,$B14) -> 0 | O14: =SUMIFS('Class Results'!O$10:O$321,'Class Results'!$A$10:$A$321,$A14,'Class Results'!$C$10:$C$321,$B14) -> 0 | P14: =SUMIFS('Class Results'!P$10:P$321,'Class Results'!$A$10:$A$321,$A14,'Class Results'!$C$10:$C$321,$B14) -> 0 | Q14: =SUMIFS('Class Results'!Q$10:Q$321,'Class Results'!$A$10:$A$321,$A14,'Class Results'!$C$10:$C$321,$B14) -> 0 | R14: =SUMIFS('Class Results'!R$10:R$321,'Class Results'!$A$10:$A$321,$A14,'Class Results'!$C$10:$C$321,$B14) -> 0 | S14: =SUMIFS('Class Results'!S$10:S$321,'Class Results'!$A$10:$A$321,$A14,'Class Results'!$C$10:$C$321,$B14) -> 0
A15: Grade 6 | B15: Male | C15: =SUMIFS('Class Results'!D$10:D$321,'Class Results'!$A$10:$A$321,$A15,'Class Results'!$C$10:$C$321,$B15) -> 14 | D15: =SUMIFS('Class Results'!E$10:E$321,'Class Results'!$A$10:$A$321,$A15,'Class Results'!$C$10:$C$321,$B15) -> 14 | E15: =SUMIFS('Class Results'!F$10:F$321,'Class Results'!$A$10:$A$321,$A15,'Class Results'!$C$10:$C$321,$B15) -> 11 | F15: =SUMIFS('Class Results'!G$10:G$321,'Class Results'!$A$10:$A$321,$A15,'Class Results'!$C$10:$C$321,$B15) -> 3 | G15: =SUMIFS('Class Results'!H$10:H$321,'Class Results'!$A$10:$A$321,$A15,'Class Results'!$C$10:$C$321,$B15) -> 0 | H15: =SUMIFS('Class Results'!I$10:I$321,'Class Results'!$A$10:$A$321,$A15,'Class Results'!$C$10:$C$321,$B15) -> 0 | I15: =SUMIFS('Class Results'!J$10:J$321,'Class Results'!$A$10:$A$321,$A15,'Class Results'!$C$10:$C$321,$B15) -> 0 | K15: =SUMIFS('Class Results'!K$10:K$321,'Class Results'!$A$10:$A$321,$A15,'Class Results'!$C$10:$C$321,$B15) -> 0 | L15: =SUMIFS('Class Results'!L$10:L$321,'Class Results'!$A$10:$A$321,$A15,'Class Results'!$C$10:$C$321,$B15) -> 0 | M15: =SUMIFS('Class Results'!M$10:M$321,'Class Results'!$A$10:$A$321,$A15,'Class Results'!$C$10:$C$321,$B15) -> 0 | N15: =SUMIFS('Class Results'!N$10:N$321,'Class Results'!$A$10:$A$321,$A15,'Class Results'!$C$10:$C$321,$B15) -> 0 | O15: =SUMIFS('Class Results'!O$10:O$321,'Class Results'!$A$10:$A$321,$A15,'Class Results'!$C$10:$C$321,$B15) -> 0 | P15: =SUMIFS('Class Results'!P$10:P$321,'Class Results'!$A$10:$A$321,$A15,'Class Results'!$C$10:$C$321,$B15) -> 0 | Q15: =SUMIFS('Class Results'!Q$10:Q$321,'Class Results'!$A$10:$A$321,$A15,'Class Results'!$C$10:$C$321,$B15) -> 0 | R15: =SUMIFS('Class Results'!R$10:R$321,'Class Results'!$A$10:$A$321,$A15,'Class Results'!$C$10:$C$321,$B15) -> 0 | S15: =SUMIFS('Class Results'!S$10:S$321,'Class Results'!$A$10:$A$321,$A15,'Class Results'!$C$10:$C$321,$B15) -> 0
A16: Grade 6 | B16: Female | C16: =SUMIFS('Class Results'!D$10:D$321,'Class Results'!$A$10:$A$321,$A16,'Class Results'!$C$10:$C$321,$B16) -> 11 | D16: =SUMIFS('Class Results'!E$10:E$321,'Class Results'!$A$10:$A$321,$A16,'Class Results'!$C$10:$C$321,$B16) -> 11 | E16: =SUMIFS('Class Results'!F$10:F$321,'Class Results'!$A$10:$A$321,$A16,'Class Results'!$C$10:$C$321,$B16) -> 9 | F16: =SUMIFS('Class Results'!G$10:G$321,'Class Results'!$A$10:$A$321,$A16,'Class Results'!$C$10:$C$321,$B16) -> 2 | G16: =SUMIFS('Class Results'!H$10:H$321,'Class Results'!$A$10:$A$321,$A16,'Class Results'!$C$10:$C$321,$B16) -> 0 | H16: =SUMIFS('Class Results'!I$10:I$321,'Class Results'!$A$10:$A$321,$A16,'Class Results'!$C$10:$C$321,$B16) -> 0 | I16: =SUMIFS('Class Results'!J$10:J$321,'Class Results'!$A$10:$A$321,$A16,'Class Results'!$C$10:$C$321,$B16) -> 0 | K16: =SUMIFS('Class Results'!K$10:K$321,'Class Results'!$A$10:$A$321,$A16,'Class Results'!$C$10:$C$321,$B16) -> 0 | L16: =SUMIFS('Class Results'!L$10:L$321,'Class Results'!$A$10:$A$321,$A16,'Class Results'!$C$10:$C$321,$B16) -> 0 | M16: =SUMIFS('Class Results'!M$10:M$321,'Class Results'!$A$10:$A$321,$A16,'Class Results'!$C$10:$C$321,$B16) -> 0 | N16: =SUMIFS('Class Results'!N$10:N$321,'Class Results'!$A$10:$A$321,$A16,'Class Results'!$C$10:$C$321,$B16) -> 0 | O16: =SUMIFS('Class Results'!O$10:O$321,'Class Results'!$A$10:$A$321,$A16,'Class Results'!$C$10:$C$321,$B16) -> 0 | P16: =SUMIFS('Class Results'!P$10:P$321,'Class Results'!$A$10:$A$321,$A16,'Class Results'!$C$10:$C$321,$B16) -> 0 | Q16: =SUMIFS('Class Results'!Q$10:Q$321,'Class Results'!$A$10:$A$321,$A16,'Class Results'!$C$10:$C$321,$B16) -> 0 | R16: =SUMIFS('Class Results'!R$10:R$321,'Class Results'!$A$10:$A$321,$A16,'Class Results'!$C$10:$C$321,$B16) -> 0 | S16: =SUMIFS('Class Results'!S$10:S$321,'Class Results'!$A$10:$A$321,$A16,'Class Results'!$C$10:$C$321,$B16) -> 0
A18: TOTAL | B18: Enrolment | D18: Number of Learners Assessed | E18: Number of Learners Assessed by Proficiency | K18: Content Domain | O18: Cognitive Domain
B19: Total Male | C19: Total Female | E19: Emerging (Not Proficient) | F19: Emerging (Low Proficient) | G19: Developing (Nearly Proficient) | H19: Transitioning (Proficient) | I19: At Grade Level (Highly Proficient) | K19: No and Algebra | L19: Means and Geom | M19: Data and Prob | N19: Total | O19: Knowing | P19: =P10 -> Interpreting | Q19: Applying | R19: Reasoning | S19: Total
A20: Grade 4 | B20: =C11 -> 12 | C20: =C12 -> 10 | D20: =D11+D12 -> 22 | E20: =E11+E12 -> 3 | F20: =F11+F12 -> 9 | G20: =G11+G12 -> 9 | H20: =H11+H12 -> 1 | I20: =I11+I12 -> 0 | K20: =K11+K12 -> 1 | L20: =L11+L12 -> 0 | M20: =M11+M12 -> 16 | N20: =N11+N12 -> 1 | O20: =O11+O12 -> 9 | P20: =P11+P12 -> 0 | Q20: =Q11+Q12 -> 0 | R20: =R11+R12 -> 2 | S20: =S11+S12 -> 1
A21: Grade 5 | B21: =C13 -> 8 | C21: =C14 -> 9 | D21: =D13+D14 -> 17 | E21: =E13+E14 -> 5 | F21: =F13+F14 -> 11 | G21: =G13+G14 -> 1 | H21: =H13+H14 -> 0 | I21: =I13+I14 -> 0 | K21: =K13+K14 -> 0 | L21: =L13+L14 -> 0 | M21: =M13+M14 -> 1 | N21: =N13+N14 -> 0 | O21: =O13+O14 -> 0 | P21: =P13+P14 -> 0 | Q21: =Q13+Q14 -> 0 | R21: =R13+R14 -> 0 | S21: =S13+S14 -> 0
A22: Grade 6 | B22: =C15 -> 14 | C22: =C16 -> 11 | D22: =D15+D16 -> 25 | E22: =E15+E16 -> 20 | F22: =F15+F16 -> 5 | G22: =G15+G16 -> 0 | H22: =H15+H16 -> 0 | I22: =I15+I16 -> 0 | K22: =K15+K16 -> 0 | L22: =L15+L16 -> 0 | M22: =M15+M16 -> 0 | N22: =N15+N16 -> 0 | O22: =O15+O16 -> 0 | P22: =P15+P16 -> 0 | Q22: =Q15+Q16 -> 0 | R22: =R15+R16 -> 0 | S22: =S15+S16 -> 0
A23: Total Learners | B23: =SUM(B20:B22) -> 34 | C23: =SUM(C20:C22) -> 30 | D23: =SUM(D20:D22) -> 64 | E23: =SUM(E20:E22) -> 28 | F23: =SUM(F20:F22) -> 25 | G23: =SUM(G20:G22) -> 10 | H23: =SUM(H20:H22) -> 1 | I23: =SUM(I20:I22) -> 0 | K23: =K20+K21+K22 -> 1 | L23: =L20+L21+L22 -> 0 | M23: =M20+M21+M22 -> 17 | N23: =N20+N21+N22 -> 1 | O23: =O20+O21+O22 -> 9 | P23: =P20+P21+P22 -> 0 | Q23: =Q20+Q21+Q22 -> 0 | R23: =R20+R21+R22 -> 2 | S23: =S20+S21+S22 -> 1
E25: % of Learners Assessed | K25: Content Domain | O25: Cognitive Domain
A26: Male | B26: =B23 -> 34 | D26: Grade | E26: Emerging (Not Proficient) | F26: Emerging (Low Proficient) | G26: Developing (Nearly Proficient) | H26: Transitioning (Proficient) | I26: At Grade Level (Highly Proficient) | K26: No and Algebra | L26: Means and Geom | M26: Data and Prob | N26: Total | O26: Knowing | P26: Interpreting | Q26: Applying | R26: Reasoning | S26: Total
A27: Female | B27: =C23 -> 30 | D27: Grade 4 | E27: =IFERROR(E20/$D20,"") -> 0.13636364 | F27: =IFERROR(F20/$D20,"") -> 0.40909091 | G27: =IFERROR(G20/$D20,"") -> 0.40909091 | H27: =IFERROR(H20/$D20,"") -> 0.045454545 | I27: =IFERROR(I20/$D20,"") -> 0 | K27: =IFERROR(K20/$D20,"") -> 0.045454545 | L27: =IFERROR(L20/$D20,"") -> 0 | M27: =IFERROR(M20/$D20,"") -> 0.72727273 | N27: =IFERROR(N20/$D20,"") -> 0.045454545 | O27: =IFERROR(O20/$D20,"") -> 0.40909091 | P27: =IFERROR(P20/$D20,"") -> 0 | Q27: =IFERROR(Q20/$D20,"") -> 0 | R27: =IFERROR(R20/$D20,"") -> 0.090909091 | S27: =IFERROR(S20/$D20,"") -> 0.045454545
D28: Grade 5 | E28: =IFERROR(E21/$D21,"") -> 0.29411765 | F28: =IFERROR(F21/$D21,"") -> 0.64705882 | G28: =IFERROR(G21/$D21,"") -> 0.058823529 | H28: =IFERROR(H21/$D21,"") -> 0 | I28: =IFERROR(I21/$D21,"") -> 0 | K28: =IFERROR(K21/$D21,"") -> 0 | L28: =IFERROR(L21/$D21,"") -> 0 | M28: =IFERROR(M21/$D21,"") -> 0.058823529 | N28: =IFERROR(N21/$D21,"") -> 0 | O28: =IFERROR(O21/$D21,"") -> 0 | P28: =IFERROR(P21/$D21,"") -> 0 | Q28: =IFERROR(Q21/$D21,"") -> 0 | R28: =IFERROR(R21/$D21,"") -> 0 | S28: =IFERROR(S21/$D21,"") -> 0
D29: Grade 6 | E29: =IFERROR(E22/$D22,"") -> 0.8 | F29: =IFERROR(F22/$D22,"") -> 0.2 | G29: =IFERROR(G22/$D22,"") -> 0 | H29: =IFERROR(H22/$D22,"") -> 0 | I29: =IFERROR(I22/$D22,"") -> 0 | K29: =IFERROR(K22/$D22,"") -> 0 | L29: =IFERROR(L22/$D22,"") -> 0 | M29: =IFERROR(M22/$D22,"") -> 0 | N29: =IFERROR(N22/$D22,"") -> 0 | O29: =IFERROR(O22/$D22,"") -> 0 | P29: =IFERROR(P22/$D22,"") -> 0 | Q29: =IFERROR(Q22/$D22,"") -> 0 | R29: =IFERROR(R22/$D22,"") -> 0 | S29: =IFERROR(S22/$D22,"") -> 0
D30: Total | E30: =IFERROR(E23/$D23,"") -> 0.4375 | F30: =IFERROR(F23/$D23,"") -> 0.390625 | G30: =IFERROR(G23/$D23,"") -> 0.15625 | H30: =IFERROR(H23/$D23,"") -> 0.015625 | I30: =IFERROR(I23/$D23,"") -> 0 | K30: =IFERROR(K23/$D23,"") -> 0.015625 | L30: =IFERROR(L23/$D23,"") -> 0 | M30: =IFERROR(M23/$D23,"") -> 0.265625 | N30: =IFERROR(N23/$D23,"") -> 0.015625 | O30: =IFERROR(O23/$D23,"") -> 0.140625 | P30: =IFERROR(P23/$D23,"") -> 0 | Q30: =IFERROR(Q23/$D23,"") -> 0 | R30: =IFERROR(R23/$D23,"") -> 0.03125 | S30: =IFERROR(S23/$D23,"") -> 0.015625
