Workbook
Name BoSY: 'RMAKS2 Scoresheet'!$BL$10:$BL$12
Name EoSY: 'RMAKS2 Scoresheet'!$BM$10:$BM$11

Sheet RMAKS2 Scoresheet
BJ1: RMAKS2v4
A4: Assement Type | C4: EoSY
A5: Region | C5: NIR | D5: Rapid Mathematics Assessment (RMA) Scoresheets | BA5: #VALUE! | BD5: Content Domain | BG5: Cognitive Domain | BN5: Content Domain | BR5: Cognitive Domain
A6: School ID: | C6: 117443 | D6: School Name: | F6: ROMANA ES | J6: Teacher : | M6: RAMONA B. PUNZALAN | S6: Enrolment (Male) : | X6: 14 | Z6: Enrolment (Female) : | AE6: 10 | AG6: Total | AJ6: =AE6+X6 -> 24 | AM6: Number Assessed | AS6: =COUNTA(C10:C108) -> 24 | AX6: Grade Level Scores
B7: Grade: | C7: Grade 4 | D7: Section | F7: 1 | H7: ITEM NUMBER | AX7: Grade 4 (13) | AY7: Grade 5 (19) | AZ7: Grade 6 (18) | BD7: No and Algebra | BE7: Meas and Geom | BF7: Data and Prob | BG7: Knowing | BH7: Applying | BI7: Reasoning | BN7: No and Algebra | BO7: Meas and Geom | BP7: Data and Prob | BQ7: Total | BR7: Knowing | BS7: Applying | BT7: Reasoning | BU7: Total
A8: S/N | B8: LRN | C8: Name of Learner | D8: Sex | E8: Birthdate | F8: Date of Asessment | G8: Age | H8: 1 | I8: =H8+1 -> 2 | J8: =I8+1 -> 3 | K8: =J8+1 -> 4 | L8: =K8+1 -> 5 | M8: =L8+1 -> 6 | N8: =M8+1 -> 7 | O8: =N8+1 -> 8 | P8: =O8+1 -> 9 | ... AJ8: =AI8+1 -> 29 | AK8: 30a | AL8: 30b | AM8: 31 | AN8: =AM8+1 -> 32 | AO8: =AN8+1 -> 33 | AP8: =AO8+1 -> 34 | AQ8: =AP8+1 -> 35 | AR8: 36 | AS8: 37a | AT8: 37b | AU8: 38 | AV8: =AU8+1 -> 39 | AW8: =AV8+1 -> 40 | BA8: TOTAL SCORE | BB8: % of Correct Answer | BC8: Levelling of Learners | BJ8: Remarks
A9: Total Points / Scores | H9: 1 | I9: 1 | J9: 1 | K9: 1 | L9: 2 | M9: 1 | N9: 1 | O9: 1 | P9: 1 | Q9: 1 | R9: 1 | S9: 1 | T9: 1 | U9: 1 | V9: 1 | W9: 1 | X9: 3 | Y9: 1 | Z9: 1 | AA9: 1 | AB9: 2 | AC9: 1 | AD9: 2 | AE9: 1 | AF9: 1 | AG9: 1 | AH9: 1 | AI9: 1 | AJ9: 1 | AK9: 1 | AL9: 1 | AM9: 1 | AN9: 2 | AO9: 2 | AP9: 1 | AQ9: 1 | AR9: 1 | AS9: 1 | AT9: 1 | AU9: 1 | AV9: 2 | AW9: 1 | AX9: 13 | AY9: 19 | AZ9: 18 | BA9: =IF($C$7="Grade 4",AX9,IF($C$7="Grade 5",AY9+AX9,IF($C$7="Grade 6",AZ9+AY9+AX9,0))) -> 13 | BD9: =IF($BA9<>0,IF($C$7="Grade 6",SUM(H9:J9)+SUM(M9:O9)+SUM(Q9:S9)+U9+V9+Z9+AB9+AF9+AJ9+SUM(AM9:AQ9)+AU9+AV9,IF($C$7="Grade 5",SUM(H9:J9)+SUM(M9:O9)+SUM(Q9:S9)+U9+V9+Z9+AB9+AF9,IF($C$7="Grade 4",SUM(H9:J9)+SUM(M9:O9)+SUM(Q9:S9),0))),0) -> 9 | BE9: =IF($BA9<>0,IF($C$7="Grade 6",L9+P9+T9+SUM(W9:Y9)+AA9+SUM(AC9:AE9)+AG9+AI9+AT9,IF($C$7="Grade 5",L9+P9+T9+SUM(W9:Y9)+AA9+SUM(AC9:AE9)+AG9,IF($C$7="Grade 4",L9+P9,0))),0) -> 3 | BF9: =IF($BA9<>0,IF($C$7="Grade 6",K9+AH9+AK9+AL9+AR9+AS9+AW9,IF($C$7="Grade 5",K9+AH9,IF($C$7="Grade 4",K9,0))),0) -> 1 | BG9: =IF($BA9<>0,IF($C$7="Grade 6",H9+K9+M9+S9+T9+V9+W9+Z9+AB9+AC9+SUM(AH9:AJ9)+AN9+AP9+AQ9+AS9+AT9,IF($C$7="Grade 5",H9+K9+M9+S9+T9+V9+W9+Z9+AB9+AC9+AH9,IF($C$7="Grade 4",H9+K9+M9+S9,0))),0) -> 4 | BH9: =IF($BA9<>0,IF($C$7="Grade 6",I9+J9+L9+N9+O9+R9+U9+Y9+SUM(AE9:AG9)+AK9+AM9+AO9+AU9+AV9+AW9,IF($C$7="Grade 5",I9+J9+L9+N9+O9+R9+U9+Y9+SUM(AE9:AG9),IF($C$7="Grade 4",I9+J9+L9+N9+O9+R9,0))),0) -> 7 | BI9: =IF($BA9<>0,IF($C$7="Grade 6",P9+Q9+X9+AA9+AD9+AL9+AR9,IF($C$7="Grade 5",P9+Q9+X9+AA9+AD9,IF($C$7="Grade 4",P9+Q9,0))),0) -> 2 | BL9: BoSY | BM9: EoSY | BN9: =BD9 -> 9 | BO9: =BE9 -> 3 | BP9: =BF9 -> 1 | BQ9: =BN9+BO9+BP9 -> 13 | BR9: =BG9 -> 4 | BS9: =BH9 -> 7 | BT9: =BI9 -> 2 | BU9: =BR9+BS9+BT9 -> 13
A10: 1 | B10: 117443210001 | C10: ANDAYA,KURT JOSEPH, LABANZA | D10: Male | E10: 42452 | F10: 46083 | G10: =IF(C10<>"",(F10-E10)/365,"") -> 9.9479452 | H10: 1 | I10: 1 | J10: 0 | K10: 1 | L10: 1 | M10: 1 | N10: 1 | O10: 0 | P10: 1 | Q10: 0 | R10: 0 | S10: 0 | T10: 0 | U10: 0 | V10: 0 | W10: 0 | X10: 0 | Y10: 0 | Z10: 0 | AA10: 0 | AB10: 0 | AC10: 1 | AD10: 0 | AE10: 0 | AF10: 0 | AG10: 0 | AH10: 0 | AI10: 0 | AJ10: 1 | AK10: 0 | AL10: 0 | AM10: 1 | AN10: 0 | AO10: 0 | AP10: 0 | AQ10: 0 | AR10: 0 | AS10: 0 | AT10: 0 | AU10: 0 | AV10: 0 | AW10: 1 | AX10: =IF($C10<>"",SUM(H10:S10),"") -> 7 | AY10: =IF($C10<>"",SUM(T10:AH10),"") -> 1 | AZ10: =IF($C10<>"",SUM(AI10:AW10),"") -> 3 | BA10: =_xlfn.IFNA(IF(AND($C$4<>"",$C$7<>"",C10<>""),IF($C$7="Grade 4",AX10,IF($C$7="Grade 5",AX10+AY10,IF($C$7="Grade 6",AX10+AY10+AZ10,0))),""),"") -> 7 | BB10: =IFERROR(IF(AND(BA10>0,C10<>""),BA10/$BA$9,""),"") -> 0.53846154 | BC10: =IF($BA10="","",IF($BA$9=50,IF($BA10>=45,"At Grade Level (Highly Proficient)",IF($BA10>=39,"Transitioning (Proficient)",IF($BA10>=29,"Developing (Nearly Proficient)",IF($BA10>=15,"Emerging (Low Proficient)","Emerging (Not Proficient)")))),IF($BA$9=32,IF($BA10>=27,"At Grade Level (Highly Proficient)",IF($BA10>=21,"Transitioning (Proficient)",IF($BA10>=14,"Developing (Nearly Proficient)",IF($BA10>=7,"Emerging (Low Proficient)","Emerging (Not Proficient)")))),IF($BA$9=13,IF($BA10>=11,"At Grade Level (Highly Proficient)",IF($BA10>=8,"Transitioning (Proficient)",IF($BA10>=5,"Developing (Nearly Proficient)",IF($BA10>=3,"Emerging (Low Proficient)","Emerging (Not Proficient)")))),"")))) -> Developing (Nearly Proficient) | BD10: =IF($BA10<>0,IF($C$7="Grade 6",SUM(H10:J10)+SUM(M10:O10)+SUM(Q10:S10)+U10+V10+Z10+AB10+AF10+AJ10+SUM(AM10:AQ10)+AU10+AV10,IF($C$7="Grade 5",SUM(H10:J10)+SUM(M10:O10)+SUM(Q10:S10)+U10+V10+Z10+AB10+AF10,IF($C$7="Grade 4",SUM(H10:J10)+SUM(M10:O10)+SUM(Q10:S10),0))),0) -> 4 | BE10: =IF($BA10<>0,IF($C$7="Grade 6",L10+P10+T10+SUM(W10:Y10)+AA10+SUM(AC10:AE10)+AG10+AI10+AT10,IF($C$7="Grade 5",L10+P10+T10+SUM(W10:Y10)+AA10+SUM(AC10:AE10)+AG10,IF($C$7="Grade 4",L10+P10,0))),0) -> 2 | BF10: =IF($BA10<>0,IF($C$7="Grade 6",K10+AH10+AK10+AL10+AR10+AS10+AW10,IF($C$7="Grade 5",K10+AH10,IF($C$7="Grade 4",K10,0))),0) -> 1 | BG10: =IF($BA10<>0,IF($C$7="Grade 6",H10+K10+M10+S10+T10+V10+W10+Z10+AB10+AC10+SUM(AH10:AJ10)+AN10+AP10+AQ10+AS10+AT10,IF($C$7="Grade 5",H10+K10+M10+S10+T10+V10+W10+Z10+AB10+AC10+AH10,IF($C$7="Grade 4",H10+K10+M10+S10,0))),0) -> 3 | BH10: =IF($BA10<>0,IF($C$7="Grade 6",I10+J10+L10+N10+O10+R10+U10+Y10+SUM(AE10:AG10)+AK10+AM10+AO10+AU10+AV10+AW10,IF($C$7="Grade 5",I10+J10+L10+N10+O10+R10+U10+Y10+SUM(AE10:AG10),IF($C$7="Grade 4",I10+J10+L10+N10+O10+R10,0))),0) -> 3 | BI10: =IF($BA10<>0,IF($C$7="Grade 6",P10+Q10+X10+AA10+AD10+AL10+AR10,IF($C$7="Grade 5",P10+Q10+X10+AA10+AD10,IF($C$7="Grade 4",P10+Q10,0))),0) -> 1 | BL10: Grade 4 | BM10: Grade 4 | BN10: =IF($BA10<>"",IF(BD10/BN$9>=0.75,1,0),"") -> 0 | BO10: =IF($BA10<>"",IF(BE10/BO$9>=0.75,1,0),"") -> 0 | BP10: =IF($BA10<>"",IF(BF10/BP$9>=0.75,1,0),"") -> 1 | BQ10: =IF($BA10<>"",IF(SUM(BD10:BF10)/BQ$9>=0.75,1,0),"") -> 0 | BR10: =IF($BA10<>"",IF(BG10/BR$9>=0.75,1,0),"") -> 1 | BS10: =IF($BA10<>"",IF(BH10/BS$9>=0.75,1,0),"") -> 0 | BT10: =IF($BA10<>"",IF(BI10/BT$9>=0.75,1,0),"") -> 0 | BU10: =IF($BA10<>"",IF(SUM(BG10:BI10)/BU$9>=0.75,1,0),"") -> 0
A11: 2 | B11: 117443210002 | C11: ANTONIO,ARNEL, JR PALACIOS | D11: Male | E11: 42305 | F11: 46083 | G11: =IF(C11<>"",(F11-E11)/365,"") -> 10.350685 | H11: 0 | I11: 0 | J11: 1 | K11: 1 | L11: 0 | M11: 1 | N11: 0 | O11: 0 | P11: 1 | Q11: 1 | R11: 0 | S11: 1 | T11: 1 | U11: 0 | V11: 0 | W11: 0 | X11: 0 | Y11: 1 | Z11: 1 | AA11: 0 | AB11: 0 | AC11: 0 | AD11: 0 | AE11: 0 | AF11: 0 | AG11: 0 | AH11: 0 | AI11: 0 | AJ11: 0 | AK11: 0 | AL11: 0 | AM11: 1 | AN11: 0 | AO11: 0 | AP11: 1 | AQ11: 0 | AR11: 0 | AS11: 0 | AT11: 0 | AU11: 1 | AV11: 0 | AW11: 1 | AX11: =IF($C11<>"",SUM(H11:S11),"") -> 6 | AY11: =IF($C11<>"",SUM(T11:AH11),"") -> 3 | AZ11: =IF($C11<>"",SUM(AI11:AW11),"") -> 4 | BA11: =_xlfn.IFNA(IF(AND($C$4<>"",$C$7<>"",C11<>""),IF($C$7="Grade 4",AX11,IF($C$7="Grade 5",AX11+AY11,IF($C$7="Grade 6",AX11+AY11+AZ11,0))),""),"") -> 6 | BB11: =IFERROR(IF(AND(BA11>0,C11<>""),BA11/$BA$9,""),"") -> 0.46153846 | BC11: =IF($BA11="","",IF($BA$9=50,IF($BA11>=45,"At Grade Level (Highly Proficient)",IF($BA11>=39,"Transitioning (Proficient)",IF($BA11>=29,"Developing (Nearly Proficient)",IF($BA11>=15,"Emerging (Low Proficient)","Emerging (Not Proficient)")))),IF($BA$9=32,IF($BA11>=27,"At Grade Level (Highly Proficient)",IF($BA11>=21,"Transitioning (Proficient)",IF($BA11>=14,"Developing (Nearly Proficient)",IF($BA11>=7,"Emerging (Low Proficient)","Emerging (Not Proficient)")))),IF($BA$9=13,IF($BA11>=11,"At Grade Level (Highly Proficient)",IF($BA11>=8,"Transitioning (Proficient)",IF($BA11>=5,"Developing (Nearly Proficient)",IF($BA11>=3,"Emerging (Low Proficient)","Emerging (Not Proficient)")))),"")))) -> Developing (Nearly Proficient) | BD11: =IF($BA11<>0,IF($C$7="Grade 6",SUM(H11:J11)+SUM(M11:O11)+SUM(Q11:S11)+U11+V11+Z11+AB11+AF11+AJ11+SUM(AM11:AQ11)+AU11+AV11,IF($C$7="Grade 5",SUM(H11:J11)+SUM(M11:O11)+SUM(Q11:S11)+U11+V11+Z11+AB11+AF11,IF($C$7="Grade 4",SUM(H11:J11)+SUM(M11:O11)+SUM(Q11:S11),0))),0) -> 4 | BE11: =IF($BA11<>0,IF($C$7="Grade 6",L11+P11+T11+SUM(W11:Y11)+AA11+SUM(AC11:AE11)+AG11+AI11+AT11,IF($C$7="Grade 5",L11+P11+T11+SUM(W11:Y11)+AA11+SUM(AC11:AE11)+AG11,IF($C$7="Grade 4",L11+P11,0))),0) -> 1 | BF11: =IF($BA11<>0,IF($C$7="Grade 6",K11+AH11+AK11+AL11+AR11+AS11+AW11,IF($C$7="Grade 5",K11+AH11,IF($C$7="Grade 4",K11,0))),0) -> 1 | BG11: =IF($BA11<>0,IF($C$7="Grade 6",H11+K11+M11+S11+T11+V11+W11+Z11+AB11+AC11+SUM(AH11:AJ11)+AN11+AP11+AQ11+AS11+AT11,IF($C$7="Grade 5",H11+K11+M11+S11+T11+V11+W11+Z11+AB11+AC11+AH11,IF($C$7="Grade 4",H11+K11+M11+S11,0))),0) -> 3 | BH11: =IF($BA11<>0,IF($C$7="Grade 6",I11+J11+L11+N11+O11+R11+U11+Y11+SUM(AE11:AG11)+AK11+AM11+AO11+AU11+AV11+AW11,IF($C$7="Grade 5",I11+J11+L11+N11+O11+R11+U11+Y11+SUM(AE11:AG11),IF($C$7="Grade 4",I11+J11+L11+N11+O11+R11,0))),0) -> 1 | BI11: =IF($BA11<>0,IF($C$7="Grade 6",P11+Q11+X11+AA11+AD11+AL11+AR11,IF($C$7="Grade 5",P11+Q11+X11+AA11+AD11,IF($C$7="Grade 4",P11+Q11,0))),0) -> 2 | BL11: Grade 5 | BM11: Grade 5 | BN11: =IF($BA11<>"",IF(BD11/BN$9>=0.75,1,0),"") -> 0 | BO11: =IF($BA11<>"",IF(BE11/BO$9>=0.75,1,0),"") -> 0 | BP11: =IF($BA11<>"",IF(BF11/BP$9>=0.75,1,0),"") -> 1 | BQ11: =IF($BA11<>"",IF(SUM(BD11:BF11)/BQ$9>=0.75,1,0),"") -> 0 | BR11: =IF($BA11<>"",IF(BG11/BR$9>=0.75,1,0),"") -> 1 | BS11: =IF($BA11<>"",IF(BH11/BS$9>=0.75,1,0),"") -> 0 | BT11: =IF($BA11<>"",IF(BI11/BT$9>=0.75,1,0),"") -> 1 | BU11: =IF($BA11<>"",IF(SUM(BG11:BI11)/BU$9>=0.75,1,0),"") -> 0
A12: 3 | B12: 117443210004 | C12: BANHAO, ZAYN ETHAN, JUMBAS | D12: Male | E12: 42488 | F12: 46083 | G12: =IF(C12<>"",(F12-E12)/365,"") -> 9.8493151 | H12: 1 | I12: 1 | J12: 1 | K12: 1 | L12: 2 | M12: 1 | N12: 1 | O12: 0 | P12: 0 | Q12: 0 | R12: 1 | S12: 1 | T12: 0 | U12: 0 | V12: 1 | W12: 1 | X12: 1 | Y12: 1 | Z12: 1 | AA12: 0 | AB12: 0 | AC12: 1 | AD12: 0 | AE12: 0 | AF12: 0 | AG12: 0 | AH12: 0 | AI12: 0 | AJ12: 0 | AK12: 0 | AL12: 0 | AM12: 0 | AN12: 0 | AO12: 0 | AP12: 1 | AQ12: 0 | AR12: 0 | AS12: 1 | AT12: 1 | AU12: 0 | AV12: 0 | AW12: 1 | AX12: =IF($C12<>"",SUM(H12:S12),"") -> 10 | AY12: =IF($C12<>"",SUM(T12:AH12),"") -> 6 | AZ12: =IF($C12<>"",SUM(AI12:AW12),"") -> 4 | BA12: =_xlfn.IFNA(IF(AND($C$4<>"",$C$7<>"",C12<>""),IF($C$7="Grade 4",AX12,IF($C$7="Grade 5",AX12+AY12,IF($C$7="Grade 6",AX12+AY12+AZ12,0))),""),"") -> 10 | BB12: =IFERROR(IF(AND(BA12>0,C12<>""),BA12/$BA$9,""),"") -> 0.76923077 | BC12: =IF($BA12="","",IF($BA$9=50,IF($BA12>=45,"At Grade Level (Highly Proficient)",IF($BA12>=39,"Transitioning (Proficient)",IF($BA12>=29,"Developing (Nearly Proficient)",IF($BA12>=15,"Emerging (Low Proficient)","Emerging (Not Proficient)")))),IF($BA$9=32,IF($BA12>=27,"At Grade Level (Highly Proficient)",IF($BA12>=21,"Transitioning (Proficient)",IF($BA12>=14,"Developing (Nearly Proficient)",IF($BA12>=7,"Emerging (Low Proficient)","Emerging (Not Proficient)")))),IF($BA$9=13,IF($BA12>=11,"At Grade Level (Highly Proficient)",IF($BA12>=8,"Transitioning (Proficient)",IF($BA12>=5,"Developing (Nearly Proficient)",IF($BA12>=3,"Emerging (Low Proficient)","Emerging (Not Proficient)")))),"")))) -> Transitioning (Proficient) | BD12: =IF($BA12<>0,IF($C$7="Grade 6",SUM(H12:J12)+SUM(M12:O12)+SUM(Q12:S12)+U12+V12+Z12+AB12+AF12+AJ12+SUM(AM12:AQ12)+AU12+AV12,IF($C$7="Grade 5",SUM(H12:J12)+SUM(M12:O12)+SUM(Q12:S12)+U12+V12+Z12+AB12+AF12,IF($C$7="Grade 4",SUM(H12:J12)+SUM(M12:O12)+SUM(Q12:S12),0))),0) -> 7 | BE12: =IF($BA12<>0,IF($C$7="Grade 6",L12+P12+T12+SUM(W12:Y12)+AA12+SUM(AC12:AE12)+AG12+AI12+AT12,IF($C$7="Grade 5",L12+P12+T12+SUM(W12:Y12)+AA12+SUM(AC12:AE12)+AG12,IF($C$7="Grade 4",L12+P12,0))),0) -> 2 | BF12: =IF($BA12<>0,IF($C$7="Grade 6",K12+AH12+AK12+AL12+AR12+AS12+AW12,IF($C$7="Grade 5",K12+AH12,IF($C$7="Grade 4",K12,0))),0) -> 1 | BG12: =IF($BA12<>0,IF($C$7="Grade 6",H12+K12+M12+S12+T12+V12+W12+Z12+AB12+AC12+SUM(AH12:AJ12)+AN12+AP12+AQ12+AS12+AT12,IF($C$7="Grade 5",H12+K12+M12+S12+T12+V12+W12+Z12+AB12+AC12+AH12,IF($C$7="Grade 4",H12+K12+M12+S12,0))),0) -> 4 | BH12: =IF($BA12<>0,IF($C$7="Grade 6",I12+J12+L12+N12+O12+R12+U12+Y12+SUM(AE12:AG12)+AK12+AM12+AO12+AU12+AV12+AW12,IF($C$7="Grade 5",I12+J12+L12+N12+O12+R12+U12+Y12+SUM(AE12:AG12),IF($C$7="Grade 4",I12+J12+L12+N12+O12+R12,0))),0) -> 6 | BI12: =IF($BA12<>0,IF($C$7="Grade 6",P12+Q12+X12+AA12+AD12+AL12+AR12,IF($C$7="Grade 5",P12+Q12+X12+AA12+AD12,IF($C$7="Grade 4",P12+Q12,0))),0) -> 0 | BL12: Grade 6 | BN12: =IF($BA12<>"",IF(BD12/BN$9>=0.75,1,0),"") -> 1 | BO12: =IF($BA12<>"",IF(BE12/BO$9>=0.75,1,0),"") -> 0 | BP12: =IF($BA12<>"",IF(BF12/BP$9>=0.75,1,0),"") -> 1 | BQ12: =IF($BA12<>"",IF(SUM(BD12:BF12)/BQ$9>=0.75,1,0),"") -> 1 | BR12: =IF($BA12<>"",IF(BG12/BR$9>=0.75,1,0),"") -> 1 | BS12: =IF($BA12<>"",IF(BH12/BS$9>=0.75,1,0),"") -> 1 | BT12: =IF($BA12<>"",IF(BI12/BT$9>=0.75,1,0),"") -> 0 | BU12: =IF($BA12<>"",IF(SUM(BG12:BI12)/BU$9>=0.75,1,0),"") -> 1
A13: 4 | B13: 117443210026 | C13: CUÑADO,TIERENCE, AMARO | D13: Male | E13: 42267 | F13: 46083 | G13: =IF(C13<>"",(F13-E13)/365,"") -> 10.454795 | H13: 1 | I13: 0 | J13: 0 | K13: 0 | L13: 0 | M13: 1 | N13: 0 | O13: 1 | P13: 1 | Q13: 0 | R13: 0 | S13: 0 | T13: 0 | U13: 0 | V13: 0 | W13: 0 | X13: 0 | Y13: 1 | Z13: 0 | AA13: 0 | AB13: 0 | AC13: 0 | AD13: 1 | AE13: 0 | AF13: 0 | AG13: 0 | AH13: 0 | AI13: 0 | AJ13: 0 | AK13: 0 | AL13: 0 | AM13: 0 | AN13: 0 | AO13: 0 | AP13: 0 | AQ13: 0 | AR13: 1 | AS13: 0 | AT13: 0 | AU13: 0 | AV13: 0 | AW13: 1 | AX13: =IF($C13<>"",SUM(H13:S13),"") -> 4 | AY13: =IF($C13<>"",SUM(T13:AH13),"") -> 2 | AZ13: =IF($C13<>"",SUM(AI13:AW13),"") -> 2 | BA13: =_xlfn.IFNA(IF(AND($C$4<>"",$C$7<>"",C13<>""),IF($C$7="Grade 4",AX13,IF($C$7="Grade 5",AX13+AY13,IF($C$7="Grade 6",AX13+AY13+AZ13,0))),""),"") -> 4 | BB13: =IFERROR(IF(AND(BA13>0,C13<>""),BA13/$BA$9,""),"") -> 0.30769231 | BC13: =IF($BA13="","",IF($BA$9=50,IF($BA13>=45,"At Grade Level (Highly Proficient)",IF($BA13>=39,"Transitioning (Proficient)",IF($BA13>=29,"Developing (Nearly Proficient)",IF($BA13>=15,"Emerging (Low Proficient)","Emerging (Not Proficient)")))),IF($BA$9=32,IF($BA13>=27,"At Grade Level (Highly Proficient)",IF($BA13>=21,"Transitioning (Proficient)",IF($BA13>=14,"Developing (Nearly Proficient)",IF($BA13>=7,"Emerging (Low Proficient)","Emerging (Not Proficient)")))),IF($BA$9=13,IF($BA13>=11,"At Grade Level (Highly Proficient)",IF($BA13>=8,"Transitioning (Proficient)",IF($BA13>=5,"Developing (Nearly Proficient)",IF($BA13>=3,"Emerging (Low Proficient)","Emerging (Not Proficient)")))),"")))) -> Emerging (Low Proficient) | BD13: =IF($BA13<>0,IF($C$7="Grade 6",SUM(H13:J13)+SUM(M13:O13)+SUM(Q13:S13)+U13+V13+Z13+AB13+AF13+AJ13+SUM(AM13:AQ13)+AU13+AV13,IF($C$7="Grade 5",SUM(H13:J13)+SUM(M13:O13)+SUM(Q13:S13)+U13+V13+Z13+AB13+AF13,IF($C$7="Grade 4",SUM(H13:J13)+SUM(M13:O13)+SUM(Q13:S13),0))),0) -> 3 | BE13: =IF($BA13<>0,IF($C$7="Grade 6",L13+P13+T13+SUM(W13:Y13)+AA13+SUM(AC13:AE13)+AG13+AI13+AT13,IF($C$7="Grade 5",L13+P13+T13+SUM(W13:Y13)+AA13+SUM(AC13:AE13)+AG13,IF($C$7="Grade 4",L13+P13,0))),0) -> 1 | BF13: =IF($BA13<>0,IF($C$7="Grade 6",K13+AH13+AK13+AL13+AR13+AS13+AW13,IF($C$7="Grade 5",K13+AH13,IF($C$7="Grade 4",K13,0))),0) -> 0 | BG13: =IF($BA13<>0,IF($C$7="Grade 6",H13+K13+M13+S13+T13+V13+W13+Z13+AB13+AC13+SUM(AH13:AJ13)+AN13+AP13+AQ13+AS13+AT13,IF($C$7="Grade 5",H13+K13+M13+S13+T13+V13+W13+Z13+AB13+AC13+AH13,IF($C$7="Grade 4",H13+K13+M13+S13,0))),0) -> 2 | BH13: =IF($BA13<>0,IF($C$7="Grade 6",I13+J13+L13+N13+O13+R13+U13+Y13+SUM(AE13:AG13)+AK13+AM13+AO13+AU13+AV13+AW13,IF($C$7="Grade 5",I13+J13+L13+N13+O13+R13+U13+Y13+SUM(AE13:AG13),IF($C$7="Grade 4",I13+J13+L13+N13+O13+R13,0))),0) -> 1 | BI13: =IF($BA13<>0,IF($C$7="Grade 6",P13+Q13+X13+AA13+AD13+AL13+AR13,IF($C$7="Grade 5",P13+Q13+X13+AA13+AD13,IF($C$7="Grade 4",P13+Q13,0))),0) -> 1 | BN13: =IF($BA13<>"",IF(BD13/BN$9>=0.75,1,0),"") -> 0 | BO13: =IF($BA13<>"",IF(BE13/BO$9>=0.75,1,0),"") -> 0 | BP13: =IF($BA13<>"",IF(BF13/BP$9>=0.75,1,0),"") -> 0 | BQ13: =IF($BA13<>"",IF(SUM(BD13:BF13)/BQ$9>=0.75,1,0),"") -> 0 | BR13: =IF($BA13<>"",IF(BG13/BR$9>=0.75,1,0),"") -> 0 | BS13: =IF($BA13<>"",IF(BH13/BS$9>=0.75,1,0),"") -> 0 | BT13: =IF($BA13<>"",IF(BI13/BT$9>=0.75,1,0),"") -> 0 | BU13: =IF($BA13<>"",IF(SUM(BG13:BI13)/BU$9>=0.75,1,0),"") -> 0
A14: 5 | B14: 117443210007 | C14: DUMAGAT,CLARK YVAN, DOMANIEL | D14: Male | E14: 42290 | F14: 46083 | G14: =IF(C14<>"",(F14-E14)/365,"") -> 10.391781 | H14: 0 | I14: 0 | J14: 0 | K14: 0 | L14: 1 | M14: 1 | N14: 0 | O14: 1 | P14: 0 | Q14: 1 | R14: 1 | S14: 1 | T14: 0 | U14: 0 | V14: 1 | W14: 0 | X14: 0 | Y14: 0 | Z14: 1 | AA14: 0 | AB14: 0 | AC14: 0 | AD14: 0 | AE14: 0 | AF14: 0 | AG14: 0 | AH14: 1 | AI14: 0 | AJ14: 0 | AK14: 0 | AL14: 0 | AM14: 1 | AN14: 0 | AO14: 0 | AP14: 1 | AQ14: 0 | AR14: 1 | AS14: 1 | AT14: 0 | AU14: 0 | AV14: 0 | AW14: 0 | AX14: =IF($C14<>"",SUM(H14:S14),"") -> 6 | AY14: =IF($C14<>"",SUM(T14:AH14),"") -> 3 | AZ14: =IF($C14<>"",SUM(AI14:AW14),"") -> 4 | BA14: =_xlfn.IFNA(IF(AND($C$4<>"",$C$7<>"",C14<>""),IF($C$7="Grade 4",AX14,IF($C$7="Grade 5",AX14+AY14,IF($C$7="Grade 6",AX14+AY14+AZ14,0))),""),"") -> 6 | BB14: =IFERROR(IF(AND(BA14>0,C14<>""),BA14/$BA$9,""),"") -> 0.46153846 | BC14: =IF($BA14="","",IF($BA$9=50,IF($BA14>=45,"At Grade Level (Highly Proficient)",IF($BA14>=39,"Transitioning (Proficient)",IF($BA14>=29,"Developing (Nearly Proficient)",IF($BA14>=15,"Emerging (Low Proficient)","Emerging (Not Proficient)")))),IF($BA$9=32,IF($BA14>=27,"At Grade Level (Highly Proficient)",IF($BA14>=21,"Transitioning (Proficient)",IF($BA14>=14,"Developing (Nearly Proficient)",IF($BA14>=7,"Emerging (Low Proficient)","Emerging (Not Proficient)")))),IF($BA$9=13,IF($BA14>=11,"At Grade Level (Highly Proficient)",IF($BA14>=8,"Transitioning (Proficient)",IF($BA14>=5,"Developing (Nearly Proficient)",IF($BA14>=3,"Emerging (Low Proficient)","Emerging (Not Proficient)")))),"")))) -> Developing (Nearly Proficient) | BD14: =IF($BA14<>0,IF($C$7="Grade 6",SUM(H14:J14)+SUM(M14:O14)+SUM(Q14:S14)+U14+V14+Z14+AB14+AF14+AJ14+SUM(AM14:AQ14)+AU14+AV14,IF($C$7="Grade 5",SUM(H14:J14)+SUM(M14:O14)+SUM(Q14:S14)+U14+V14+Z14+AB14+AF14,IF($C$7="Grade 4",SUM(H14:J14)+SUM(M14:O14)+SUM(Q14:S14),0))),0) -> 5 | BE14: =IF($BA14<>0,IF($C$7="Grade 6",L14+P14+T14+SUM(W14:Y14)+AA14+SUM(AC14:AE14)+AG14+AI14+AT14,IF($C$7="Grade 5",L14+P14+T14+SUM(W14:Y14)+AA14+SUM(AC14:AE14)+AG14,IF($C$7="Grade 4",L14+P14,0))),0) -> 1 | BF14: =IF($BA14<>0,IF($C$7="Grade 6",K14+AH14+AK14+AL14+AR14+AS14+AW14,IF($C$7="Grade 5",K14+AH14,IF($C$7="Grade 4",K14,0))),0) -> 0 | BG14: =IF($BA14<>0,IF($C$7="Grade 6",H14+K14+M14+S14+T14+V14+W14+Z14+AB14+AC14+SUM(AH14:AJ14)+AN14+AP14+AQ14+AS14+AT14,IF($C$7="Grade 5",H14+K14+M14+S14+T14+V14+W14+Z14+AB14+AC14+AH14,IF($C$7="Grade 4",H14+K14+M14+S14,0))),0) -> 2 | BH14: =IF($BA14<>0,IF($C$7="Grade 6",I14+J14+L14+N14+O14+R14+U14+Y14+SUM(AE14:AG14)+AK14+AM14+AO14+AU14+AV14+AW14,IF($C$7="Grade 5",I14+J14+L14+N14+O14+R14+U14+Y14+SUM(AE14:AG14),IF($C$7="Grade 4",I14+J14+L14+N14+O14+R14,0))),0) -> 3 | BI14: =IF($BA14<>0,IF($C$7="Grade 6",P14+Q14+X14+AA14+AD14+AL14+AR14,IF($C$7="Grade 5",P14+Q14+X14+AA14+AD14,IF($C$7="Grade 4",P14+Q14,0))),0) -> 1 | BN14: =IF($BA14<>"",IF(BD14/BN$9>=0.75,1,0),"") -> 0 | BO14: =IF($BA14<>"",IF(BE14/BO$9>=0.75,1,0),"") -> 0 | BP14: =IF($BA14<>"",IF(BF14/BP$9>=0.75,1,0),"") -> 0 | BQ14: =IF($BA14<>"",IF(SUM(BD14:BF14)/BQ$9>=0.75,1,0),"") -> 0 | BR14: =IF($BA14<>"",IF(BG14/BR$9>=0.75,1,0),"") -> 0 | BS14: =IF($BA14<>"",IF(BH14/BS$9>=0.75,1,0),"") -> 0 | BT14: =IF($BA14<>"",IF(BI14/BT$9>=0.75,1,0),"") -> 0 | BU14: =IF($BA14<>"",IF(SUM(BG14:BI14)/BU$9>=0.75,1,0),"") -> 0
A15: 6 | B15: 117443210009 | C15: ESTOCADA,JOSHUA, SIASAT | D15: Male | E15: 42510 | F15: 46083 | G15: =IF(C15<>"",(F15-E15)/365,"") -> 9.7890411 | H15: 1 | I15: 1 | J15: 1 | K15: 1 | L15: 0 | M15: 1 | N15: 0 | O15: 1 | P15: 0 | Q15: 0 | R15: 0 | S15: 0 | T15: 0 | U15: 1 | V15: 0 | W15: 0 | X15: 0 | Y15: 0 | Z15: 0 | AA15: 0 | AB15: 0 | AC15: 0 | AD15: 0 | AE15: 0 | AF15: 0 | AG15: 0 | AH15: 1 | AI15: 0 | AJ15: 0 | AK15: 1 | AL15: 1 | AM15: 1 | AN15: 0 | AO15: 0 | AP15: 0 | AQ15: 0 | AR15: 1 | AS15: 1 | AT15: 1 | AU15: 1 | AV15: 0 | AW15: 0 | AX15: =IF($C15<>"",SUM(H15:S15),"") -> 6 | AY15: =IF($C15<>"",SUM(T15:AH15),"") -> 2 | AZ15: =IF($C15<>"",SUM(AI15:AW15),"") -> 7 | BA15: =_xlfn.IFNA(IF(AND($C$4<>"",$C$7<>"",C15<>""),IF($C$7="Grade 4",AX15,IF($C$7="Grade 5",AX15+AY15,IF($C$7="Grade 6",AX15+AY15+AZ15,0))),""),"") -> 6 | BB15: =IFERROR(IF(AND(BA15>0,C15<>""),BA15/$BA$9,""),"") -> 0.46153846 | BC15: =IF($BA15="","",IF($BA$9=50,IF($BA15>=45,"At Grade Level (Highly Proficient)",IF($BA15>=39,"Transitioning (Proficient)",IF($BA15>=29,"Developing (Nearly Proficient)",IF($BA15>=15,"Emerging (Low Proficient)","Emerging (Not Proficient)")))),IF($BA$9=32,IF($BA15>=27,"At Grade Level (Highly Proficient)",IF($BA15>=21,"Transitioning (Proficient)",IF($BA15>=14,"Developing (Nearly Proficient)",IF($BA15>=7,"Emerging (Low Proficient)","Emerging (Not Proficient)")))),IF($BA$9=13,IF($BA15>=11,"At Grade Level (Highly Proficient)",IF($BA15>=8,"Transitioning (Proficient)",IF($BA15>=5,"Developing (Nearly Proficient)",IF($BA15>=3,"Emerging (Low Proficient)","Emerging (Not Proficient)")))),"")))) -> Developing (Nearly Proficient) | BD15: =IF($BA15<>0,IF($C$7="Grade 6",SUM(H15:J15)+SUM(M15:O15)+SUM(Q15:S15)+U15+V15+Z15+AB15+AF15+AJ15+SUM(AM15:AQ15)+AU15+AV15,IF($C$7="Grade 5",SUM(H15:J15)+SUM(M15:O15)+SUM(Q15:S15)+U15+V15+Z15+AB15+AF15,IF($C$7="Grade 4",SUM(H15:J15)+SUM(M15:O15)+SUM(Q15:S15),0))),0) -> 5 | BE15: =IF($BA15<>0,IF($C$7="Grade 6",L15+P15+T15+SUM(W15:Y15)+AA15+SUM(AC15:AE15)+AG15+AI15+AT15,IF($C$7="Grade 5",L15+P15+T15+SUM(W15:Y15)+AA15+SUM(AC15:AE15)+AG15,IF($C$7="Grade 4",L15+P15,0))),0) -> 0 | BF15: =IF($BA15<>0,IF($C$7="Grade 6",K15+AH15+AK15+AL15+AR15+AS15+AW15,IF($C$7="Grade 5",K15+AH15,IF($C$7="Grade 4",K15,0))),0) -> 1 | BG15: =IF($BA15<>0,IF($C$7="Grade 6",H15+K15+M15+S15+T15+V15+W15+Z15+AB15+AC15+SUM(AH15:AJ15)+AN15+AP15+AQ15+AS15+AT15,IF($C$7="Grade 5",H15+K15+M15+S15+T15+V15+W15+Z15+AB15+AC15+AH15,IF($C$7="Grade 4",H15+K15+M15+S15,0))),0) -> 3 | BH15: =IF($BA15<>0,IF($C$7="Grade 6",I15+J15+L15+N15+O15+R15+U15+Y15+SUM(AE15:AG15)+AK15+AM15+AO15+AU15+AV15+AW15,IF($C$7="Grade 5",I15+J15+L15+N15+O15+R15+U15+Y15+SUM(AE15:AG15),IF($C$7="Grade 4",I15+J15+L15+N15+O15+R15,0))),0) -> 3 | BI15: =IF($BA15<>0,IF($C$7="Grade 6",P15+Q15+X15+AA15+AD15+AL15+AR15,IF($C$7="Grade 5",P15+Q15+X15+AA15+AD15,IF($C$7="Grade 4",P15+Q15,0))),0) -> 0 | BN15: =IF($BA15<>"",IF(BD15/BN$9>=0.75,1,0),"") -> 0 | BO15: =IF($BA15<>"",IF(BE15/BO$9>=0.75,1,0),"") -> 0 | BP15: =IF($BA15<>"",IF(BF15/BP$9>=0.75,1,0),"") -> 1 | BQ15: =IF($BA15<>"",IF(SUM(BD15:BF15)/BQ$9>=0.75,1,0),"") -> 0 | BR15: =IF($BA15<>"",IF(BG15/BR$9>=0.75,1,0),"") -> 1 | BS15: =IF($BA15<>"",IF(BH15/BS$9>=0.75,1,0),"") -> 0 | BT15: =IF($BA15<>"",IF(BI15/BT$9>=0.75,1,0),"") -> 0 | BU15: =IF($BA15<>"",IF(SUM(BG15:BI15)/BU$9>=0.75,1,0),"") -> 0
A16: 7 | B16: 117443210010 | C16: ESTOCADA,LYNWEL, QUIRANTE | D16: Male | E16: 42314 | F16: 46084 | G16: =IF(C16<>"",(F16-E16)/365,"") -> 10.328767 | H16: 0 | I16: 0 | J16: 0 | K16: 0 | L16: 0 | M16: 1 | N16: 0 | O16: 0 | P16: 0 | Q16: 1 | R16: 0 | S16: 1 | T16: 0 | U16: 0 | V16: 0 | W16: 0 | X16: 0 | Y16: 1 | Z16: 0 | AA16: 0 | AB16: 0 | AC16: 0 | AD16: 0 | AE16: 1 | AF16: 0 | AG16: 0 | AH16: 0 | AI16: 0 | AJ16: 0 | AK16: 0 | AL16: 0 | AM16: 0 | AN16: 0 | AO16: 0 | AP16: 1 | AQ16: 0 | AR16: 0 | AS16: 0 | AT16: 0 | AU16: 0 | AV16: 0 | AW16: 1 | AX16: =IF($C16<>"",SUM(H16:S16),"") -> 3 | AY16: =IF($C16<>"",SUM(T16:AH16),"") -> 2 | AZ16: =IF($C16<>"",SUM(AI16:AW16),"") -> 2 | BA16: =_xlfn.IFNA(IF(AND($C$4<>"",$C$7<>"",C16<>""),IF($C$7="Grade 4",AX16,IF($C$7="Grade 5",AX16+AY16,IF($C$7="Grade 6",AX16+AY16+AZ16,0))),""),"") -> 3 | BB16: =IFERROR(IF(AND(BA16>0,C16<>""),BA16/$BA$9,""),"") -> 0.23076923 | BC16: =IF($BA16="","",IF($BA$9=50,IF($BA16>=45,"At Grade Level (Highly Proficient)",IF($BA16>=39,"Transitioning (Proficient)",IF($BA16>=29,"Developing (Nearly Proficient)",IF($BA16>=15,"Emerging (Low Proficient)","Emerging (Not Proficient)")))),IF($BA$9=32,IF($BA16>=27,"At Grade Level (Highly Proficient)",IF($BA16>=21,"Transitioning (Proficient)",IF($BA16>=14,"Developing (Nearly Proficient)",IF($BA16>=7,"Emerging (Low Proficient)","Emerging (Not Proficient)")))),IF($BA$9=13,IF($BA16>=11,"At Grade Level (Highly Proficient)",IF($BA16>=8,"Transitioning (Proficient)",IF($BA16>=5,"Developing (Nearly Proficient)",IF($BA16>=3,"Emerging (Low Proficient)","Emerging (Not Proficient)")))),"")))) -> Emerging (Low Proficient) | BD16: =IF($BA16<>0,IF($C$7="Grade 6",SUM(H16:J16)+SUM(M16:O16)+SUM(Q16:S16)+U16+V16+Z16+AB16+AF16+AJ16+SUM(AM16:AQ16)+AU16+AV16,IF($C$7="Grade 5",SUM(H16:J16)+SUM(M16:O16)+SUM(Q16:S16)+U16+V16+Z16+AB16+AF16,IF($C$7="Grade 4",SUM(H16:J16)+SUM(M16:O16)+SUM(Q16:S16),0))),0) -> 3 | BE16: =IF($BA16<>0,IF($C$7="Grade 6",L16+P16+T16+SUM(W16:Y16)+AA16+SUM(AC16:AE16)+AG16+AI16+AT16,IF($C$7="Grade 5",L16+P16+T16+SUM(W16:Y16)+AA16+SUM(AC16:AE16)+AG16,IF($C$7="Grade 4",L16+P16,0))),0) -> 0 | BF16: =IF($BA16<>0,IF($C$7="Grade 6",K16+AH16+AK16+AL16+AR16+AS16+AW16,IF($C$7="Grade 5",K16+AH16,IF($C$7="Grade 4",K16,0))),0) -> 0 | BG16: =IF($BA16<>0,IF($C$7="Grade 6",H16+K16+M16+S16+T16+V16+W16+Z16+AB16+AC16+SUM(AH16:AJ16)+AN16+AP16+AQ16+AS16+AT16,IF($C$7="Grade 5",H16+K16+M16+S16+T16+V16+W16+Z16+AB16+AC16+AH16,IF($C$7="Grade 4",H16+K16+M16+S16,0))),0) -> 2 | BH16: =IF($BA16<>0,IF($C$7="Grade 6",I16+J16+L16+N16+O16+R16+U16+Y16+SUM(AE16:AG16)+AK16+AM16+AO16+AU16+AV16+AW16,IF($C$7="Grade 5",I16+J16+L16+N16+O16+R16+U16+Y16+SUM(AE16:AG16),IF($C$7="Grade 4",I16+J16+L16+N16+O16+R16,0))),0) -> 0 | BI16: =IF($BA16<>0,IF($C$7="Grade 6",P16+Q16+X16+AA16+AD16+AL16+AR16,IF($C$7="Grade 5",P16+Q16+X16+AA16+AD16,IF($C$7="Grade 4",P16+Q16,0))),0) -> 1 | BN16: =IF($BA16<>"",IF(BD16/BN$9>=0.75,1,0),"") -> 0 | BO16: =IF($BA16<>"",IF(BE16/BO$9>=0.75,1,0),"") -> 0 | BP16: =IF($BA16<>"",IF(BF16/BP$9>=0.75,1,0),"") -> 0 | BQ16: =IF($BA16<>"",IF(SUM(BD16:BF16)/BQ$9>=0.75,1,0),"") -> 0 | BR16: =IF($BA16<>"",IF(BG16/BR$9>=0.75,1,0),"") -> 0 | BS16: =IF($BA16<>"",IF(BH16/BS$9>=0.75,1,0),"") -> 0 | BT16: =IF($BA16<>"",IF(BI16/BT$9>=0.75,1,0),"") -> 0 | BU16: =IF($BA16<>"",IF(SUM(BG16:BI16)/BU$9>=0.75,1,0),"") -> 0
A17: 8 | B17: 117447210030 | C17: ESTOCADA,PRINCE JENMAR, BALONSONG | D17: Male | E17: 42212 | F17: 46084 | G17: =IF(C17<>"",(F17-E17)/365,"") -> 10.608219 | H17: 1 | I17: 1 | J17: 1 | K17: 1 | L17: 0 | M17: 0 | N17: 1 | O17: 0 | P17: 1 | Q17: 0 | R17: 0 | S17: 0 | T17: 0 | U17: 0 | V17: 1 | W17: 0 | X17: 0 | Y17: 0 | Z17: 0 | AA17: 0 | AB17: 0 | AC17: 0 | AD17: 0 | AE17: 0 | AF17: 0 | AG17: 0 | AH17: 0 | AI17: 0 | AJ17: 0 | AK17: 0 | AL17: 0 | AM17: 1 | AN17: 0 | AO17: 0 | AP17: 0 | AQ17: 0 | AR17: 1 | AS17: 1 | AT17: 1 | AU17: 0 | AV17: 0 | AW17: 0 | AX17: =IF($C17<>"",SUM(H17:S17),"") -> 6 | AY17: =IF($C17<>"",SUM(T17:AH17),"") -> 1 | AZ17: =IF($C17<>"",SUM(AI17:AW17),"") -> 4 | BA17: =_xlfn.IFNA(IF(AND($C$4<>"",$C$7<>"",C17<>""),IF($C$7="Grade 4",AX17,IF($C$7="Grade 5",AX17+AY17,IF($C$7="Grade 6",AX17+AY17+AZ17,0))),""),"") -> 6 | BB17: =IFERROR(IF(AND(BA17>0,C17<>""),BA17/$BA$9,""),"") -> 0.46153846 | BC17: =IF($BA17="","",IF($BA$9=50,IF($BA17>=45,"At Grade Level (Highly Proficient)",IF($BA17>=39,"Transitioning (Proficient)",IF($BA17>=29,"Developing (Nearly Proficient)",IF($BA17>=15,"Emerging (Low Proficient)","Emerging (Not Proficient)")))),IF($BA$9=32,IF($BA17>=27,"At Grade Level (Highly Proficient)",IF($BA17>=21,"Transitioning (Proficient)",IF($BA17>=14,"Developing (Nearly Proficient)",IF($BA17>=7,"Emerging (Low Proficient)","Emerging (Not Proficient)")))),IF($BA$9=13,IF($BA17>=11,"At Grade Level (Highly Proficient)",IF($BA17>=8,"Transitioning (Proficient)",IF($BA17>=5,"Developing (Nearly Proficient)",IF($BA17>=3,"Emerging (Low Proficient)","Emerging (Not Proficient)")))),"")))) -> Developing (Nearly Proficient) | BD17: =IF($BA17<>0,IF($C$7="Grade 6",SUM(H17:J17)+SUM(M17:O17)+SUM(Q17:S17)+U17+V17+Z17+AB17+AF17+AJ17+SUM(AM17:AQ17)+AU17+AV17,IF($C$7="Grade 5",SUM(H17:J17)+SUM(M17:O17)+SUM(Q17:S17)+U17+V17+Z17+AB17+AF17,IF($C$7="Grade 4",SUM(H17:J17)+SUM(M17:O17)+SUM(Q17:S17),0))),0) -> 4 | BE17: =IF($BA17<>0,IF($C$7="Grade 6",L17+P17+T17+SUM(W17:Y17)+AA17+SUM(AC17:AE17)+AG17+AI17+AT17,IF($C$7="Grade 5",L17+P17+T17+SUM(W17:Y17)+AA17+SUM(AC17:AE17)+AG17,IF($C$7="Grade 4",L17+P17,0))),0) -> 1 | BF17: =IF($BA17<>0,IF($C$7="Grade 6",K17+AH17+AK17+AL17+AR17+AS17+AW17,IF($C$7="Grade 5",K17+AH17,IF($C$7="Grade 4",K17,0))),0) -> 1 | BG17: =IF($BA17<>0,IF($C$7="Grade 6",H17+K17+M17+S17+T17+V17+W17+Z17+AB17+AC17+SUM(AH17:AJ17)+AN17+AP17+AQ17+AS17+AT17,IF($C$7="Grade 5",H17+K17+M17+S17+T17+V17+W17+Z17+AB17+AC17+AH17,IF($C$7="Grade 4",H17+K17+M17+S17,0))),0) -> 2 | BH17: =IF($BA17<>0,IF($C$7="Grade 6",I17+J17+L17+N17+O17+R17+U17+Y17+SUM(AE17:AG17)+AK17+AM17+AO17+AU17+AV17+AW17,IF($C$7="Grade 5",I17+J17+L17+N17+O17+R17+U17+Y17+SUM(AE17:AG17),IF($C$7="Grade 4",I17+J17+L17+N17+O17+R17,0))),0) -> 3 | BI17: =IF($BA17<>0,IF($C$7="Grade 6",P17+Q17+X17+AA17+AD17+AL17+AR17,IF($C$7="Grade 5",P17+Q17+X17+AA17+AD17,IF($C$7="Grade 4",P17+Q17,0))),0) -> 1 | BN17: =IF($BA17<>"",IF(BD17/BN$9>=0.75,1,0),"") -> 0 | BO17: =IF($BA17<>"",IF(BE17/BO$9>=0.75,1,0),"") -> 0 | BP17: =IF($BA17<>"",IF(BF17/BP$9>=0.75,1,0),"") -> 1 | BQ17: =IF($BA17<>"",IF(SUM(BD17:BF17)/BQ$9>=0.75,1,0),"") -> 0 | BR17: =IF($BA17<>"",IF(BG17/BR$9>=0.75,1,0),"") -> 0 | BS17: =IF($BA17<>"",IF(BH17/BS$9>=0.75,1,0),"") -> 0 | BT17: =IF($BA17<>"",IF(BI17/BT$9>=0.75,1,0),"") -> 0 | BU17: =IF($BA17<>"",IF(SUM(BG17:BI17)/BU$9>=0.75,1,0),"") -> 0
A18: 9 | B18: 117443210011 | C18: GREGORIO,JOSHUA, ABELLAR | D18: Male | E18: 42054 | F18: 46084 | G18: =IF(C18<>"",(F18-E18)/365,"") -> 11.041096 | H18: 1 | I18: 0 | J18: 0 | K18: 0 | L18: 0 | M18: 1 | N18: 1 | O18: 0 | P18: 0 | Q18: 0 | R18: 1 | S18: 0 | T18: 0 | U18: 0 | V18: 0 | W18: 0 | X18: 0 | Y18: 0 | Z18: 0 | AA18: 0 | AB18: 0 | AC18: 1 | AD18: 0 | AE18: 0 | AF18: 0 | AG18: 0 | AH18: 1 | AI18: 0 | AJ18: 0 | AK18: 0 | AL18: 0 | AM18: 0 | AN18: 0 | AO18: 0 | AP18: 0 | AQ18: 0 | AR18: 0 | AS18: 0 | AT18: 0 | AU18: 0 | AV18: 0 | AW18: 1 | AX18: =IF($C18<>"",SUM(H18:S18),"") -> 4 | AY18: =IF($C18<>"",SUM(T18:AH18),"") -> 2 | AZ18: =IF($C18<>"",SUM(AI18:AW18),"") -> 1 | BA18: =_xlfn.IFNA(IF(AND($C$4<>"",$C$7<>"",C18<>""),IF($C$7="Grade 4",AX18,IF($C$7="Grade 5",AX18+AY18,IF($C$7="Grade 6",AX18+AY18+AZ18,0))),""),"") -> 4 | BB18: =IFERROR(IF(AND(BA18>0,C18<>""),BA18/$BA$9,""),"") -> 0.30769231 | BC18: =IF($BA18="","",IF($BA$9=50,IF($BA18>=45,"At Grade Level (Highly Proficient)",IF($BA18>=39,"Transitioning (Proficient)",IF($BA18>=29,"Developing (Nearly Proficient)",IF($BA18>=15,"Emerging (Low Proficient)","Emerging (Not Proficient)")))),IF($BA$9=32,IF($BA18>=27,"At Grade Level (Highly Proficient)",IF($BA18>=21,"Transitioning (Proficient)",IF($BA18>=14,"Developing (Nearly Proficient)",IF($BA18>=7,"Emerging (Low Proficient)","Emerging (Not Proficient)")))),IF($BA$9=13,IF($BA18>=11,"At Grade Level (Highly Proficient)",IF($BA18>=8,"Transitioning (Proficient)",IF($BA18>=5,"Developing (Nearly Proficient)",IF($BA18>=3,"Emerging (Low Proficient)","Emerging (Not Proficient)")))),"")))) -> Emerging (Low Proficient) | BD18: =IF($BA18<>0,IF($C$7="Grade 6",SUM(H18:J18)+SUM(M18:O18)+SUM(Q18:S18)+U18+V18+Z18+AB18+AF18+AJ18+SUM(AM18:AQ18)+AU18+AV18,IF($C$7="Grade 5",SUM(H18:J18)+SUM(M18:O18)+SUM(Q18:S18)+U18+V18+Z18+AB18+AF18,IF($C$7="Grade 4",SUM(H18:J18)+SUM(M18:O18)+SUM(Q18:S18),0))),0) -> 4 | BE18: =IF($BA18<>0,IF($C$7="Grade 6",L18+P18+T18+SUM(W18:Y18)+AA18+SUM(AC18:AE18)+AG18+AI18+AT18,IF($C$7="Grade 5",L18+P18+T18+SUM(W18:Y18)+AA18+SUM(AC18:AE18)+AG18,IF($C$7="Grade 4",L18+P18,0))),0) -> 0 | BF18: =IF($BA18<>0,IF($C$7="Grade 6",K18+AH18+AK18+AL18+AR18+AS18+AW18,IF($C$7="Grade 5",K18+AH18,IF($C$7="Grade 4",K18,0))),0) -> 0 | BG18: =IF($BA18<>0,IF($C$7="Grade 6",H18+K18+M18+S18+T18+V18+W18+Z18+AB18+AC18+SUM(AH18:AJ18)+AN18+AP18+AQ18+AS18+AT18,IF($C$7="Grade 5",H18+K18+M18+S18+T18+V18+W18+Z18+AB18+AC18+AH18,IF($C$7="Grade 4",H18+K18+M18+S18,0))),0) -> 2 | BH18: =IF($BA18<>0,IF($C$7="Grade 6",I18+J18+L18+N18+O18+R18+U18+Y18+SUM(AE18:AG18)+AK18+AM18+AO18+AU18+AV18+AW18,IF($C$7="Grade 5",I18+J18+L18+N18+O18+R18+U18+Y18+SUM(AE18:AG18),IF($C$7="Grade 4",I18+J18+L18+N18+O18+R18,0))),0) -> 2 | BI18: =IF($BA18<>0,IF($C$7="Grade 6",P18+Q18+X18+AA18+AD18+AL18+AR18,IF($C$7="Grade 5",P18+Q18+X18+AA18+AD18,IF($C$7="Grade 4",P18+Q18,0))),0) -> 0 | BN18: =IF($BA18<>"",IF(BD18/BN$9>=0.75,1,0),"") -> 0 | BO18: =IF($BA18<>"",IF(BE18/BO$9>=0.75,1,0),"") -> 0 | BP18: =IF($BA18<>"",IF(BF18/BP$9>=0.75,1,0),"") -> 0 | BQ18: =IF($BA18<>"",IF(SUM(BD18:BF18)/BQ$9>=0.75,1,0),"") -> 0 | BR18: =IF($BA18<>"",IF(BG18/BR$9>=0.75,1,0),"") -> 0 | BS18: =IF($BA18<>"",IF(BH18/BS$9>=0.75,1,0),"") -> 0 | BT18: =IF($BA18<>"",IF(BI18/BT$9>=0.75,1,0),"") -> 0 | BU18: =IF($BA18<>"",IF(SUM(BG18:BI18)/BU$9>=0.75,1,0),"") -> 0
A19: 10 | B19: 117025210065 | C19: JOCSON,JAYSON, ABAY | D19: Male | E19: 42407 | F19: 46084 | G19: =IF(C19<>"",(F19-E19)/365,"") -> 10.073973 | H19: 1 | I19: 0 | J19: 1 | K19: 1 | L19: 0 | M19: 0 | N19: 0 | O19: 1 | P19: 1 | Q19: 0 | R19: 1 | S19: 1 | T19: 0 | U19: 1 | V19: 0 | W19: 0 | X19: 0 | Y19: 0 | Z19: 0 | AA19: 1 | AB19: 0 | AC19: 0 | AD19: 0 | AE19: 0 | AF19: 1 | AG19: 0 | AH19: 0 | AI19: 0 | AJ19: 1 | AK19: 0 | AL19: 0 | AM19: 0 | AN19: 0 | AO19: 0 | AP19: 1 | AQ19: 1 | AR19: 1 | AS19: 1 | AT19: 1 | AU19: 1 | AV19: 0 | AW19: 0 | AX19: =IF($C19<>"",SUM(H19:S19),"") -> 7 | AY19: =IF($C19<>"",SUM(T19:AH19),"") -> 3 | AZ19: =IF($C19<>"",SUM(AI19:AW19),"") -> 7 | BA19: =_xlfn.IFNA(IF(AND($C$4<>"",$C$7<>"",C19<>""),IF($C$7="Grade 4",AX19,IF($C$7="Grade 5",AX19+AY19,IF($C$7="Grade 6",AX19+AY19+AZ19,0))),""),"") -> 7 | BB19: =IFERROR(IF(AND(BA19>0,C19<>""),BA19/$BA$9,""),"") -> 0.53846154 | BC19: =IF($BA19="","",IF($BA$9=50,IF($BA19>=45,"At Grade Level (Highly Proficient)",IF($BA19>=39,"Transitioning (Proficient)",IF($BA19>=29,"Developing (Nearly Proficient)",IF($BA19>=15,"Emerging (Low Proficient)","Emerging (Not Proficient)")))),IF($BA$9=32,IF($BA19>=27,"At Grade Level (Highly Proficient)",IF($BA19>=21,"Transitioning (Proficient)",IF($BA19>=14,"Developing (Nearly Proficient)",IF($BA19>=7,"Emerging (Low Proficient)","Emerging (Not Proficient)")))),IF($BA$9=13,IF($BA19>=11,"At Grade Level (Highly Proficient)",IF($BA19>=8,"Transitioning (Proficient)",IF($BA19>=5,"Developing (Nearly Proficient)",IF($BA19>=3,"Emerging (Low Proficient)","Emerging (Not Proficient)")))),"")))) -> Developing (Nearly Proficient) | BD19: =IF($BA19<>0,IF($C$7="Grade 6",SUM(H19:J19)+SUM(M19:O19)+SUM(Q19:S19)+U19+V19+Z19+AB19+AF19+AJ19+SUM(AM19:AQ19)+AU19+AV19,IF($C$7="Grade 5",SUM(H19:J19)+SUM(M19:O19)+SUM(Q19:S19)+U19+V19+Z19+AB19+AF19,IF($C$7="Grade 4",SUM(H19:J19)+SUM(M19:O19)+SUM(Q19:S19),0))),0) -> 5 | BE19: =IF($BA19<>0,IF($C$7="Grade 6",L19+P19+T19+SUM(W19:Y19)+AA19+SUM(AC19:AE19)+AG19+AI19+AT19,IF($C$7="Grade 5",L19+P19+T19+SUM(W19:Y19)+AA19+SUM(AC19:AE19)+AG19,IF($C$7="Grade 4",L19+P19,0))),0) -> 1 | BF19: =IF($BA19<>0,IF($C$7="Grade 6",K19+AH19+AK19+AL19+AR19+AS19+AW19,IF($C$7="Grade 5",K19+AH19,IF($C$7="Grade 4",K19,0))),0) -> 1 | BG19: =IF($BA19<>0,IF($C$7="Grade 6",H19+K19+M19+S19+T19+V19+W19+Z19+AB19+AC19+SUM(AH19:AJ19)+AN19+AP19+AQ19+AS19+AT19,IF($C$7="Grade 5",H19+K19+M19+S19+T19+V19+W19+Z19+AB19+AC19+AH19,IF($C$7="Grade 4",H19+K19+M19+S19,0))),0) -> 3 | BH19: =IF($BA19<>0,IF($C$7="Grade 6",I19+J19+L19+N19+O19+R19+U19+Y19+SUM(AE19:AG19)+AK19+AM19+AO19+AU19+AV19+AW19,IF($C$7="Grade 5",I19+J19+L19+N19+O19+R19+U19+Y19+SUM(AE19:AG19),IF($C$7="Grade 4",I19+J19+L19+N19+O19+R19,0))),0) -> 3 | BI19: =IF($BA19<>0,IF($C$7="Grade 6",P19+Q19+X19+AA19+AD19+AL19+AR19,IF($C$7="Grade 5",P19+Q19+X19+AA19+AD19,IF($C$7="Grade 4",P19+Q19,0))),0) -> 1 | BN19: =IF($BA19<>"",IF(BD19/BN$9>=0.75,1,0),"") -> 0 | BO19: =IF($BA19<>"",IF(BE19/BO$9>=0.75,1,0),"") -> 0 | BP19: =IF($BA19<>"",IF(BF19/BP$9>=0.75,1,0),"") -> 1 | BQ19: =IF($BA19<>"",IF(SUM(BD19:BF19)/BQ$9>=0.75,1,0),"") -> 0 | BR19: =IF($BA19<>"",IF(BG19/BR$9>=0.75,1,0),"") -> 1 | BS19: =IF($BA19<>"",IF(BH19/BS$9>=0.75,1,0),"") -> 0 | BT19: =IF($BA19<>"",IF(BI19/BT$9>=0.75,1,0),"") -> 0 | BU19: =IF($BA19<>"",IF(SUM(BG19:BI19)/BU$9>=0.75,1,0),"") -> 0
A20: 11 | B20: 117443210012 | C20: JUMBAS,JERRYL, GOLE | D20: Male | E20: 42459 | F20: 46084 | G20: =IF(C20<>"",(F20-E20)/365,"") -> 9.9315068 | H20: 1 | I20: 0 | J20: 1 | K20: 1 | L20: 1 | M20: 0 | N20: 1 | O20: 1 | P20: 1 | Q20: 1 | R20: 0 | S20: 1 | T20: 0 | U20: 0 | V20: 0 | W20: 0 | X20: 0 | Y20: 0 | Z20: 0 | AA20: 0 | AB20: 0 | AC20: 0 | AD20: 0 | AE20: 0 | AF20: 0 | AG20: 0 | AH20: 0 | AI20: 0 | AJ20: 0 | AK20: 0 | AL20: 0 | AM20: 0 | AN20: 0 | AO20: 0 | AP20: 1 | AQ20: 0 | AR20: 1 | AS20: 1 | AT20: 1 | AU20: 1 | AV20: 0 | AW20: 0 | AX20: =IF($C20<>"",SUM(H20:S20),"") -> 9 | AY20: =IF($C20<>"",SUM(T20:AH20),"") -> 0 | AZ20: =IF($C20<>"",SUM(AI20:AW20),"") -> 5 | BA20: =_xlfn.IFNA(IF(AND($C$4<>"",$C$7<>"",C20<>""),IF($C$7="Grade 4",AX20,IF($C$7="Grade 5",AX20+AY20,IF($C$7="Grade 6",AX20+AY20+AZ20,0))),""),"") -> 9 | BB20: =IFERROR(IF(AND(BA20>0,C20<>""),BA20/$BA$9,""),"") -> 0.69230769 | BC20: =IF($BA20="","",IF($BA$9=50,IF($BA20>=45,"At Grade Level (Highly Proficient)",IF($BA20>=39,"Transitioning (Proficient)",IF($BA20>=29,"Developing (Nearly Proficient)",IF($BA20>=15,"Emerging (Low Proficient)","Emerging (Not Proficient)")))),IF($BA$9=32,IF($BA20>=27,"At Grade Level (Highly Proficient)",IF($BA20>=21,"Transitioning (Proficient)",IF($BA20>=14,"Developing (Nearly Proficient)",IF($BA20>=7,"Emerging (Low Proficient)","Emerging (Not Proficient)")))),IF($BA$9=13,IF($BA20>=11,"At Grade Level (Highly Proficient)",IF($BA20>=8,"Transitioning (Proficient)",IF($BA20>=5,"Developing (Nearly Proficient)",IF($BA20>=3,"Emerging (Low Proficient)","Emerging (Not Proficient)")))),"")))) -> Transitioning (Proficient) | BD20: =IF($BA20<>0,IF($C$7="Grade 6",SUM(H20:J20)+SUM(M20:O20)+SUM(Q20:S20)+U20+V20+Z20+AB20+AF20+AJ20+SUM(AM20:AQ20)+AU20+AV20,IF($C$7="Grade 5",SUM(H20:J20)+SUM(M20:O20)+SUM(Q20:S20)+U20+V20+Z20+AB20+AF20,IF($C$7="Grade 4",SUM(H20:J20)+SUM(M20:O20)+SUM(Q20:S20),0))),0) -> 6 | BE20: =IF($BA20<>0,IF($C$7="Grade 6",L20+P20+T20+SUM(W20:Y20)+AA20+SUM(AC20:AE20)+AG20+AI20+AT20,IF($C$7="Grade 5",L20+P20+T20+SUM(W20:Y20)+AA20+SUM(AC20:AE20)+AG20,IF($C$7="Grade 4",L20+P20,0))),0) -> 2 | BF20: =IF($BA20<>0,IF($C$7="Grade 6",K20+AH20+AK20+AL20+AR20+AS20+AW20,IF($C$7="Grade 5",K20+AH20,IF($C$7="Grade 4",K20,0))),0) -> 1 | BG20: =IF($BA20<>0,IF($C$7="Grade 6",H20+K20+M20+S20+T20+V20+W20+Z20+AB20+AC20+SUM(AH20:AJ20)+AN20+AP20+AQ20+AS20+AT20,IF($C$7="Grade 5",H20+K20+M20+S20+T20+V20+W20+Z20+AB20+AC20+AH20,IF($C$7="Grade 4",H20+K20+M20+S20,0))),0) -> 3 | BH20: =IF($BA20<>0,IF($C$7="Grade 6",I20+J20+L20+N20+O20+R20+U20+Y20+SUM(AE20:AG20)+AK20+AM20+AO20+AU20+AV20+AW20,IF($C$7="Grade 5",I20+J20+L20+N20+O20+R20+U20+Y20+SUM(AE20:AG20),IF($C$7="Grade 4",I20+J20+L20+N20+O20+R20,0))),0) -> 4 | BI20: =IF($BA20<>0,IF($C$7="Grade 6",P20+Q20+X20+AA20+AD20+AL20+AR20,IF($C$7="Grade 5",P20+Q20+X20+AA20+AD20,IF($C$7="Grade 4",P20+Q20,0))),0) -> 2 | BN20: =IF($BA20<>"",IF(BD20/BN$9>=0.75,1,0),"") -> 0 | BO20: =IF($BA20<>"",IF(BE20/BO$9>=0.75,1,0),"") -> 0 | BP20: =IF($BA20<>"",IF(BF20/BP$9>=0.75,1,0),"") -> 1 | BQ20: =IF($BA20<>"",IF(SUM(BD20:BF20)/BQ$9>=0.75,1,0),"") -> 0 | BR20: =IF($BA20<>"",IF(BG20/BR$9>=0.75,1,0),"") -> 1 | BS20: =IF($BA20<>"",IF(BH20/BS$9>=0.75,1,0),"") -> 0 | BT20: =IF($BA20<>"",IF(BI20/BT$9>=0.75,1,0),"") -> 1 | BU20: =IF($BA20<>"",IF(SUM(BG20:BI20)/BU$9>=0.75,1,0),"") -> 0
A21: 12 | B21: 117443210024 | C21: LABANZA,DANIEL REY, PALACIO | D21: Male | E21: 42325 | F21: 46084 | G21: =IF(C21<>"",(F21-E21)/365,"") -> 10.29863 | H21: 1 | I21: 0 | J21: 0 | K21: 1 | L21: 1 | M21: 1 | N21: 0 | O21: 1 | P21: 1 | Q21: 1 | R21: 0 | S21: 0 | T21: 0 | U21: 1 | V21: 1 | W21: 0 | X21: 0 | Y21: 0 | Z21: 1 | AA21: 1 | AB21: 0 | AC21: 1 | AD21: 0 | AE21: 0 | AF21: 1 | AG21: 0 | AH21: 0 | AI21: 0 | AJ21: 0 | AK21: 0 | AL21: 0 | AM21: 0 | AN21: 0 | AO21: 0 | AP21: 0 | AQ21: 0 | AR21: 0 | AS21: 0 | AT21: 0 | AU21: 0 | AV21: 0 | AW21: 0 | AX21: =IF($C21<>"",SUM(H21:S21),"") -> 7 | AY21: =IF($C21<>"",SUM(T21:AH21),"") -> 6 | AZ21: =IF($C21<>"",SUM(AI21:AW21),"") -> 0 | BA21: =_xlfn.IFNA(IF(AND($C$4<>"",$C$7<>"",C21<>""),IF($C$7="Grade 4",AX21,IF($C$7="Grade 5",AX21+AY21,IF($C$7="Grade 6",AX21+AY21+AZ21,0))),""),"") -> 7 | BB21: =IFERROR(IF(AND(BA21>0,C21<>""),BA21/$BA$9,""),"") -> 0.53846154 | BC21: =IF($BA21="","",IF($BA$9=50,IF($BA21>=45,"At Grade Level (Highly Proficient)",IF($BA21>=39,"Transitioning (Proficient)",IF($BA21>=29,"Developing (Nearly Proficient)",IF($BA21>=15,"Emerging (Low Proficient)","Emerging (Not Proficient)")))),IF($BA$9=32,IF($BA21>=27,"At Grade Level (Highly Proficient)",IF($BA21>=21,"Transitioning (Proficient)",IF($BA21>=14,"Developing (Nearly Proficient)",IF($BA21>=7,"Emerging (Low Proficient)","Emerging (Not Proficient)")))),IF($BA$9=13,IF($BA21>=11,"At Grade Level (Highly Proficient)",IF($BA21>=8,"Transitioning (Proficient)",IF($BA21>=5,"Developing (Nearly Proficient)",IF($BA21>=3,"Emerging (Low Proficient)","Emerging (Not Proficient)")))),"")))) -> Developing (Nearly Proficient) | BD21: =IF($BA21<>0,IF($C$7="Grade 6",SUM(H21:J21)+SUM(M21:O21)+SUM(Q21:S21)+U21+V21+Z21+AB21+AF21+AJ21+SUM(AM21:AQ21)+AU21+AV21,IF($C$7="Grade 5",SUM(H21:J21)+SUM(M21:O21)+SUM(Q21:S21)+U21+V21+Z21+AB21+AF21,IF($C$7="Grade 4",SUM(H21:J21)+SUM(M21:O21)+SUM(Q21:S21),0))),0) -> 4 | BE21: =IF($BA21<>0,IF($C$7="Grade 6",L21+P21+T21+SUM(W21:Y21)+AA21+SUM(AC21:AE21)+AG21+AI21+AT21,IF($C$7="Grade 5",L21+P21+T21+SUM(W21:Y21)+AA21+SUM(AC21:AE21)+AG21,IF($C$7="Grade 4",L21+P21,0))),0) -> 2 | BF21: =IF($BA21<>0,IF($C$7="Grade 6",K21+AH21+AK21+AL21+AR21+AS21+AW21,IF($C$7="Grade 5",K21+AH21,IF($C$7="Grade 4",K21,0))),0) -> 1 | BG21: =IF($BA21<>0,IF($C$7="Grade 6",H21+K21+M21+S21+T21+V21+W21+Z21+AB21+AC21+SUM(AH21:AJ21)+AN21+AP21+AQ21+AS21+AT21,IF($C$7="Grade 5",H21+K21+M21+S21+T21+V21+W21+Z21+AB21+AC21+AH21,IF($C$7="Grade 4",H21+K21+M21+S21,0))),0) -> 3 | BH21: =IF($BA21<>0,IF($C$7="Grade 6",I21+J21+L21+N21+O21+R21+U21+Y21+SUM(AE21:AG21)+AK21+AM21+AO21+AU21+AV21+AW21,IF($C$7="Grade 5",I21+J21+L21+N21+O21+R21+U21+Y21+SUM(AE21:AG21),IF($C$7="Grade 4",I21+J21+L21+N21+O21+R21,0))),0) -> 2 | BI21: =IF($BA21<>0,IF($C$7="Grade 6",P21+Q21+X21+AA21+AD21+AL21+AR21,IF($C$7="Grade 5",P21+Q21+X21+AA21+AD21,IF($C$7="Grade 4",P21+Q21,0))),0) -> 2 | BN21: =IF($BA21<>"",IF(BD21/BN$9>=0.75,1,0),"") -> 0 | BO21: =IF($BA21<>"",IF(BE21/BO$9>=0.75,1,0),"") -> 0 | BP21: =IF($BA21<>"",IF(BF21/BP$9>=0.75,1,0),"") -> 1 | BQ21: =IF($BA21<>"",IF(SUM(BD21:BF21)/BQ$9>=0.75,1,0),"") -> 0 | BR21: =IF($BA21<>"",IF(BG21/BR$9>=0.75,1,0),"") -> 1 | BS21: =IF($BA21<>"",IF(BH21/BS$9>=0.75,1,0),"") -> 0 | BT21: =IF($BA21<>"",IF(BI21/BT$9>=0.75,1,0),"") -> 1 | BU21: =IF($BA21<>"",IF(SUM(BG21:BI21)/BU$9>=0.75,1,0),"") -> 0
A22: 13 | B22: 117443210013 | C22: LLAGOSO,RENS, PADERNAL | D22: Male | E22: 42279 | F22: 46085 | G22: =IF(C22<>"",(F22-E22)/365,"") -> 10.427397 | H22: 1 | I22: 0 | J22: 1 | K22: 0 | L22: 0 | M22: 0 | N22: 0 | O22: 1 | P22: 1 | Q22: 0 | R22: 0 | S22: 0 | T22: 0 | U22: 0 | V22: 0 | W22: 0 | X22: 0 | Y22: 0 | Z22: 1 | AA22: 1 | AB22: 0 | AC22: 0 | AD22: 0 | AE22: 0 | AF22: 0 | AG22: 0 | AH22: 0 | AI22: 0 | AJ22: 0 | AK22: 0 | AL22: 0 | AM22: 0 | AN22: 0 | AO22: 0 | AP22: 1 | AQ22: 0 | AR22: 0 | AS22: 0 | AT22: 0 | AU22: 0 | AV22: 0 | AW22: 1 | AX22: =IF($C22<>"",SUM(H22:S22),"") -> 4 | AY22: =IF($C22<>"",SUM(T22:AH22),"") -> 2 | AZ22: =IF($C22<>"",SUM(AI22:AW22),"") -> 2 | BA22: =_xlfn.IFNA(IF(AND($C$4<>"",$C$7<>"",C22<>""),IF($C$7="Grade 4",AX22,IF($C$7="Grade 5",AX22+AY22,IF($C$7="Grade 6",AX22+AY22+AZ22,0))),""),"") -> 4 | BB22: =IFERROR(IF(AND(BA22>0,C22<>""),BA22/$BA$9,""),"") -> 0.30769231 | BC22: =IF($BA22="","",IF($BA$9=50,IF($BA22>=45,"At Grade Level (Highly Proficient)",IF($BA22>=39,"Transitioning (Proficient)",IF($BA22>=29,"Developing (Nearly Proficient)",IF($BA22>=15,"Emerging (Low Proficient)","Emerging (Not Proficient)")))),IF($BA$9=32,IF($BA22>=27,"At Grade Level (Highly Proficient)",IF($BA22>=21,"Transitioning (Proficient)",IF($BA22>=14,"Developing (Nearly Proficient)",IF($BA22>=7,"Emerging (Low Proficient)","Emerging (Not Proficient)")))),IF($BA$9=13,IF($BA22>=11,"At Grade Level (Highly Proficient)",IF($BA22>=8,"Transitioning (Proficient)",IF($BA22>=5,"Developing (Nearly Proficient)",IF($BA22>=3,"Emerging (Low Proficient)","Emerging (Not Proficient)")))),"")))) -> Emerging (Low Proficient) | BD22: =IF($BA22<>0,IF($C$7="Grade 6",SUM(H22:J22)+SUM(M22:O22)+SUM(Q22:S22)+U22+V22+Z22+AB22+AF22+AJ22+SUM(AM22:AQ22)+AU22+AV22,IF($C$7="Grade 5",SUM(H22:J22)+SUM(M22:O22)+SUM(Q22:S22)+U22+V22+Z22+AB22+AF22,IF($C$7="Grade 4",SUM(H22:J22)+SUM(M22:O22)+SUM(Q22:S22),0))),0) -> 3 | BE22: =IF($BA22<>0,IF($C$7="Grade 6",L22+P22+T22+SUM(W22:Y22)+AA22+SUM(AC22:AE22)+AG22+AI22+AT22,IF($C$7="Grade 5",L22+P22+T22+SUM(W22:Y22)+AA22+SUM(AC22:AE22)+AG22,IF($C$7="Grade 4",L22+P22,0))),0) -> 1 | BF22: =IF($BA22<>0,IF($C$7="Grade 6",K22+AH22+AK22+AL22+AR22+AS22+AW22,IF($C$7="Grade 5",K22+AH22,IF($C$7="Grade 4",K22,0))),0) -> 0 | BG22: =IF($BA22<>0,IF($C$7="Grade 6",H22+K22+M22+S22+T22+V22+W22+Z22+AB22+AC22+SUM(AH22:AJ22)+AN22+AP22+AQ22+AS22+AT22,IF($C$7="Grade 5",H22+K22+M22+S22+T22+V22+W22+Z22+AB22+AC22+AH22,IF($C$7="Grade 4",H22+K22+M22+S22,0))),0) -> 1 | BH22: =IF($BA22<>0,IF($C$7="Grade 6",I22+J22+L22+N22+O22+R22+U22+Y22+SUM(AE22:AG22)+AK22+AM22+AO22+AU22+AV22+AW22,IF($C$7="Grade 5",I22+J22+L22+N22+O22+R22+U22+Y22+SUM(AE22:AG22),IF($C$7="Grade 4",I22+J22+L22+N22+O22+R22,0))),0) -> 2 | BI22: =IF($BA22<>0,IF($C$7="Grade 6",P22+Q22+X22+AA22+AD22+AL22+AR22,IF($C$7="Grade 5",P22+Q22+X22+AA22+AD22,IF($C$7="Grade 4",P22+Q22,0))),0) -> 1 | BN22: =IF($BA22<>"",IF(BD22/BN$9>=0.75,1,0),"") -> 0 | BO22: =IF($BA22<>"",IF(BE22/BO$9>=0.75,1,0),"") -> 0 | BP22: =IF($BA22<>"",IF(BF22/BP$9>=0.75,1,0),"") -> 0 | BQ22: =IF($BA22<>"",IF(SUM(BD22:BF22)/BQ$9>=0.75,1,0),"") -> 0 | BR22: =IF($BA22<>"",IF(BG22/BR$9>=0.75,1,0),"") -> 0 | BS22: =IF($BA22<>"",IF(BH22/BS$9>=0.75,1,0),"") -> 0 | BT22: =IF($BA22<>"",IF(BI22/BT$9>=0.75,1,0),"") -> 0 | BU22: =IF($BA22<>"",IF(SUM(BG22:BI22)/BU$9>=0.75,1,0),"") -> 0
A23: 14 | B23: 117447210077 | C23: PATRICIO,NOEL, JR ESPINOSA | D23: Male | E23: 42638 | F23: 46085 | G23: =IF(C23<>"",(F23-E23)/365,"") -> 9.4438356 | H23: 0 | I23: 1 | J23: 0 | K23: 0 | L23: 0 | M23: 0 | N23: 1 | O23: 0 | P23: 0 | Q23: 0 | R23: 0 | S23: 0 | T23: 0 | U23: 0 | V23: 0 | W23: 0 | X23: 0 | Y23: 0 | Z23: 0 | AA23: 0 | AB23: 0 | AC23: 0 | AD23: 0 | AE23: 0 | AF23: 0 | AG23: 0 | AH23: 0 | AI23: 0 | AJ23: 0 | AK23: 0 | AL23: 0 | AM23: 0 | AN23: 0 | AO23: 0 | AP23: 0 | AQ23: 0 | AR23: 0 | AS23: 0 | AT23: 0 | AU23: 0 | AV23: 0 | AW23: 1 | AX23: =IF($C23<>"",SUM(H23:S23),"") -> 2 | AY23: =IF($C23<>"",SUM(T23:AH23),"") -> 0 | AZ23: =IF($C23<>"",SUM(AI23:AW23),"") -> 1 | BA23: =_xlfn.IFNA(IF(AND($C$4<>"",$C$7<>"",C23<>""),IF($C$7="Grade 4",AX23,IF($C$7="Grade 5",AX23+AY23,IF($C$7="Grade 6",AX23+AY23+AZ23,0))),""),"") -> 2 | BB23: =IFERROR(IF(AND(BA23>0,C23<>""),BA23/$BA$9,""),"") -> 0.15384615 | BC23: =IF($BA23="","",IF($BA$9=50,IF($BA23>=45,"At Grade Level (Highly Proficient)",IF($BA23>=39,"Transitioning (Proficient)",IF($BA23>=29,"Developing (Nearly Proficient)",IF($BA23>=15,"Emerging (Low Proficient)","Emerging (Not Proficient)")))),IF($BA$9=32,IF($BA23>=27,"At Grade Level (Highly Proficient)",IF($BA23>=21,"Transitioning (Proficient)",IF($BA23>=14,"Developing (Nearly Proficient)",IF($BA23>=7,"Emerging (Low Proficient)","Emerging (Not Proficient)")))),IF($BA$9=13,IF($BA23>=11,"At Grade Level (Highly Proficient)",IF($BA23>=8,"Transitioning (Proficient)",IF($BA23>=5,"Developing (Nearly Proficient)",IF($BA23>=3,"Emerging (Low Proficient)","Emerging (Not Proficient)")))),"")))) -> Emerging (Not Proficient) | BD23: =IF($BA23<>0,IF($C$7="Grade 6",SUM(H23:J23)+SUM(M23:O23)+SUM(Q23:S23)+U23+V23+Z23+AB23+AF23+AJ23+SUM(AM23:AQ23)+AU23+AV23,IF($C$7="Grade 5",SUM(H23:J23)+SUM(M23:O23)+SUM(Q23:S23)+U23+V23+Z23+AB23+AF23,IF($C$7="Grade 4",SUM(H23:J23)+SUM(M23:O23)+SUM(Q23:S23),0))),0) -> 2 | BE23: =IF($BA23<>0,IF($C$7="Grade 6",L23+P23+T23+SUM(W23:Y23)+AA23+SUM(AC23:AE23)+AG23+AI23+AT23,IF($C$7="Grade 5",L23+P23+T23+SUM(W23:Y23)+AA23+SUM(AC23:AE23)+AG23,IF($C$7="Grade 4",L23+P23,0))),0) -> 0 | BF23: =IF($BA23<>0,IF($C$7="Grade 6",K23+AH23+AK23+AL23+AR23+AS23+AW23,IF($C$7="Grade 5",K23+AH23,IF($C$7="Grade 4",K23,0))),0) -> 0 | BG23: =IF($BA23<>0,IF($C$7="Grade 6",H23+K23+M23+S23+T23+V23+W23+Z23+AB23+AC23+SUM(AH23:AJ23)+AN23+AP23+AQ23+AS23+AT23,IF($C$7="Grade 5",H23+K23+M23+S23+T23+V23+W23+Z23+AB23+AC23+AH23,IF($C$7="Grade 4",H23+K23+M23+S23,0))),0) -> 0 | BH23: =IF($BA23<>0,IF($C$7="Grade 6",I23+J23+L23+N23+O23+R23+U23+Y23+SUM(AE23:AG23)+AK23+AM23+AO23+AU23+AV23+AW23,IF($C$7="Grade 5",I23+J23+L23+N23+O23+R23+U23+Y23+SUM(AE23:AG23),IF($C$7="Grade 4",I23+J23+L23+N23+O23+R23,0))),0) -> 2 | BI23: =IF($BA23<>0,IF($C$7="Grade 6",P23+Q23+X23+AA23+AD23+AL23+AR23,IF($C$7="Grade 5",P23+Q23+X23+AA23+AD23,IF($C$7="Grade 4",P23+Q23,0))),0) -> 0 | BN23: =IF($BA23<>"",IF(BD23/BN$9>=0.75,1,0),"") -> 0 | BO23: =IF($BA23<>"",IF(BE23/BO$9>=0.75,1,0),"") -> 0 | BP23: =IF($BA23<>"",IF(BF23/BP$9>=0.75,1,0),"") -> 0 | BQ23: =IF($BA23<>"",IF(SUM(BD23:BF23)/BQ$9>=0.75,1,0),"") -> 0 | BR23: =IF($BA23<>"",IF(BG23/BR$9>=0.75,1,0),"") -> 0 | BS23: =IF($BA23<>"",IF(BH23/BS$9>=0.75,1,0),"") -> 0 | BT23: =IF($BA23<>"",IF(BI23/BT$9>=0.75,1,0),"") -> 0 | BU23: =IF($BA23<>"",IF(SUM(BG23:BI23)/BU$9>=0.75,1,0),"") -> 0
A24: 15 | B24: 117443210015 | C24: ABAY,QUEENSIE ANNE, - | D24: Female | E24: 42391 | F24: 46085 | G24: =IF(C24<>"",(F24-E24)/365,"") -> 10.120548 | H24: 1 | I24: 0 | J24: 1 | K24: 0 | L24: 0 | M24: 1 | N24: 0 | O24: 1 | P24: 1 | Q24: 0 | R24: 1 | S24: 0 | T24: 0 | U24: 1 | V24: 0 | W24: 0 | X24: 0 | Y24: 0 | Z24: 0 | AA24: 1 | AB24: 0 | AC24: 1 | AD24: 0 | AE24: 0 | AF24: 0 | AG24: 0 | AH24: 1 | AI24: 1 | AJ24: 0 | AK24: 0 | AL24: 0 | AM24: 0 | AN24: 0 | AO24: 0 | AP24: 1 | AQ24: 1 | AR24: 0 | AS24: 1 | AT24: 0 | AU24: 0 | AV24: 0 | AW24: 0 | AX24: =IF($C24<>"",SUM(H24:S24),"") -> 6 | AY24: =IF($C24<>"",SUM(T24:AH24),"") -> 4 | AZ24: =IF($C24<>"",SUM(AI24:AW24),"") -> 4 | BA24: =_xlfn.IFNA(IF(AND($C$4<>"",$C$7<>"",C24<>""),IF($C$7="Grade 4",AX24,IF($C$7="Grade 5",AX24+AY24,IF($C$7="Grade 6",AX24+AY24+AZ24,0))),""),"") -> 6 | BB24: =IFERROR(IF(AND(BA24>0,C24<>""),BA24/$BA$9,""),"") -> 0.46153846 | BC24: =IF($BA24="","",IF($BA$9=50,IF($BA24>=45,"At Grade Level (Highly Proficient)",IF($BA24>=39,"Transitioning (Proficient)",IF($BA24>=29,"Developing (Nearly Proficient)",IF($BA24>=15,"Emerging (Low Proficient)","Emerging (Not Proficient)")))),IF($BA$9=32,IF($BA24>=27,"At Grade Level (Highly Proficient)",IF($BA24>=21,"Transitioning (Proficient)",IF($BA24>=14,"Developing (Nearly Proficient)",IF($BA24>=7,"Emerging (Low Proficient)","Emerging (Not Proficient)")))),IF($BA$9=13,IF($BA24>=11,"At Grade Level (Highly Proficient)",IF($BA24>=8,"Transitioning (Proficient)",IF($BA24>=5,"Developing (Nearly Proficient)",IF($BA24>=3,"Emerging (Low Proficient)","Emerging (Not Proficient)")))),"")))) -> Developing (Nearly Proficient) | BD24: =IF($BA24<>0,IF($C$7="Grade 6",SUM(H24:J24)+SUM(M24:O24)+SUM(Q24:S24)+U24+V24+Z24+AB24+AF24+AJ24+SUM(AM24:AQ24)+AU24+AV24,IF($C$7="Grade 5",SUM(H24:J24)+SUM(M24:O24)+SUM(Q24:S24)+U24+V24+Z24+AB24+AF24,IF($C$7="Grade 4",SUM(H24:J24)+SUM(M24:O24)+SUM(Q24:S24),0))),0) -> 5 | BE24: =IF($BA24<>0,IF($C$7="Grade 6",L24+P24+T24+SUM(W24:Y24)+AA24+SUM(AC24:AE24)+AG24+AI24+AT24,IF($C$7="Grade 5",L24+P24+T24+SUM(W24:Y24)+AA24+SUM(AC24:AE24)+AG24,IF($C$7="Grade 4",L24+P24,0))),0) -> 1 | BF24: =IF($BA24<>0,IF($C$7="Grade 6",K24+AH24+AK24+AL24+AR24+AS24+AW24,IF($C$7="Grade 5",K24+AH24,IF($C$7="Grade 4",K24,0))),0) -> 0 | BG24: =IF($BA24<>0,IF($C$7="Grade 6",H24+K24+M24+S24+T24+V24+W24+Z24+AB24+AC24+SUM(AH24:AJ24)+AN24+AP24+AQ24+AS24+AT24,IF($C$7="Grade 5",H24+K24+M24+S24+T24+V24+W24+Z24+AB24+AC24+AH24,IF($C$7="Grade 4",H24+K24+M24+S24,0))),0) -> 2 | BH24: =IF($BA24<>0,IF($C$7="Grade 6",I24+J24+L24+N24+O24+R24+U24+Y24+SUM(AE24:AG24)+AK24+AM24+AO24+AU24+AV24+AW24,IF($C$7="Grade 5",I24+J24+L24+N24+O24+R24+U24+Y24+SUM(AE24:AG24),IF($C$7="Grade 4",I24+J24+L24+N24+O24+R24,0))),0) -> 3 | BI24: =IF($BA24<>0,IF($C$7="Grade 6",P24+Q24+X24+AA24+AD24+AL24+AR24,IF($C$7="Grade 5",P24+Q24+X24+AA24+AD24,IF($C$7="Grade 4",P24+Q24,0))),0) -> 1 | BN24: =IF($BA24<>"",IF(BD24/BN$9>=0.75,1,0),"") -> 0 | BO24: =IF($BA24<>"",IF(BE24/BO$9>=0.75,1,0),"") -> 0 | BP24: =IF($BA24<>"",IF(BF24/BP$9>=0.75,1,0),"") -> 0 | BQ24: =IF($BA24<>"",IF(SUM(BD24:BF24)/BQ$9>=0.75,1,0),"") -> 0 | BR24: =IF($BA24<>"",IF(BG24/BR$9>=0.75,1,0),"") -> 0 | BS24: =IF($BA24<>"",IF(BH24/BS$9>=0.75,1,0),"") -> 0 | BT24: =IF($BA24<>"",IF(BI24/BT$9>=0.75,1,0),"") -> 0 | BU24: =IF($BA24<>"",IF(SUM(BG24:BI24)/BU$9>=0.75,1,0),"") -> 0
A25: 16 | B25: 136651210213 | C25: ABRINILLO,AMANDA, SIASAT | D25: Female | E25: 42407 | F25: 46085 | G25: =IF(C25<>"",(F25-E25)/365,"") -> 10.076712 | H25: 1 | I25: 0 | J25: 1 | K25: 0 | L25: 0 | M25: 1 | N25: 0 | O25: 1 | P25: 1 | Q25: 0 | R25: 1 | S25: 1 | T25: 0 | U25: 1 | V25: 0 | W25: 0 | X25: 0 | Y25: 0 | Z25: 1 | AA25: 1 | AB25: 0 | AC25: 0 | AD25: 0 | AE25: 0 | AF25: 1 | AG25: 0 | AH25: 1 | AI25: 0 | AJ25: 1 | AK25: 0 | AL25: 0 | AM25: 0 | AN25: 0 | AO25: 0 | AP25: 1 | AQ25: 1 | AR25: 0 | AS25: 1 | AT25: 0 | AU25: 0 | AV25: 0 | AW25: 0 | AX25: =IF($C25<>"",SUM(H25:S25),"") -> 7 | AY25: =IF($C25<>"",SUM(T25:AH25),"") -> 5 | AZ25: =IF($C25<>"",SUM(AI25:AW25),"") -> 4 | BA25: =_xlfn.IFNA(IF(AND($C$4<>"",$C$7<>"",C25<>""),IF($C$7="Grade 4",AX25,IF($C$7="Grade 5",AX25+AY25,IF($C$7="Grade 6",AX25+AY25+AZ25,0))),""),"") -> 7 | BB25: =IFERROR(IF(AND(BA25>0,C25<>""),BA25/$BA$9,""),"") -> 0.53846154 | BC25: =IF($BA25="","",IF($BA$9=50,IF($BA25>=45,"At Grade Level (Highly Proficient)",IF($BA25>=39,"Transitioning (Proficient)",IF($BA25>=29,"Developing (Nearly Proficient)",IF($BA25>=15,"Emerging (Low Proficient)","Emerging (Not Proficient)")))),IF($BA$9=32,IF($BA25>=27,"At Grade Level (Highly Proficient)",IF($BA25>=21,"Transitioning (Proficient)",IF($BA25>=14,"Developing (Nearly Proficient)",IF($BA25>=7,"Emerging (Low Proficient)","Emerging (Not Proficient)")))),IF($BA$9=13,IF($BA25>=11,"At Grade Level (Highly Proficient)",IF($BA25>=8,"Transitioning (Proficient)",IF($BA25>=5,"Developing (Nearly Proficient)",IF($BA25>=3,"Emerging (Low Proficient)","Emerging (Not Proficient)")))),"")))) -> Developing (Nearly Proficient) | BD25: =IF($BA25<>0,IF($C$7="Grade 6",SUM(H25:J25)+SUM(M25:O25)+SUM(Q25:S25)+U25+V25+Z25+AB25+AF25+AJ25+SUM(AM25:AQ25)+AU25+AV25,IF($C$7="Grade 5",SUM(H25:J25)+SUM(M25:O25)+SUM(Q25:S25)+U25+V25+Z25+AB25+AF25,IF($C$7="Grade 4",SUM(H25:J25)+SUM(M25:O25)+SUM(Q25:S25),0))),0) -> 6 | BE25: =IF($BA25<>0,IF($C$7="Grade 6",L25+P25+T25+SUM(W25:Y25)+AA25+SUM(AC25:AE25)+AG25+AI25+AT25,IF($C$7="Grade 5",L25+P25+T25+SUM(W25:Y25)+AA25+SUM(AC25:AE25)+AG25,IF($C$7="Grade 4",L25+P25,0))),0) -> 1 | BF25: =IF($BA25<>0,IF($C$7="Grade 6",K25+AH25+AK25+AL25+AR25+AS25+AW25,IF($C$7="Grade 5",K25+AH25,IF($C$7="Grade 4",K25,0))),0) -> 0 | BG25: =IF($BA25<>0,IF($C$7="Grade 6",H25+K25+M25+S25+T25+V25+W25+Z25+AB25+AC25+SUM(AH25:AJ25)+AN25+AP25+AQ25+AS25+AT25,IF($C$7="Grade 5",H25+K25+M25+S25+T25+V25+W25+Z25+AB25+AC25+AH25,IF($C$7="Grade 4",H25+K25+M25+S25,0))),0) -> 3 | BH25: =IF($BA25<>0,IF($C$7="Grade 6",I25+J25+L25+N25+O25+R25+U25+Y25+SUM(AE25:AG25)+AK25+AM25+AO25+AU25+AV25+AW25,IF($C$7="Grade 5",I25+J25+L25+N25+O25+R25+U25+Y25+SUM(AE25:AG25),IF($C$7="Grade 4",I25+J25+L25+N25+O25+R25,0))),0) -> 3 | BI25: =IF($BA25<>0,IF($C$7="Grade 6",P25+Q25+X25+AA25+AD25+AL25+AR25,IF($C$7="Grade 5",P25+Q25+X25+AA25+AD25,IF($C$7="Grade 4",P25+Q25,0))),0) -> 1 | BN25: =IF($BA25<>"",IF(BD25/BN$9>=0.75,1,0),"") -> 0 | BO25: =IF($BA25<>"",IF(BE25/BO$9>=0.75,1,0),"") -> 0 | BP25: =IF($BA25<>"",IF(BF25/BP$9>=0.75,1,0),"") -> 0 | BQ25: =IF($BA25<>"",IF(SUM(BD25:BF25)/BQ$9>=0.75,1,0),"") -> 0 | BR25: =IF($BA25<>"",IF(BG25/BR$9>=0.75,1,0),"") -> 1 | BS25: =IF($BA25<>"",IF(BH25/BS$9>=0.75,1,0),"") -> 0 | BT25: =IF($BA25<>"",IF(BI25/BT$9>=0.75,1,0),"") -> 0 | BU25: =IF($BA25<>"",IF(SUM(BG25:BI25)/BU$9>=0.75,1,0),"") -> 0
A26: 17 | B26: 120244190056 | C26: ALEJARSO,JENNY MAE, INSIK | D26: Female | E26: 41736 | F26: 46085 | G26: =IF(C26<>"",(F26-E26)/365,"") -> 11.915068 | H26: 0 | I26: 0 | J26: 0 | K26: 0 | L26: 0 | M26: 1 | N26: 1 | O26: 1 | P26: 1 | Q26: 0 | R26: 1 | S26: 1 | T26: 0 | U26: 1 | V26: 1 | W26: 0 | X26: 0 | Y26: 1 | Z26: 1 | AA26: 0 | AB26: 0 | AC26: 0 | AD26: 0 | AE26: 0 | AF26: 1 | AG26: 0 | AH26: 0 | AI26: 0 | AJ26: 0 | AK26: 0 | AL26: 0 | AM26: 0 | AN26: 0 | AO26: 0 | AP26: 1 | AQ26: 0 | AR26: 0 | AS26: 0 | AT26: 0 | AU26: 1 | AV26: 0 | AW26: 0 | AX26: =IF($C26<>"",SUM(H26:S26),"") -> 6 | AY26: =IF($C26<>"",SUM(T26:AH26),"") -> 5 | AZ26: =IF($C26<>"",SUM(AI26:AW26),"") -> 2 | BA26: =_xlfn.IFNA(IF(AND($C$4<>"",$C$7<>"",C26<>""),IF($C$7="Grade 4",AX26,IF($C$7="Grade 5",AX26+AY26,IF($C$7="Grade 6",AX26+AY26+AZ26,0))),""),"") -> 6 | BB26: =IFERROR(IF(AND(BA26>0,C26<>""),BA26/$BA$9,""),"") -> 0.46153846 | BC26: =IF($BA26="","",IF($BA$9=50,IF($BA26>=45,"At Grade Level (Highly Proficient)",IF($BA26>=39,"Transitioning (Proficient)",IF($BA26>=29,"Developing (Nearly Proficient)",IF($BA26>=15,"Emerging (Low Proficient)","Emerging (Not Proficient)")))),IF($BA$9=32,IF($BA26>=27,"At Grade Level (Highly Proficient)",IF($BA26>=21,"Transitioning (Proficient)",IF($BA26>=14,"Developing (Nearly Proficient)",IF($BA26>=7,"Emerging (Low Proficient)","Emerging (Not Proficient)")))),IF($BA$9=13,IF($BA26>=11,"At Grade Level (Highly Proficient)",IF($BA26>=8,"Transitioning (Proficient)",IF($BA26>=5,"Developing (Nearly Proficient)",IF($BA26>=3,"Emerging (Low Proficient)","Emerging (Not Proficient)")))),"")))) -> Developing (Nearly Proficient) | BD26: =IF($BA26<>0,IF($C$7="Grade 6",SUM(H26:J26)+SUM(M26:O26)+SUM(Q26:S26)+U26+V26+Z26+AB26+AF26+AJ26+SUM(AM26:AQ26)+AU26+AV26,IF($C$7="Grade 5",SUM(H26:J26)+SUM(M26:O26)+SUM(Q26:S26)+U26+V26+Z26+AB26+AF26,IF($C$7="Grade 4",SUM(H26:J26)+SUM(M26:O26)+SUM(Q26:S26),0))),0) -> 5 | BE26: =IF($BA26<>0,IF($C$7="Grade 6",L26+P26+T26+SUM(W26:Y26)+AA26+SUM(AC26:AE26)+AG26+AI26+AT26,IF($C$7="Grade 5",L26+P26+T26+SUM(W26:Y26)+AA26+SUM(AC26:AE26)+AG26,IF($C$7="Grade 4",L26+P26,0))),0) -> 1 | BF26: =IF($BA26<>0,IF($C$7="Grade 6",K26+AH26+AK26+AL26+AR26+AS26+AW26,IF($C$7="Grade 5",K26+AH26,IF($C$7="Grade 4",K26,0))),0) -> 0 | BG26: =IF($BA26<>0,IF($C$7="Grade 6",H26+K26+M26+S26+T26+V26+W26+Z26+AB26+AC26+SUM(AH26:AJ26)+AN26+AP26+AQ26+AS26+AT26,IF($C$7="Grade 5",H26+K26+M26+S26+T26+V26+W26+Z26+AB26+AC26+AH26,IF($C$7="Grade 4",H26+K26+M26+S26,0))),0) -> 2 | BH26: =IF($BA26<>0,IF($C$7="Grade 6",I26+J26+L26+N26+O26+R26+U26+Y26+SUM(AE26:AG26)+AK26+AM26+AO26+AU26+AV26+AW26,IF($C$7="Grade 5",I26+J26+L26+N26+O26+R26+U26+Y26+SUM(AE26:AG26),IF($C$7="Grade 4",I26+J26+L26+N26+O26+R26,0))),0) -> 3 | BI26: =IF($BA26<>0,IF($C$7="Grade 6",P26+Q26+X26+AA26+AD26+AL26+AR26,IF($C$7="Grade 5",P26+Q26+X26+AA26+AD26,IF($C$7="Grade 4",P26+Q26,0))),0) -> 1 | BN26: =IF($BA26<>"",IF(BD26/BN$9>=0.75,1,0),"") -> 0 | BO26: =IF($BA26<>"",IF(BE26/BO$9>=0.75,1,0),"") -> 0 | BP26: =IF($BA26<>"",IF(BF26/BP$9>=0.75,1,0),"") -> 0 | BQ26: =IF($BA26<>"",IF(SUM(BD26:BF26)/BQ$9>=0.75,1,0),"") -> 0 | BR26: =IF($BA26<>"",IF(BG26/BR$9>=0.75,1,0),"") -> 0 | BS26: =IF($BA26<>"",IF(BH26/BS$9>=0.75,1,0),"") -> 0 | BT26: =IF($BA26<>"",IF(BI26/BT$9>=0.75,1,0),"") -> 0 | BU26: =IF($BA26<>"",IF(SUM(BG26:BI26)/BU$9>=0.75,1,0),"") -> 0
A27: 18 | B27: 117443210016 | C27: ARCENAL,KEANE, CARDINAL | D27: Female | E27: 42383 | F27: 46085 | G27: =IF(C27<>"",(F27-E27)/365,"") -> 10.142466 | H27: 1 | I27: 1 | J27: 1 | K27: 1 | L27: 2 | M27: 1 | N27: 0 | O27: 1 | P27: 1 | Q27: 1 | R27: 1 | S27: 1 | T27: 1 | U27: 0 | V27: 0 | W27: 1 | X27: 1 | Y27: 1 | Z27: 0 | AA27: 0 | AB27: 0 | AC27: 1 | AD27: 1 | AE27: 1 | AF27: 0 | AG27: 0 | AH27: 0 | AI27: 0 | AJ27: 0 | AK27: 0 | AL27: 0 | AM27: 0 | AN27: 0 | AO27: 0 | AP27: 0 | AQ27: 1 | AR27: 0 | AS27: 0 | AT27: 0 | AU27: 0 | AV27: 0 | AW27: 1 | AX27: =IF($C27<>"",SUM(H27:S27),"") -> 12 | AY27: =IF($C27<>"",SUM(T27:AH27),"") -> 7 | AZ27: =IF($C27<>"",SUM(AI27:AW27),"") -> 2 | BA27: =_xlfn.IFNA(IF(AND($C$4<>"",$C$7<>"",C27<>""),IF($C$7="Grade 4",AX27,IF($C$7="Grade 5",AX27+AY27,IF($C$7="Grade 6",AX27+AY27+AZ27,0))),""),"") -> 12 | BB27: =IFERROR(IF(AND(BA27>0,C27<>""),BA27/$BA$9,""),"") -> 0.92307692 | BC27: =IF($BA27="","",IF($BA$9=50,IF($BA27>=45,"At Grade Level (Highly Proficient)",IF($BA27>=39,"Transitioning (Proficient)",IF($BA27>=29,"Developing (Nearly Proficient)",IF($BA27>=15,"Emerging (Low Proficient)","Emerging (Not Proficient)")))),IF($BA$9=32,IF($BA27>=27,"At Grade Level (Highly Proficient)",IF($BA27>=21,"Transitioning (Proficient)",IF($BA27>=14,"Developing (Nearly Proficient)",IF($BA27>=7,"Emerging (Low Proficient)","Emerging (Not Proficient)")))),IF($BA$9=13,IF($BA27>=11,"At Grade Level (Highly Proficient)",IF($BA27>=8,"Transitioning (Proficient)",IF($BA27>=5,"Developing (Nearly Proficient)",IF($BA27>=3,"Emerging (Low Proficient)","Emerging (Not Proficient)")))),"")))) -> At Grade Level (Highly Proficient) | BD27: =IF($BA27<>0,IF($C$7="Grade 6",SUM(H27:J27)+SUM(M27:O27)+SUM(Q27:S27)+U27+V27+Z27+AB27+AF27+AJ27+SUM(AM27:AQ27)+AU27+AV27,IF($C$7="Grade 5",SUM(H27:J27)+SUM(M27:O27)+SUM(Q27:S27)+U27+V27+Z27+AB27+AF27,IF($C$7="Grade 4",SUM(H27:J27)+SUM(M27:O27)+SUM(Q27:S27),0))),0) -> 8 | BE27: =IF($BA27<>0,IF($C$7="Grade 6",L27+P27+T27+SUM(W27:Y27)+AA27+SUM(AC27:AE27)+AG27+AI27+AT27,IF($C$7="Grade 5",L27+P27+T27+SUM(W27:Y27)+AA27+SUM(AC27:AE27)+AG27,IF($C$7="Grade 4",L27+P27,0))),0) -> 3 | BF27: =IF($BA27<>0,IF($C$7="Grade 6",K27+AH27+AK27+AL27+AR27+AS27+AW27,IF($C$7="Grade 5",K27+AH27,IF($C$7="Grade 4",K27,0))),0) -> 1 | BG27: =IF($BA27<>0,IF($C$7="Grade 6",H27+K27+M27+S27+T27+V27+W27+Z27+AB27+AC27+SUM(AH27:AJ27)+AN27+AP27+AQ27+AS27+AT27,IF($C$7="Grade 5",H27+K27+M27+S27+T27+V27+W27+Z27+AB27+AC27+AH27,IF($C$7="Grade 4",H27+K27+M27+S27,0))),0) -> 4 | BH27: =IF($BA27<>0,IF($C$7="Grade 6",I27+J27+L27+N27+O27+R27+U27+Y27+SUM(AE27:AG27)+AK27+AM27+AO27+AU27+AV27+AW27,IF($C$7="Grade 5",I27+J27+L27+N27+O27+R27+U27+Y27+SUM(AE27:AG27),IF($C$7="Grade 4",I27+J27+L27+N27+O27+R27,0))),0) -> 6 | BI27: =IF($BA27<>0,IF($C$7="Grade 6",P27+Q27+X27+AA27+AD27+AL27+AR27,IF($C$7="Grade 5",P27+Q27+X27+AA27+AD27,IF($C$7="Grade 4",P27+Q27,0))),0) -> 2 | BN27: =IF($BA27<>"",IF(BD27/BN$9>=0.75,1,0),"") -> 1 | BO27: =IF($BA27<>"",IF(BE27/BO$9>=0.75,1,0),"") -> 1 | BP27: =IF($BA27<>"",IF(BF27/BP$9>=0.75,1,0),"") -> 1 | BQ27: =IF($BA27<>"",IF(SUM(BD27:BF27)/BQ$9>=0.75,1,0),"") -> 1 | BR27: =IF($BA27<>"",IF(BG27/BR$9>=0.75,1,0),"") -> 1 | BS27: =IF($BA27<>"",IF(BH27/BS$9>=0.75,1,0),"") -> 1 | BT27: =IF($BA27<>"",IF(BI27/BT$9>=0.75,1,0),"") -> 1 | BU27: =IF($BA27<>"",IF(SUM(BG27:BI27)/BU$9>=0.75,1,0),"") -> 1
A28: 19 | B28: 117443210017 | C28: BRONA,MARY MELCLYN, JUMBAS | D28: Female | E28: 42343 | F28: 46086 | G28: =IF(C28<>"",(F28-E28)/365,"") -> 10.254795 | H28: 1 | I28: 1 | J28: 0 | K28: 1 | L28: 1 | M28: 1 | N28: 0 | O28: 0 | P28: 0 | Q28: 1 | R28: 1 | S28: 1 | T28: 0 | U28: 0 | V28: 1 | W28: 0 | X28: 0 | Y28: 1 | Z28: 1 | AA28: 0 | AB28: 0 | AC28: 1 | AD28: 0 | AE28: 0 | AF28: 0 | AG28: 0 | AH28: 0 | AI28: 0 | AJ28: 0 | AK28: 0 | AL28: 0 | AM28: 1 | AN28: 1 | AO28: 1 | AP28: 1 | AQ28: 0 | AR28: 0 | AS28: 1 | AT28: 1 | AU28: 0 | AV28: 0 | AW28: 0 | AX28: =IF($C28<>"",SUM(H28:S28),"") -> 8 | AY28: =IF($C28<>"",SUM(T28:AH28),"") -> 4 | AZ28: =IF($C28<>"",SUM(AI28:AW28),"") -> 6 | BA28: =_xlfn.IFNA(IF(AND($C$4<>"",$C$7<>"",C28<>""),IF($C$7="Grade 4",AX28,IF($C$7="Grade 5",AX28+AY28,IF($C$7="Grade 6",AX28+AY28+AZ28,0))),""),"") -> 8 | BB28: =IFERROR(IF(AND(BA28>0,C28<>""),BA28/$BA$9,""),"") -> 0.61538462 | BC28: =IF($BA28="","",IF($BA$9=50,IF($BA28>=45,"At Grade Level (Highly Proficient)",IF($BA28>=39,"Transitioning (Proficient)",IF($BA28>=29,"Developing (Nearly Proficient)",IF($BA28>=15,"Emerging (Low Proficient)","Emerging (Not Proficient)")))),IF($BA$9=32,IF($BA28>=27,"At Grade Level (Highly Proficient)",IF($BA28>=21,"Transitioning (Proficient)",IF($BA28>=14,"Developing (Nearly Proficient)",IF($BA28>=7,"Emerging (Low Proficient)","Emerging (Not Proficient)")))),IF($BA$9=13,IF($BA28>=11,"At Grade Level (Highly Proficient)",IF($BA28>=8,"Transitioning (Proficient)",IF($BA28>=5,"Developing (Nearly Proficient)",IF($BA28>=3,"Emerging (Low Proficient)","Emerging (Not Proficient)")))),"")))) -> Transitioning (Proficient) | BD28: =IF($BA28<>0,IF($C$7="Grade 6",SUM(H28:J28)+SUM(M28:O28)+SUM(Q28:S28)+U28+V28+Z28+AB28+AF28+AJ28+SUM(AM28:AQ28)+AU28+AV28,IF($C$7="Grade 5",SUM(H28:J28)+SUM(M28:O28)+SUM(Q28:S28)+U28+V28+Z28+AB28+AF28,IF($C$7="Grade 4",SUM(H28:J28)+SUM(M28:O28)+SUM(Q28:S28),0))),0) -> 6 | BE28: =IF($BA28<>0,IF($C$7="Grade 6",L28+P28+T28+SUM(W28:Y28)+AA28+SUM(AC28:AE28)+AG28+AI28+AT28,IF($C$7="Grade 5",L28+P28+T28+SUM(W28:Y28)+AA28+SUM(AC28:AE28)+AG28,IF($C$7="Grade 4",L28+P28,0))),0) -> 1 | BF28: =IF($BA28<>0,IF($C$7="Grade 6",K28+AH28+AK28+AL28+AR28+AS28+AW28,IF($C$7="Grade 5",K28+AH28,IF($C$7="Grade 4",K28,0))),0) -> 1 | BG28: =IF($BA28<>0,IF($C$7="Grade 6",H28+K28+M28+S28+T28+V28+W28+Z28+AB28+AC28+SUM(AH28:AJ28)+AN28+AP28+AQ28+AS28+AT28,IF($C$7="Grade 5",H28+K28+M28+S28+T28+V28+W28+Z28+AB28+AC28+AH28,IF($C$7="Grade 4",H28+K28+M28+S28,0))),0) -> 4 | BH28: =IF($BA28<>0,IF($C$7="Grade 6",I28+J28+L28+N28+O28+R28+U28+Y28+SUM(AE28:AG28)+AK28+AM28+AO28+AU28+AV28+AW28,IF($C$7="Grade 5",I28+J28+L28+N28+O28+R28+U28+Y28+SUM(AE28:AG28),IF($C$7="Grade 4",I28+J28+L28+N28+O28+R28,0))),0) -> 3 | BI28: =IF($BA28<>0,IF($C$7="Grade 6",P28+Q28+X28+AA28+AD28+AL28+AR28,IF($C$7="Grade 5",P28+Q28+X28+AA28+AD28,IF($C$7="Grade 4",P28+Q28,0))),0) -> 1 | BN28: =IF($BA28<>"",IF(BD28/BN$9>=0.75,1,0),"") -> 0 | BO28: =IF($BA28<>"",IF(BE28/BO$9>=0.75,1,0),"") -> 0 | BP28: =IF($BA28<>"",IF(BF28/BP$9>=0.75,1,0),"") -> 1 | BQ28: =IF($BA28<>"",IF(SUM(BD28:BF28)/BQ$9>=0.75,1,0),"") -> 0 | BR28: =IF($BA28<>"",IF(BG28/BR$9>=0.75,1,0),"") -> 1 | BS28: =IF($BA28<>"",IF(BH28/BS$9>=0.75,1,0),"") -> 0 | BT28: =IF($BA28<>"",IF(BI28/BT$9>=0.75,1,0),"") -> 0 | BU28: =IF($BA28<>"",IF(SUM(BG28:BI28)/BU$9>=0.75,1,0),"") -> 0
A29: 20 | B29: 117443210019 | C29: FRANTE,MA. NADINE, CABALLERO | D29: Female | E29: 42418 | F29: 46086 | G29: =IF(C29<>"",(F29-E29)/365,"") -> 10.049315 | H29: 1 | I29: 1 | J29: 1 | K29: 1 | L29: 0 | M29: 1 | N29: 0 | O29: 1 | P29: 0 | Q29: 0 | R29: 0 | S29: 0 | T29: 0 | U29: 0 | V29: 0 | W29: 0 | X29: 0 | Y29: 0 | Z29: 1 | AA29: 1 | AB29: 0 | AC29: 0 | AD29: 0 | AE29: 0 | AF29: 0 | AG29: 0 | AH29: 0 | AI29: 0 | AJ29: 0 | AK29: 0 | AL29: 0 | AM29: 0 | AN29: 0 | AO29: 0 | AP29: 0 | AQ29: 0 | AR29: 1 | AS29: 0 | AT29: 0 | AU29: 0 | AV29: 0 | AW29: 0 | AX29: =IF($C29<>"",SUM(H29:S29),"") -> 6 | AY29: =IF($C29<>"",SUM(T29:AH29),"") -> 2 | AZ29: =IF($C29<>"",SUM(AI29:AW29),"") -> 1 | BA29: =_xlfn.IFNA(IF(AND($C$4<>"",$C$7<>"",C29<>""),IF($C$7="Grade 4",AX29,IF($C$7="Grade 5",AX29+AY29,IF($C$7="Grade 6",AX29+AY29+AZ29,0))),""),"") -> 6 | BB29: =IFERROR(IF(AND(BA29>0,C29<>""),BA29/$BA$9,""),"") -> 0.46153846 | BC29: =IF($BA29="","",IF($BA$9=50,IF($BA29>=45,"At Grade Level (Highly Proficient)",IF($BA29>=39,"Transitioning (Proficient)",IF($BA29>=29,"Developing (Nearly Proficient)",IF($BA29>=15,"Emerging (Low Proficient)","Emerging (Not Proficient)")))),IF($BA$9=32,IF($BA29>=27,"At Grade Level (Highly Proficient)",IF($BA29>=21,"Transitioning (Proficient)",IF($BA29>=14,"Developing (Nearly Proficient)",IF($BA29>=7,"Emerging (Low Proficient)","Emerging (Not Proficient)")))),IF($BA$9=13,IF($BA29>=11,"At Grade Level (Highly Proficient)",IF($BA29>=8,"Transitioning (Proficient)",IF($BA29>=5,"Developing (Nearly Proficient)",IF($BA29>=3,"Emerging (Low Proficient)","Emerging (Not Proficient)")))),"")))) -> Developing (Nearly Proficient) | BD29: =IF($BA29<>0,IF($C$7="Grade 6",SUM(H29:J29)+SUM(M29:O29)+SUM(Q29:S29)+U29+V29+Z29+AB29+AF29+AJ29+SUM(AM29:AQ29)+AU29+AV29,IF($C$7="Grade 5",SUM(H29:J29)+SUM(M29:O29)+SUM(Q29:S29)+U29+V29+Z29+AB29+AF29,IF($C$7="Grade 4",SUM(H29:J29)+SUM(M29:O29)+SUM(Q29:S29),0))),0) -> 5 | BE29: =IF($BA29<>0,IF($C$7="Grade 6",L29+P29+T29+SUM(W29:Y29)+AA29+SUM(AC29:AE29)+AG29+AI29+AT29,IF($C$7="Grade 5",L29+P29+T29+SUM(W29:Y29)+AA29+SUM(AC29:AE29)+AG29,IF($C$7="Grade 4",L29+P29,0))),0) -> 0 | BF29: =IF($BA29<>0,IF($C$7="Grade 6",K29+AH29+AK29+AL29+AR29+AS29+AW29,IF($C$7="Grade 5",K29+AH29,IF($C$7="Grade 4",K29,0))),0) -> 1 | BG29: =IF($BA29<>0,IF($C$7="Grade 6",H29+K29+M29+S29+T29+V29+W29+Z29+AB29+AC29+SUM(AH29:AJ29)+AN29+AP29+AQ29+AS29+AT29,IF($C$7="Grade 5",H29+K29+M29+S29+T29+V29+W29+Z29+AB29+AC29+AH29,IF($C$7="Grade 4",H29+K29+M29+S29,0))),0) -> 3 | BH29: =IF($BA29<>0,IF($C$7="Grade 6",I29+J29+L29+N29+O29+R29+U29+Y29+SUM(AE29:AG29)+AK29+AM29+AO29+AU29+AV29+AW29,IF($C$7="Grade 5",I29+J29+L29+N29+O29+R29+U29+Y29+SUM(AE29:AG29),IF($C$7="Grade 4",I29+J29+L29+N29+O29+R29,0))),0) -> 3 | BI29: =IF($BA29<>0,IF($C$7="Grade 6",P29+Q29+X29+AA29+AD29+AL29+AR29,IF($C$7="Grade 5",P29+Q29+X29+AA29+AD29,IF($C$7="Grade 4",P29+Q29,0))),0) -> 0 | BN29: =IF($BA29<>"",IF(BD29/BN$9>=0.75,1,0),"") -> 0 | BO29: =IF($BA29<>"",IF(BE29/BO$9>=0.75,1,0),"") -> 0 | BP29: =IF($BA29<>"",IF(BF29/BP$9>=0.75,1,0),"") -> 1 | BQ29: =IF($BA29<>"",IF(SUM(BD29:BF29)/BQ$9>=0.75,1,0),"") -> 0 | BR29: =IF($BA29<>"",IF(BG29/BR$9>=0.75,1,0),"") -> 1 | BS29: =IF($BA29<>"",IF(BH29/BS$9>=0.75,1,0),"") -> 0 | BT29: =IF($BA29<>"",IF(BI29/BT$9>=0.75,1,0),"") -> 0 | BU29: =IF($BA29<>"",IF(SUM(BG29:BI29)/BU$9>=0.75,1,0),"") -> 0
A30: 21 | B30: 117443210027 | C30: JONSON,SYRA, BAUTISTA | D30: Female | E30: 42427 | F30: 46086 | G30: =IF(C30<>"",(F30-E30)/365,"") -> 10.024658 | H30: 0 | I30: 0 | J30: 0 | K30: 1 | L30: 0 | M30: 1 | N30: 0 | O30: 1 | P30: 0 | Q30: 0 | R30: 0 | S30: 0 | T30: 0 | U30: 0 | V30: 0 | W30: 1 | X30: 1 | Y30: 1 | Z30: 1 | AA30: 1 | AB30: 0 | AC30: 0 | AD30: 0 | AE30: 1 | AF30: 0 | AG30: 0 | AH30: 0 | AI30: 1 | AJ30: 0 | AK30: 0 | AL30: 0 | AM30: 0 | AN30: 0 | AO30: 0 | AP30: 0 | AQ30: 0 | AR30: 0 | AS30: 0 | AT30: 0 | AU30: 0 | AV30: 0 | AW30: 1 | AX30: =IF($C30<>"",SUM(H30:S30),"") -> 3 | AY30: =IF($C30<>"",SUM(T30:AH30),"") -> 6 | AZ30: =IF($C30<>"",SUM(AI30:AW30),"") -> 2 | BA30: =_xlfn.IFNA(IF(AND($C$4<>"",$C$7<>"",C30<>""),IF($C$7="Grade 4",AX30,IF($C$7="Grade 5",AX30+AY30,IF($C$7="Grade 6",AX30+AY30+AZ30,0))),""),"") -> 3 | BB30: =IFERROR(IF(AND(BA30>0,C30<>""),BA30/$BA$9,""),"") -> 0.23076923 | BC30: =IF($BA30="","",IF($BA$9=50,IF($BA30>=45,"At Grade Level (Highly Proficient)",IF($BA30>=39,"Transitioning (Proficient)",IF($BA30>=29,"Developing (Nearly Proficient)",IF($BA30>=15,"Emerging (Low Proficient)","Emerging (Not Proficient)")))),IF($BA$9=32,IF($BA30>=27,"At Grade Level (Highly Proficient)",IF($BA30>=21,"Transitioning (Proficient)",IF($BA30>=14,"Developing (Nearly Proficient)",IF($BA30>=7,"Emerging (Low Proficient)","Emerging (Not Proficient)")))),IF($BA$9=13,IF($BA30>=11,"At Grade Level (Highly Proficient)",IF($BA30>=8,"Transitioning (Proficient)",IF($BA30>=5,"Developing (Nearly Proficient)",IF($BA30>=3,"Emerging (Low Proficient)","Emerging (Not Proficient)")))),"")))) -> Emerging (Low Proficient) | BD30: =IF($BA30<>0,IF($C$7="Grade 6",SUM(H30:J30)+SUM(M30:O30)+SUM(Q30:S30)+U30+V30+Z30+AB30+AF30+AJ30+SUM(AM30:AQ30)+AU30+AV30,IF($C$7="Grade 5",SUM(H30:J30)+SUM(M30:O30)+SUM(Q30:S30)+U30+V30+Z30+AB30+AF30,IF($C$7="Grade 4",SUM(H30:J30)+SUM(M30:O30)+SUM(Q30:S30),0))),0) -> 2 | BE30: =IF($BA30<>0,IF($C$7="Grade 6",L30+P30+T30+SUM(W30:Y30)+AA30+SUM(AC30:AE30)+AG30+AI30+AT30,IF($C$7="Grade 5",L30+P30+T30+SUM(W30:Y30)+AA30+SUM(AC30:AE30)+AG30,IF($C$7="Grade 4",L30+P30,0))),0) -> 0 | BF30: =IF($BA30<>0,IF($C$7="Grade 6",K30+AH30+AK30+AL30+AR30+AS30+AW30,IF($C$7="Grade 5",K30+AH30,IF($C$7="Grade 4",K30,0))),0) -> 1 | BG30: =IF($BA30<>0,IF($C$7="Grade 6",H30+K30+M30+S30+T30+V30+W30+Z30+AB30+AC30+SUM(AH30:AJ30)+AN30+AP30+AQ30+AS30+AT30,IF($C$7="Grade 5",H30+K30+M30+S30+T30+V30+W30+Z30+AB30+AC30+AH30,IF($C$7="Grade 4",H30+K30+M30+S30,0))),0) -> 2 | BH30: =IF($BA30<>0,IF($C$7="Grade 6",I30+J30+L30+N30+O30+R30+U30+Y30+SUM(AE30:AG30)+AK30+AM30+AO30+AU30+AV30+AW30,IF($C$7="Grade 5",I30+J30+L30+N30+O30+R30+U30+Y30+SUM(AE30:AG30),IF($C$7="Grade 4",I30+J30+L30+N30+O30+R30,0))),0) -> 1 | BI30: =IF($BA30<>0,IF($C$7="Grade 6",P30+Q30+X30+AA30+AD30+AL30+AR30,IF($C$7="Grade 5",P30+Q30+X30+AA30+AD30,IF($C$7="Grade 4",P30+Q30,0))),0) -> 0 | BN30: =IF($BA30<>"",IF(BD30/BN$9>=0.75,1,0),"") -> 0 | BO30: =IF($BA30<>"",IF(BE30/BO$9>=0.75,1,0),"") -> 0 | BP30: =IF($BA30<>"",IF(BF30/BP$9>=0.75,1,0),"") -> 1 | BQ30: =IF($BA30<>"",IF(SUM(BD30:BF30)/BQ$9>=0.75,1,0),"") -> 0 | BR30: =IF($BA30<>"",IF(BG30/BR$9>=0.75,1,0),"") -> 0 | BS30: =IF($BA30<>"",IF(BH30/BS$9>=0.75,1,0),"") -> 0 | BT30: =IF($BA30<>"",IF(BI30/BT$9>=0.75,1,0),"") -> 0 | BU30: =IF($BA30<>"",IF(SUM(BG30:BI30)/BU$9>=0.75,1,0),"") -> 0
... A33: 24 | B33: 117443210022 | C33: PANGANTIHON,MICHAELLA, PACIENTE | D33: Female | E33: 42492 | F33: 46086 | G33: =IF(C33<>"",(F33-E33)/365,"") -> 9.8465753 | H33: 1 | I33: 1 | J33: 0 | K33: 1 | L33: 0 | M33: 1 | N33: 0 | O33: 1 | P33: 0 | Q33: 0 | R33: 0 | S33: 0 | T33: 1 | U33: 1 | V33: 0 | W33: 0 | X33: 0 | Y33: 0 | Z33: 1 | AA33: 1 | AB33: 0 | AC33: 1 | AD33: 0 | AE33: 0 | AF33: 0 | AG33: 0 | AH33: 0 | AI33: 0 | AJ33: 0 | AK33: 0 | AL33: 0 | AM33: 0 | AN33: 0 | AO33: 0 | AP33: 0 | AQ33: 0 | AR33: 0 | AS33: 0 | AT33: 0 | AU33: 0 | AV33: 0 | AW33: 1 | AX33: =IF($C33<>"",SUM(H33:S33),"") -> 5 | AY33: =IF($C33<>"",SUM(T33:AH33),"") -> 5 | AZ33: =IF($C33<>"",SUM(AI33:AW33),"") -> 1 | BA33: =_xlfn.IFNA(IF(AND($C$4<>"",$C$7<>"",C33<>""),IF($C$7="Grade 4",AX33,IF($C$7="Grade 5",AX33+AY33,IF($C$7="Grade 6",AX33+AY33+AZ33,0))),""),"") -> 5 | BB33: =IFERROR(IF(AND(BA33>0,C33<>""),BA33/$BA$9,""),"") -> 0.38461538 | BC33: =IF($BA33="","",IF($BA$9=50,IF($BA33>=45,"At Grade Level (Highly Proficient)",IF($BA33>=39,"Transitioning (Proficient)",IF($BA33>=29,"Developing (Nearly Proficient)",IF($BA33>=15,"Emerging (Low Proficient)","Emerging (Not Proficient)")))),IF($BA$9=32,IF($BA33>=27,"At Grade Level (Highly Proficient)",IF($BA33>=21,"Transitioning (Proficient)",IF($BA33>=14,"Developing (Nearly Proficient)",IF($BA33>=7,"Emerging (Low Proficient)","Emerging (Not Proficient)")))),IF($BA$9=13,IF($BA33>=11,"At Grade Level (Highly Proficient)",IF($BA33>=8,"Transitioning (Proficient)",IF($BA33>=5,"Developing (Nearly Proficient)",IF($BA33>=3,"Emerging (Low Proficient)","Emerging (Not Proficient)")))),"")))) -> Developing (Nearly Proficient) | BD33: =IF($BA33<>0,IF($C$7="Grade 6",SUM(H33:J33)+SUM(M33:O33)+SUM(Q33:S33)+U33+V33+Z33+AB33+AF33+AJ33+SUM(AM33:AQ33)+AU33+AV33,IF($C$7="Grade 5",SUM(H33:J33)+SUM(M33:O33)+SUM(Q33:S33)+U33+V33+Z33+AB33+AF33,IF($C$7="Grade 4",SUM(H33:J33)+SUM(M33:O33)+SUM(Q33:S33),0))),0) -> 4 | BE33: =IF($BA33<>0,IF($C$7="Grade 6",L33+P33+T33+SUM(W33:Y33)+AA33+SUM(AC33:AE33)+AG33+AI33+AT33,IF($C$7="Grade 5",L33+P33+T33+SUM(W33:Y33)+AA33+SUM(AC33:AE33)+AG33,IF($C$7="Grade 4",L33+P33,0))),0) -> 0 | BF33: =IF($BA33<>0,IF($C$7="Grade 6",K33+AH33+AK33+AL33+AR33+AS33+AW33,IF($C$7="Grade 5",K33+AH33,IF($C$7="Grade 4",K33,0))),0) -> 1 | BG33: =IF($BA33<>0,IF($C$7="Grade 6",H33+K33+M33+S33+T33+V33+W33+Z33+AB33+AC33+SUM(AH33:AJ33)+AN33+AP33+AQ33+AS33+AT33,IF($C$7="Grade 5",H33+K33+M33+S33+T33+V33+W33+Z33+AB33+AC33+AH33,IF($C$7="Grade 4",H33+K33+M33+S33,0))),0) -> 3 | BH33: =IF($BA33<>0,IF($C$7="Grade 6",I33+J33+L33+N33+O33+R33+U33+Y33+SUM(AE33:AG33)+AK33+AM33+AO33+AU33+AV33+AW33,IF($C$7="Grade 5",I33+J33+L33+N33+O33+R33+U33+Y33+SUM(AE33:AG33),IF($C$7="Grade 4",I33+J33+L33+N33+O33+R33,0))),0) -> 2 | BI33: =IF($BA33<>0,IF($C$7="Grade 6",P33+Q33+X33+AA33+AD33+AL33+AR33,IF($C$7="Grade 5",P33+Q33+X33+AA33+AD33,IF($C$7="Grade 4",P33+Q33,0))),0) -> 0 | BN33: =IF($BA33<>"",IF(BD33/BN$9>=0.75,1,0),"") -> 0 | BO33: =IF($BA33<>"",IF(BE33/BO$9>=0.75,1,0),"") -> 0 | BP33: =IF($BA33<>"",IF(BF33/BP$9>=0.75,1,0),"") -> 1 | BQ33: =IF($BA33<>"",IF(SUM(BD33:BF33)/BQ$9>=0.75,1,0),"") -> 0 | BR33: =IF($BA33<>"",IF(BG33/BR$9>=0.75,1,0),"") -> 1 | BS33: =IF($BA33<>"",IF(BH33/BS$9>=0.75,1,0),"") -> 0 | BT33: =IF($BA33<>"",IF(BI33/BT$9>=0.75,1,0),"") -> 0 | BU33: =IF($BA33<>"",IF(SUM(BG33:BI33)/BU$9>=0.75,1,0),"") -> 0
A34: 25 | G34: =IF(C34<>"",(F34-E34)/365,"") | AX34: =IF($C34<>"",SUM(H34:S34),"") | AY34: =IF($C34<>"",SUM(T34:AH34),"") | AZ34: =IF($C34<>"",SUM(AI34:AW34),"") | BA34: =_xlfn.IFNA(IF(AND($C$4<>"",$C$7<>"",C34<>""),IF($C$7="Grade 4",AX34,IF($C$7="Grade 5",AX34+AY34,IF($C$7="Grade 6",AX34+AY34+AZ34,0))),""),"") | BB34: =IFERROR(IF(AND(BA34>0,C34<>""),BA34/$BA$9,""),"") | BC34: =IF($BA34="","",IF($BA$9=50,IF($BA34>=45,"At Grade Level (Highly Proficient)",IF($BA34>=39,"Transitioning (Proficient)",IF($BA34>=29,"Developing (Nearly Proficient)",IF($BA34>=15,"Emerging (Low Proficient)","Emerging (Not Proficient)")))),IF($BA$9=32,IF($BA34>=27,"At Grade Level (Highly Proficient)",IF($BA34>=21,"Transitioning (Proficient)",IF($BA34>=14,"Developing (Nearly Proficient)",IF($BA34>=7,"Emerging (Low Proficient)","Emerging (Not Proficient)")))),IF($BA$9=13,IF($BA34>=11,"At Grade Level (Highly Proficient)",IF($BA34>=8,"Transitioning (Proficient)",IF($BA34>=5,"Developing (Nearly Proficient)",IF($BA34>=3,"Emerging (Low Proficient)","Emerging (Not Proficient)")))),"")))) | BD34: =IF($BA34<>0,IF($C$7="Grade 6",SUM(H34:J34)+SUM(M34:O34)+SUM(Q34:S34)+U34+V34+Z34+AB34+AF34+AJ34+SUM(AM34:AQ34)+AU34+AV34,IF($C$7="Grade 5",SUM(H34:J34)+SUM(M34:O34)+SUM(Q34:S34)+U34+V34+Z34+AB34+AF34,IF($C$7="Grade 4",SUM(H34:J34)+SUM(M34:O34)+SUM(Q34:S34),0))),0) -> 0 | BE34: =IF($BA34<>0,IF($C$7="Grade 6",L34+P34+T34+SUM(W34:Y34)+AA34+SUM(AC34:AE34)+AG34+AI34+AT34,IF($C$7="Grade 5",L34+P34+T34+SUM(W34:Y34)+AA34+SUM(AC34:AE34)+AG34,IF($C$7="Grade 4",L34+P34,0))),0) -> 0 | BF34: =IF($BA34<>0,IF($C$7="Grade 6",K34+AH34+AK34+AL34+AR34+AS34+AW34,IF($C$7="Grade 5",K34+AH34,IF($C$7="Grade 4",K34,0))),0) -> 0 | BG34: =IF($BA34<>0,IF($C$7="Grade 6",H34+K34+M34+S34+T34+V34+W34+Z34+AB34+AC34+SUM(AH34:AJ34)+AN34+AP34+AQ34+AS34+AT34,IF($C$7="Grade 5",H34+K34+M34+S34+T34+V34+W34+Z34+AB34+AC34+AH34,IF($C$7="Grade 4",H34+K34+M34+S34,0))),0) -> 0 | BH34: =IF($BA34<>0,IF($C$7="Grade 6",I34+J34+L34+N34+O34+R34+U34+Y34+SUM(AE34:AG34)+AK34+AM34+AO34+AU34+AV34+AW34,IF($C$7="Grade 5",I34+J34+L34+N34+O34+R34+U34+Y34+SUM(AE34:AG34),IF($C$7="Grade 4",I34+J34+L34+N34+O34+R34,0))),0) -> 0 | BI34: =IF($BA34<>0,IF($C$7="Grade 6",P34+Q34+X34+AA34+AD34+AL34+AR34,IF($C$7="Grade 5",P34+Q34+X34+AA34+AD34,IF($C$7="Grade 4",P34+Q34,0))),0) -> 0 | BN34: =IF($BA34<>"",IF(BD34/BN$9>=0.75,1,0),"") | BO34: =IF($BA34<>"",IF(BE34/BO$9>=0.75,1,0),"") | BP34: =IF($BA34<>"",IF(BF34/BP$9>=0.75,1,0),"") | BQ34: =IF($BA34<>"",IF(SUM(BD34:BF34)/BQ$9>=0.75,1,0),"") | BR34: =IF($BA34<>"",IF(BG34/BR$9>=0.75,1,0),"") | BS34: =IF($BA34<>"",IF(BH34/BS$9>=0.75,1,0),"") | BT34: =IF($BA34<>"",IF(BI34/BT$9>=0.75,1,0),"") | BU34: =IF($BA34<>"",IF(SUM(BG34:BI34)/BU$9>=0.75,1,0),"")
A35: 26 | G35: =IF(C35<>"",(F35-E35)/365,"") | AX35: =IF($C35<>"",SUM(H35:S35),"") | AY35: =IF($C35<>"",SUM(T35:AH35),"") | AZ35: =IF($C35<>"",SUM(AI35:AW35),"") | BA35: =_xlfn.IFNA(IF(AND($C$4<>"",$C$7<>"",C35<>""),IF($C$7="Grade 4",AX35,IF($C$7="Grade 5",AX35+AY35,IF($C$7="Grade 6",AX35+AY35+AZ35,0))),""),"") | BB35: =IFERROR(IF(AND(BA35>0,C35<>""),BA35/$BA$9,""),"") | BC35: =IF($BA35="","",IF($BA$9=50,IF($BA35>=45,"At Grade Level (Highly Proficient)",IF($BA35>=39,"Transitioning (Proficient)",IF($BA35>=29,"Developing (Nearly Proficient)",IF($BA35>=15,"Emerging (Low Proficient)","Emerging (Not Proficient)")))),IF($BA$9=32,IF($BA35>=27,"At Grade Level (Highly Proficient)",IF($BA35>=21,"Transitioning (Proficient)",IF($BA35>=14,"Developing (Nearly Proficient)",IF($BA35>=7,"Emerging (Low Proficient)","Emerging (Not Proficient)")))),IF($BA$9=13,IF($BA35>=11,"At Grade Level (Highly Proficient)",IF($BA35>=8,"Transitioning (Proficient)",IF($BA35>=5,"Developing (Nearly Proficient)",IF($BA35>=3,"Emerging (Low Proficient)","Emerging (Not Proficient)")))),"")))) | BD35: =IF($BA35<>0,IF($C$7="Grade 6",SUM(H35:J35)+SUM(M35:O35)+SUM(Q35:S35)+U35+V35+Z35+AB35+AF35+AJ35+SUM(AM35:AQ35)+AU35+AV35,IF($C$7="Grade 5",SUM(H35:J35)+SUM(M35:O35)+SUM(Q35:S35)+U35+V35+Z35+AB35+AF35,IF($C$7="Grade 4",SUM(H35:J35)+SUM(M35:O35)+SUM(Q35:S35),0))),0) -> 0 | BE35: =IF($BA35<>0,IF($C$7="Grade 6",L35+P35+T35+SUM(W35:Y35)+AA35+SUM(AC35:AE35)+AG35+AI35+AT35,IF($C$7="Grade 5",L35+P35+T35+SUM(W35:Y35)+AA35+SUM(AC35:AE35)+AG35,IF($C$7="Grade 4",L35+P35,0))),0) -> 0 | BF35: =IF($BA35<>0,IF($C$7="Grade 6",K35+AH35+AK35+AL35+AR35+AS35+AW35,IF($C$7="Grade 5",K35+AH35,IF($C$7="Grade 4",K35,0))),0) -> 0 | BG35: =IF($BA35<>0,IF($C$7="Grade 6",H35+K35+M35+S35+T35+V35+W35+Z35+AB35+AC35+SUM(AH35:AJ35)+AN35+AP35+AQ35+AS35+AT35,IF($C$7="Grade 5",H35+K35+M35+S35+T35+V35+W35+Z35+AB35+AC35+AH35,IF($C$7="Grade 4",H35+K35+M35+S35,0))),0) -> 0 | BH35: =IF($BA35<>0,IF($C$7="Grade 6",I35+J35+L35+N35+O35+R35+U35+Y35+SUM(AE35:AG35)+AK35+AM35+AO35+AU35+AV35+AW35,IF($C$7="Grade 5",I35+J35+L35+N35+O35+R35+U35+Y35+SUM(AE35:AG35),IF($C$7="Grade 4",I35+J35+L35+N35+O35+R35,0))),0) -> 0 | BI35: =IF($BA35<>0,IF($C$7="Grade 6",P35+Q35+X35+AA35+AD35+AL35+AR35,IF($C$7="Grade 5",P35+Q35+X35+AA35+AD35,IF($C$7="Grade 4",P35+Q35,0))),0) -> 0 | BN35: =IF($BA35<>"",IF(BD35/BN$9>=0.75,1,0),"") | BO35: =IF($BA35<>"",IF(BE35/BO$9>=0.75,1,0),"") | BP35: =IF($BA35<>"",IF(BF35/BP$9>=0.75,1,0),"") | BQ35: =IF($BA35<>"",IF(SUM(BD35:BF35)/BQ$9>=0.75,1,0),"") | BR35: =IF($BA35<>"",IF(BG35/BR$9>=0.75,1,0),"") | BS35: =IF($BA35<>"",IF(BH35/BS$9>=0.75,1,0),"") | BT35: =IF($BA35<>"",IF(BI35/BT$9>=0.75,1,0),"") | BU35: =IF($BA35<>"",IF(SUM(BG35:BI35)/BU$9>=0.75,1,0),"")
A36: 27 | G36: =IF(C36<>"",(F36-E36)/365,"") | AX36: =IF($C36<>"",SUM(H36:S36),"") | AY36: =IF($C36<>"",SUM(T36:AH36),"") | AZ36: =IF($C36<>"",SUM(AI36:AW36),"") | BA36: =_xlfn.IFNA(IF(AND($C$4<>"",$C$7<>"",C36<>""),IF($C$7="Grade 4",AX36,IF($C$7="Grade 5",AX36+AY36,IF($C$7="Grade 6",AX36+AY36+AZ36,0))),""),"") | BB36: =IFERROR(IF(AND(BA36>0,C36<>""),BA36/$BA$9,""),"") | BC36: =IF($BA36="","",IF($BA$9=50,IF($BA36>=45,"At Grade Level (Highly Proficient)",IF($BA36>=39,"Transitioning (Proficient)",IF($BA36>=29,"Developing (Nearly Proficient)",IF($BA36>=15,"Emerging (Low Proficient)","Emerging (Not Proficient)")))),IF($BA$9=32,IF($BA36>=27,"At Grade Level (Highly Proficient)",IF($BA36>=21,"Transitioning (Proficient)",IF($BA36>=14,"Developing (Nearly Proficient)",IF($BA36>=7,"Emerging (Low Proficient)","Emerging (Not Proficient)")))),IF($BA$9=13,IF($BA36>=11,"At Grade Level (Highly Proficient)",IF($BA36>=8,"Transitioning (Proficient)",IF($BA36>=5,"Developing (Nearly Proficient)",IF($BA36>=3,"Emerging (Low Proficient)","Emerging (Not Proficient)")))),"")))) | BD36: =IF($BA36<>0,IF($C$7="Grade 6",SUM(H36:J36)+SUM(M36:O36)+SUM(Q36:S36)+U36+V36+Z36+AB36+AF36+AJ36+SUM(AM36:AQ36)+AU36+AV36,IF($C$7="Grade 5",SUM(H36:J36)+SUM(M36:O36)+SUM(Q36:S36)+U36+V36+Z36+AB36+AF36,IF($C$7="Grade 4",SUM(H36:J36)+SUM(M36:O36)+SUM(Q36:S36),0))),0) -> 0 | BE36: =IF($BA36<>0,IF($C$7="Grade 6",L36+P36+T36+SUM(W36:Y36)+AA36+SUM(AC36:AE36)+AG36+AI36+AT36,IF($C$7="Grade 5",L36+P36+T36+SUM(W36:Y36)+AA36+SUM(AC36:AE36)+AG36,IF($C$7="Grade 4",L36+P36,0))),0) -> 0 | BF36: =IF($BA36<>0,IF($C$7="Grade 6",K36+AH36+AK36+AL36+AR36+AS36+AW36,IF($C$7="Grade 5",K36+AH36,IF($C$7="Grade 4",K36,0))),0) -> 0 | BG36: =IF($BA36<>0,IF($C$7="Grade 6",H36+K36+M36+S36+T36+V36+W36+Z36+AB36+AC36+SUM(AH36:AJ36)+AN36+AP36+AQ36+AS36+AT36,IF($C$7="Grade 5",H36+K36+M36+S36+T36+V36+W36+Z36+AB36+AC36+AH36,IF($C$7="Grade 4",H36+K36+M36+S36,0))),0) -> 0 | BH36: =IF($BA36<>0,IF($C$7="Grade 6",I36+J36+L36+N36+O36+R36+U36+Y36+SUM(AE36:AG36)+AK36+AM36+AO36+AU36+AV36+AW36,IF($C$7="Grade 5",I36+J36+L36+N36+O36+R36+U36+Y36+SUM(AE36:AG36),IF($C$7="Grade 4",I36+J36+L36+N36+O36+R36,0))),0) -> 0 | BI36: =IF($BA36<>0,IF($C$7="Grade 6",P36+Q36+X36+AA36+AD36+AL36+AR36,IF($C$7="Grade 5",P36+Q36+X36+AA36+AD36,IF($C$7="Grade 4",P36+Q36,0))),0) -> 0 | BN36: =IF($BA36<>"",IF(BD36/BN$9>=0.75,1,0),"") | BO36: =IF($BA36<>"",IF(BE36/BO$9>=0.75,1,0),"") | BP36: =IF($BA36<>"",IF(BF36/BP$9>=0.75,1,0),"") | BQ36: =IF($BA36<>"",IF(SUM(BD36:BF36)/BQ$9>=0.75,1,0),"") | BR36: =IF($BA36<>"",IF(BG36/BR$9>=0.75,1,0),"") | BS36: =IF($BA36<>"",IF(BH36/BS$9>=0.75,1,0),"") | BT36: =IF($BA36<>"",IF(BI36/BT$9>=0.75,1,0),"") | BU36: =IF($BA36<>"",IF(SUM(BG36:BI36)/BU$9>=0.75,1,0),"")
A37: 28 | G37: =IF(C37<>"",(F37-E37)/365,"") | AX37: =IF($C37<>"",SUM(H37:S37),"") | AY37: =IF($C37<>"",SUM(T37:AH37),"") | AZ37: =IF($C37<>"",SUM(AI37:AW37),"") | BA37: =_xlfn.IFNA(IF(AND($C$4<>"",$C$7<>"",C37<>""),IF($C$7="Grade 4",AX37,IF($C$7="Grade 5",AX37+AY37,IF($C$7="Grade 6",AX37+AY37+AZ37,0))),""),"") | BB37: =IFERROR(IF(AND(BA37>0,C37<>""),BA37/$BA$9,""),"") | BC37: =IF($BA37="","",IF($BA$9=50,IF($BA37>=45,"At Grade Level (Highly Proficient)",IF($BA37>=39,"Transitioning (Proficient)",IF($BA37>=29,"Developing (Nearly Proficient)",IF($BA37>=15,"Emerging (Low Proficient)","Emerging (Not Proficient)")))),IF($BA$9=32,IF($BA37>=27,"At Grade Level (Highly Proficient)",IF($BA37>=21,"Transitioning (Proficient)",IF($BA37>=14,"Developing (Nearly Proficient)",IF($BA37>=7,"Emerging (Low Proficient)","Emerging (Not Proficient)")))),IF($BA$9=13,IF($BA37>=11,"At Grade Level (Highly Proficient)",IF($BA37>=8,"Transitioning (Proficient)",IF($BA37>=5,"Developing (Nearly Proficient)",IF($BA37>=3,"Emerging (Low Proficient)","Emerging (Not Proficient)")))),"")))) | BD37: =IF($BA37<>0,IF($C$7="Grade 6",SUM(H37:J37)+SUM(M37:O37)+SUM(Q37:S37)+U37+V37+Z37+AB37+AF37+AJ37+SUM(AM37:AQ37)+AU37+AV37,IF($C$7="Grade 5",SUM(H37:J37)+SUM(M37:O37)+SUM(Q37:S37)+U37+V37+Z37+AB37+AF37,IF($C$7="Grade 4",SUM(H37:J37)+SUM(M37:O37)+SUM(Q37:S37),0))),0) -> 0 | BE37: =IF($BA37<>0,IF($C$7="Grade 6",L37+P37+T37+SUM(W37:Y37)+AA37+SUM(AC37:AE37)+AG37+AI37+AT37,IF($C$7="Grade 5",L37+P37+T37+SUM(W37:Y37)+AA37+SUM(AC37:AE37)+AG37,IF($C$7="Grade 4",L37+P37,0))),0) -> 0 | BF37: =IF($BA37<>0,IF($C$7="Grade 6",K37+AH37+AK37+AL37+AR37+AS37+AW37,IF($C$7="Grade 5",K37+AH37,IF($C$7="Grade 4",K37,0))),0) -> 0 | BG37: =IF($BA37<>0,IF($C$7="Grade 6",H37+K37+M37+S37+T37+V37+W37+Z37+AB37+AC37+SUM(AH37:AJ37)+AN37+AP37+AQ37+AS37+AT37,IF($C$7="Grade 5",H37+K37+M37+S37+T37+V37+W37+Z37+AB37+AC37+AH37,IF($C$7="Grade 4",H37+K37+M37+S37,0))),0) -> 0 | BH37: =IF($BA37<>0,IF($C$7="Grade 6",I37+J37+L37+N37+O37+R37+U37+Y37+SUM(AE37:AG37)+AK37+AM37+AO37+AU37+AV37+AW37,IF($C$7="Grade 5",I37+J37+L37+N37+O37+R37+U37+Y37+SUM(AE37:AG37),IF($C$7="Grade 4",I37+J37+L37+N37+O37+R37,0))),0) -> 0 | BI37: =IF($BA37<>0,IF($C$7="Grade 6",P37+Q37+X37+AA37+AD37+AL37+AR37,IF($C$7="Grade 5",P37+Q37+X37+AA37+AD37,IF($C$7="Grade 4",P37+Q37,0))),0) -> 0 | BN37: =IF($BA37<>"",IF(BD37/BN$9>=0.75,1,0),"") | BO37: =IF($BA37<>"",IF(BE37/BO$9>=0.75,1,0),"") | BP37: =IF($BA37<>"",IF(BF37/BP$9>=0.75,1,0),"") | BQ37: =IF($BA37<>"",IF(SUM(BD37:BF37)/BQ$9>=0.75,1,0),"") | BR37: =IF($BA37<>"",IF(BG37/BR$9>=0.75,1,0),"") | BS37: =IF($BA37<>"",IF(BH37/BS$9>=0.75,1,0),"") | BT37: =IF($BA37<>"",IF(BI37/BT$9>=0.75,1,0),"") | BU37: =IF($BA37<>"",IF(SUM(BG37:BI37)/BU$9>=0.75,1,0),"")
A38: 29 | G38: =IF(C38<>"",(F38-E38)/365,"") | AX38: =IF($C38<>"",SUM(H38:S38),"") | AY38: =IF($C38<>"",SUM(T38:AH38),"") | AZ38: =IF($C38<>"",SUM(AI38:AW38),"") | BA38: =_xlfn.IFNA(IF(AND($C$4<>"",$C$7<>"",C38<>""),IF($C$7="Grade 4",AX38,IF($C$7="Grade 5",AX38+AY38,IF($C$7="Grade 6",AX38+AY38+AZ38,0))),""),"") | BB38: =IFERROR(IF(AND(BA38>0,C38<>""),BA38/$BA$9,""),"") | BC38: =IF($BA38="","",IF($BA$9=50,IF($BA38>=45,"At Grade Level (Highly Proficient)",IF($BA38>=39,"Transitioning (Proficient)",IF($BA38>=29,"Developing (Nearly Proficient)",IF($BA38>=15,"Emerging (Low Proficient)","Emerging (Not Proficient)")))),IF($BA$9=32,IF($BA38>=27,"At Grade Level (Highly Proficient)",IF($BA38>=21,"Transitioning (Proficient)",IF($BA38>=14,"Developing (Nearly Proficient)",IF($BA38>=7,"Emerging (Low Proficient)","Emerging (Not Proficient)")))),IF($BA$9=13,IF($BA38>=11,"At Grade Level (Highly Proficient)",IF($BA38>=8,"Transitioning (Proficient)",IF($BA38>=5,"Developing (Nearly Proficient)",IF($BA38>=3,"Emerging (Low Proficient)","Emerging (Not Proficient)")))),"")))) | BD38: =IF($BA38<>0,IF($C$7="Grade 6",SUM(H38:J38)+SUM(M38:O38)+SUM(Q38:S38)+U38+V38+Z38+AB38+AF38+AJ38+SUM(AM38:AQ38)+AU38+AV38,IF($C$7="Grade 5",SUM(H38:J38)+SUM(M38:O38)+SUM(Q38:S38)+U38+V38+Z38+AB38+AF38,IF($C$7="Grade 4",SUM(H38:J38)+SUM(M38:O38)+SUM(Q38:S38),0))),0) -> 0 | BE38: =IF($BA38<>0,IF($C$7="Grade 6",L38+P38+T38+SUM(W38:Y38)+AA38+SUM(AC38:AE38)+AG38+AI38+AT38,IF($C$7="Grade 5",L38+P38+T38+SUM(W38:Y38)+AA38+SUM(AC38:AE38)+AG38,IF($C$7="Grade 4",L38+P38,0))),0) -> 0 | BF38: =IF($BA38<>0,IF($C$7="Grade 6",K38+AH38+AK38+AL38+AR38+AS38+AW38,IF($C$7="Grade 5",K38+AH38,IF($C$7="Grade 4",K38,0))),0) -> 0 | BG38: =IF($BA38<>0,IF($C$7="Grade 6",H38+K38+M38+S38+T38+V38+W38+Z38+AB38+AC38+SUM(AH38:AJ38)+AN38+AP38+AQ38+AS38+AT38,IF($C$7="Grade 5",H38+K38+M38+S38+T38+V38+W38+Z38+AB38+AC38+AH38,IF($C$7="Grade 4",H38+K38+M38+S38,0))),0) -> 0 | BH38: =IF($BA38<>0,IF($C$7="Grade 6",I38+J38+L38+N38+O38+R38+U38+Y38+SUM(AE38:AG38)+AK38+AM38+AO38+AU38+AV38+AW38,IF($C$7="Grade 5",I38+J38+L38+N38+O38+R38+U38+Y38+SUM(AE38:AG38),IF($C$7="Grade 4",I38+J38+L38+N38+O38+R38,0))),0) -> 0 | BI38: =IF($BA38<>0,IF($C$7="Grade 6",P38+Q38+X38+AA38+AD38+AL38+AR38,IF($C$7="Grade 5",P38+Q38+X38+AA38+AD38,IF($C$7="Grade 4",P38+Q38,0))),0) -> 0 | BN38: =IF($BA38<>"",IF(BD38/BN$9>=0.75,1,0),"") | BO38: =IF($BA38<>"",IF(BE38/BO$9>=0.75,1,0),"") | BP38: =IF($BA38<>"",IF(BF38/BP$9>=0.75,1,0),"") | BQ38: =IF($BA38<>"",IF(SUM(BD38:BF38)/BQ$9>=0.75,1,0),"") | BR38: =IF($BA38<>"",IF(BG38/BR$9>=0.75,1,0),"") | BS38: =IF($BA38<>"",IF(BH38/BS$9>=0.75,1,0),"") | BT38: =IF($BA38<>"",IF(BI38/BT$9>=0.75,1,0),"") | BU38: =IF($BA38<>"",IF(SUM(BG38:BI38)/BU$9>=0.75,1,0),"")
A39: 30 | G39: =IF(C39<>"",(F39-E39)/365,"") | AX39: =IF($C39<>"",SUM(H39:S39),"") | AY39: =IF($C39<>"",SUM(T39:AH39),"") | AZ39: =IF($C39<>"",SUM(AI39:AW39),"") | BA39: =_xlfn.IFNA(IF(AND($C$4<>"",$C$7<>"",C39<>""),IF($C$7="Grade 4",AX39,IF($C$7="Grade 5",AX39+AY39,IF($C$7="Grade 6",AX39+AY39+AZ39,0))),""),"") | BB39: =IFERROR(IF(AND(BA39>0,C39<>""),BA39/$BA$9,""),"") | BC39: =IF($BA39="","",IF($BA$9=50,IF($BA39>=45,"At Grade Level (Highly Proficient)",IF($BA39>=39,"Transitioning (Proficient)",IF($BA39>=29,"Developing (Nearly Proficient)",IF($BA39>=15,"Emerging (Low Proficient)","Emerging (Not Proficient)")))),IF($BA$9=32,IF($BA39>=27,"At Grade Level (Highly Proficient)",IF($BA39>=21,"Transitioning (Proficient)",IF($BA39>=14,"Developing (Nearly Proficient)",IF($BA39>=7,"Emerging (Low Proficient)","Emerging (Not Proficient)")))),IF($BA$9=13,IF($BA39>=11,"At Grade Level (Highly Proficient)",IF($BA39>=8,"Transitioning (Proficient)",IF($BA39>=5,"Developing (Nearly Proficient)",IF($BA39>=3,"Emerging (Low Proficient)","Emerging (Not Proficient)")))),"")))) | BD39: =IF($BA39<>0,IF($C$7="Grade 6",SUM(H39:J39)+SUM(M39:O39)+SUM(Q39:S39)+U39+V39+Z39+AB39+AF39+AJ39+SUM(AM39:AQ39)+AU39+AV39,IF($C$7="Grade 5",SUM(H39:J39)+SUM(M39:O39)+SUM(Q39:S39)+U39+V39+Z39+AB39+AF39,IF($C$7="Grade 4",SUM(H39:J39)+SUM(M39:O39)+SUM(Q39:S39),0))),0) -> 0 | BE39: =IF($BA39<>0,IF($C$7="Grade 6",L39+P39+T39+SUM(W39:Y39)+AA39+SUM(AC39:AE39)+AG39+AI39+AT39,IF($C$7="Grade 5",L39+P39+T39+SUM(W39:Y39)+AA39+SUM(AC39:AE39)+AG39,IF($C$7="Grade 4",L39+P39,0))),0) -> 0 | BF39: =IF($BA39<>0,IF($C$7="Grade 6",K39+AH39+AK39+AL39+AR39+AS39+AW39,IF($C$7="Grade 5",K39+AH39,IF($C$7="Grade 4",K39,0))),0) -> 0 | BG39: =IF($BA39<>0,IF($C$7="Grade 6",H39+K39+M39+S39+T39+V39+W39+Z39+AB39+AC39+SUM(AH39:AJ39)+AN39+AP39+AQ39+AS39+AT39,IF($C$7="Grade 5",H39+K39+M39+S39+T39+V39+W39+Z39+AB39+AC39+AH39,IF($C$7="Grade 4",H39+K39+M39+S39,0))),0) -> 0 | BH39: =IF($BA39<>0,IF($C$7="Grade 6",I39+J39+L39+N39+O39+R39+U39+Y39+SUM(AE39:AG39)+AK39+AM39+AO39+AU39+AV39+AW39,IF($C$7="Grade 5",I39+J39+L39+N39+O39+R39+U39+Y39+SUM(AE39:AG39),IF($C$7="Grade 4",I39+J39+L39+N39+O39+R39,0))),0) -> 0 | BI39: =IF($BA39<>0,IF($C$7="Grade 6",P39+Q39+X39+AA39+AD39+AL39+AR39,IF($C$7="Grade 5",P39+Q39+X39+AA39+AD39,IF($C$7="Grade 4",P39+Q39,0))),0) -> 0 | BN39: =IF($BA39<>"",IF(BD39/BN$9>=0.75,1,0),"") | BO39: =IF($BA39<>"",IF(BE39/BO$9>=0.75,1,0),"") | BP39: =IF($BA39<>"",IF(BF39/BP$9>=0.75,1,0),"") | BQ39: =IF($BA39<>"",IF(SUM(BD39:BF39)/BQ$9>=0.75,1,0),"") | BR39: =IF($BA39<>"",IF(BG39/BR$9>=0.75,1,0),"") | BS39: =IF($BA39<>"",IF(BH39/BS$9>=0.75,1,0),"") | BT39: =IF($BA39<>"",IF(BI39/BT$9>=0.75,1,0),"") | BU39: =IF($BA39<>"",IF(SUM(BG39:BI39)/BU$9>=0.75,1,0),"")
A40: 31 | G40: =IF(C40<>"",(F40-E40)/365,"") | AX40: =IF($C40<>"",SUM(H40:S40),"") | AY40: =IF($C40<>"",SUM(T40:AH40),"") | AZ40: =IF($C40<>"",SUM(AI40:AW40),"") | BA40: =_xlfn.IFNA(IF(AND($C$4<>"",$C$7<>"",C40<>""),IF($C$7="Grade 4",AX40,IF($C$7="Grade 5",AX40+AY40,IF($C$7="Grade 6",AX40+AY40+AZ40,0))),""),"") | BB40: =IFERROR(IF(AND(BA40>0,C40<>""),BA40/$BA$9,""),"") | BC40: =IF($BA40="","",IF($BA$9=50,IF($BA40>=45,"At Grade Level (Highly Proficient)",IF($BA40>=39,"Transitioning (Proficient)",IF($BA40>=29,"Developing (Nearly Proficient)",IF($BA40>=15,"Emerging (Low Proficient)","Emerging (Not Proficient)")))),IF($BA$9=32,IF($BA40>=27,"At Grade Level (Highly Proficient)",IF($BA40>=21,"Transitioning (Proficient)",IF($BA40>=14,"Developing (Nearly Proficient)",IF($BA40>=7,"Emerging (Low Proficient)","Emerging (Not Proficient)")))),IF($BA$9=13,IF($BA40>=11,"At Grade Level (Highly Proficient)",IF($BA40>=8,"Transitioning (Proficient)",IF($BA40>=5,"Developing (Nearly Proficient)",IF($BA40>=3,"Emerging (Low Proficient)","Emerging (Not Proficient)")))),"")))) | BD40: =IF($BA40<>0,IF($C$7="Grade 6",SUM(H40:J40)+SUM(M40:O40)+SUM(Q40:S40)+U40+V40+Z40+AB40+AF40+AJ40+SUM(AM40:AQ40)+AU40+AV40,IF($C$7="Grade 5",SUM(H40:J40)+SUM(M40:O40)+SUM(Q40:S40)+U40+V40+Z40+AB40+AF40,IF($C$7="Grade 4",SUM(H40:J40)+SUM(M40:O40)+SUM(Q40:S40),0))),0) -> 0 | BE40: =IF($BA40<>0,IF($C$7="Grade 6",L40+P40+T40+SUM(W40:Y40)+AA40+SUM(AC40:AE40)+AG40+AI40+AT40,IF($C$7="Grade 5",L40+P40+T40+SUM(W40:Y40)+AA40+SUM(AC40:AE40)+AG40,IF($C$7="Grade 4",L40+P40,0))),0) -> 0 | BF40: =IF($BA40<>0,IF($C$7="Grade 6",K40+AH40+AK40+AL40+AR40+AS40+AW40,IF($C$7="Grade 5",K40+AH40,IF($C$7="Grade 4",K40,0))),0) -> 0 | BG40: =IF($BA40<>0,IF($C$7="Grade 6",H40+K40+M40+S40+T40+V40+W40+Z40+AB40+AC40+SUM(AH40:AJ40)+AN40+AP40+AQ40+AS40+AT40,IF($C$7="Grade 5",H40+K40+M40+S40+T40+V40+W40+Z40+AB40+AC40+AH40,IF($C$7="Grade 4",H40+K40+M40+S40,0))),0) -> 0 | BH40: =IF($BA40<>0,IF($C$7="Grade 6",I40+J40+L40+N40+O40+R40+U40+Y40+SUM(AE40:AG40)+AK40+AM40+AO40+AU40+AV40+AW40,IF($C$7="Grade 5",I40+J40+L40+N40+O40+R40+U40+Y40+SUM(AE40:AG40),IF($C$7="Grade 4",I40+J40+L40+N40+O40+R40,0))),0) -> 0 | BI40: =IF($BA40<>0,IF($C$7="Grade 6",P40+Q40+X40+AA40+AD40+AL40+AR40,IF($C$7="Grade 5",P40+Q40+X40+AA40+AD40,IF($C$7="Grade 4",P40+Q40,0))),0) -> 0 | BN40: =IF($BA40<>"",IF(BD40/BN$9>=0.75,1,0),"") | BO40: =IF($BA40<>"",IF(BE40/BO$9>=0.75,1,0),"") | BP40: =IF($BA40<>"",IF(BF40/BP$9>=0.75,1,0),"") | BQ40: =IF($BA40<>"",IF(SUM(BD40:BF40)/BQ$9>=0.75,1,0),"") | BR40: =IF($BA40<>"",IF(BG40/BR$9>=0.75,1,0),"") | BS40: =IF($BA40<>"",IF(BH40/BS$9>=0.75,1,0),"") | BT40: =IF($BA40<>"",IF(BI40/BT$9>=0.75,1,0),"") | BU40: =IF($BA40<>"",IF(SUM(BG40:BI40)/BU$9>=0.75,1,0),"")
A41: 32 | G41: =IF(C41<>"",(F41-E41)/365,"") | AX41: =IF($C41<>"",SUM(H41:S41),"") | AY41: =IF($C41<>"",SUM(T41:AH41),"") | AZ41: =IF($C41<>"",SUM(AI41:AW41),"") | BA41: =_xlfn.IFNA(IF(AND($C$4<>"",$C$7<>"",C41<>""),IF($C$7="Grade 4",AX41,IF($C$7="Grade 5",AX41+AY41,IF($C$7="Grade 6",AX41+AY41+AZ41,0))),""),"") | BB41: =IFERROR(IF(AND(BA41>0,C41<>""),BA41/$BA$9,""),"") | BC41: =IF($BA41="","",IF($BA$9=50,IF($BA41>=45,"At Grade Level (Highly Proficient)",IF($BA41>=39,"Transitioning (Proficient)",IF($BA41>=29,"Developing (Nearly Proficient)",IF($BA41>=15,"Emerging (Low Proficient)","Emerging (Not Proficient)")))),IF($BA$9=32,IF($BA41>=27,"At Grade Level (Highly Proficient)",IF($BA41>=21,"Transitioning (Proficient)",IF($BA41>=14,"Developing (Nearly Proficient)",IF($BA41>=7,"Emerging (Low Proficient)","Emerging (Not Proficient)")))),IF($BA$9=13,IF($BA41>=11,"At Grade Level (Highly Proficient)",IF($BA41>=8,"Transitioning (Proficient)",IF($BA41>=5,"Developing (Nearly Proficient)",IF($BA41>=3,"Emerging (Low Proficient)","Emerging (Not Proficient)")))),"")))) | BD41: =IF($BA41<>0,IF($C$7="Grade 6",SUM(H41:J41)+SUM(M41:O41)+SUM(Q41:S41)+U41+V41+Z41+AB41+AF41+AJ41+SUM(AM41:AQ41)+AU41+AV41,IF($C$7="Grade 5",SUM(H41:J41)+SUM(M41:O41)+SUM(Q41:S41)+U41+V41+Z41+AB41+AF41,IF($C$7="Grade 4",SUM(H41:J41)+SUM(M41:O41)+SUM(Q41:S41),0))),0) -> 0 | BE41: =IF($BA41<>0,IF($C$7="Grade 6",L41+P41+T41+SUM(W41:Y41)+AA41+SUM(AC41:AE41)+AG41+AI41+AT41,IF($C$7="Grade 5",L41+P41+T41+SUM(W41:Y41)+AA41+SUM(AC41:AE41)+AG41,IF($C$7="Grade 4",L41+P41,0))),0) -> 0 | BF41: =IF($BA41<>0,IF($C$7="Grade 6",K41+AH41+AK41+AL41+AR41+AS41+AW41,IF($C$7="Grade 5",K41+AH41,IF($C$7="Grade 4",K41,0))),0) -> 0 | BG41: =IF($BA41<>0,IF($C$7="Grade 6",H41+K41+M41+S41+T41+V41+W41+Z41+AB41+AC41+SUM(AH41:AJ41)+AN41+AP41+AQ41+AS41+AT41,IF($C$7="Grade 5",H41+K41+M41+S41+T41+V41+W41+Z41+AB41+AC41+AH41,IF($C$7="Grade 4",H41+K41+M41+S41,0))),0) -> 0 | BH41: =IF($BA41<>0,IF($C$7="Grade 6",I41+J41+L41+N41+O41+R41+U41+Y41+SUM(AE41:AG41)+AK41+AM41+AO41+AU41+AV41+AW41,IF($C$7="Grade 5",I41+J41+L41+N41+O41+R41+U41+Y41+SUM(AE41:AG41),IF($C$7="Grade 4",I41+J41+L41+N41+O41+R41,0))),0) -> 0 | BI41: =IF($BA41<>0,IF($C$7="Grade 6",P41+Q41+X41+AA41+AD41+AL41+AR41,IF($C$7="Grade 5",P41+Q41+X41+AA41+AD41,IF($C$7="Grade 4",P41+Q41,0))),0) -> 0 | BN41: =IF($BA41<>"",IF(BD41/BN$9>=0.75,1,0),"") | BO41: =IF($BA41<>"",IF(BE41/BO$9>=0.75,1,0),"") | BP41: =IF($BA41<>"",IF(BF41/BP$9>=0.75,1,0),"") | BQ41: =IF($BA41<>"",IF(SUM(BD41:BF41)/BQ$9>=0.75,1,0),"") | BR41: =IF($BA41<>"",IF(BG41/BR$9>=0.75,1,0),"") | BS41: =IF($BA41<>"",IF(BH41/BS$9>=0.75,1,0),"") | BT41: =IF($BA41<>"",IF(BI41/BT$9>=0.75,1,0),"") | BU41: =IF($BA41<>"",IF(SUM(BG41:BI41)/BU$9>=0.75,1,0),"")
A42: 33 | G42: =IF(C42<>"",(F42-E42)/365,"") | AX42: =IF($C42<>"",SUM(H42:S42),"") | AY42: =IF($C42<>"",SUM(T42:AH42),"") | AZ42: =IF($C42<>"",SUM(AI42:AW42),"") | BA42: =_xlfn.IFNA(IF(AND($C$4<>"",$C$7<>"",C42<>""),IF($C$7="Grade 4",AX42,IF($C$7="Grade 5",AX42+AY42,IF($C$7="Grade 6",AX42+AY42+AZ42,0))),""),"") | BB42: =IFERROR(IF(AND(BA42>0,C42<>""),BA42/$BA$9,""),"") | BC42: =IF($BA42="","",IF($BA$9=50,IF($BA42>=45,"At Grade Level (Highly Proficient)",IF($BA42>=39,"Transitioning (Proficient)",IF($BA42>=29,"Developing (Nearly Proficient)",IF($BA42>=15,"Emerging (Low Proficient)","Emerging (Not Proficient)")))),IF($BA$9=32,IF($BA42>=27,"At Grade Level (Highly Proficient)",IF($BA42>=21,"Transitioning (Proficient)",IF($BA42>=14,"Developing (Nearly Proficient)",IF($BA42>=7,"Emerging (Low Proficient)","Emerging (Not Proficient)")))),IF($BA$9=13,IF($BA42>=11,"At Grade Level (Highly Proficient)",IF($BA42>=8,"Transitioning (Proficient)",IF($BA42>=5,"Developing (Nearly Proficient)",IF($BA42>=3,"Emerging (Low Proficient)","Emerging (Not Proficient)")))),"")))) | BD42: =IF($BA42<>0,IF($C$7="Grade 6",SUM(H42:J42)+SUM(M42:O42)+SUM(Q42:S42)+U42+V42+Z42+AB42+AF42+AJ42+SUM(AM42:AQ42)+AU42+AV42,IF($C$7="Grade 5",SUM(H42:J42)+SUM(M42:O42)+SUM(Q42:S42)+U42+V42+Z42+AB42+AF42,IF($C$7="Grade 4",SUM(H42:J42)+SUM(M42:O42)+SUM(Q42:S42),0))),0) -> 0 | BE42: =IF($BA42<>0,IF($C$7="Grade 6",L42+P42+T42+SUM(W42:Y42)+AA42+SUM(AC42:AE42)+AG42+AI42+AT42,IF($C$7="Grade 5",L42+P42+T42+SUM(W42:Y42)+AA42+SUM(AC42:AE42)+AG42,IF($C$7="Grade 4",L42+P42,0))),0) -> 0 | BF42: =IF($BA42<>0,IF($C$7="Grade 6",K42+AH42+AK42+AL42+AR42+AS42+AW42,IF($C$7="Grade 5",K42+AH42,IF($C$7="Grade 4",K42,0))),0) -> 0 | BG42: =IF($BA42<>0,IF($C$7="Grade 6",H42+K42+M42+S42+T42+V42+W42+Z42+AB42+AC42+SUM(AH42:AJ42)+AN42+AP42+AQ42+AS42+AT42,IF($C$7="Grade 5",H42+K42+M42+S42+T42+V42+W42+Z42+AB42+AC42+AH42,IF($C$7="Grade 4",H42+K42+M42+S42,0))),0) -> 0 | BH42: =IF($BA42<>0,IF($C$7="Grade 6",I42+J42+L42+N42+O42+R42+U42+Y42+SUM(AE42:AG42)+AK42+AM42+AO42+AU42+AV42+AW42,IF($C$7="Grade 5",I42+J42+L42+N42+O42+R42+U42+Y42+SUM(AE42:AG42),IF($C$7="Grade 4",I42+J42+L42+N42+O42+R42,0))),0) -> 0 | BI42: =IF($BA42<>0,IF($C$7="Grade 6",P42+Q42+X42+AA42+AD42+AL42+AR42,IF($C$7="Grade 5",P42+Q42+X42+AA42+AD42,IF($C$7="Grade 4",P42+Q42,0))),0) -> 0 | BN42: =IF($BA42<>"",IF(BD42/BN$9>=0.75,1,0),"") | BO42: =IF($BA42<>"",IF(BE42/BO$9>=0.75,1,0),"") | BP42: =IF($BA42<>"",IF(BF42/BP$9>=0.75,1,0),"") | BQ42: =IF($BA42<>"",IF(SUM(BD42:BF42)/BQ$9>=0.75,1,0),"") | BR42: =IF($BA42<>"",IF(BG42/BR$9>=0.75,1,0),"") | BS42: =IF($BA42<>"",IF(BH42/BS$9>=0.75,1,0),"") | BT42: =IF($BA42<>"",IF(BI42/BT$9>=0.75,1,0),"") | BU42: =IF($BA42<>"",IF(SUM(BG42:BI42)/BU$9>=0.75,1,0),"")
A43: 34 | G43: =IF(C43<>"",(F43-E43)/365,"") | AX43: =IF($C43<>"",SUM(H43:S43),"") | AY43: =IF($C43<>"",SUM(T43:AH43),"") | AZ43: =IF($C43<>"",SUM(AI43:AW43),"") | BA43: =_xlfn.IFNA(IF(AND($C$4<>"",$C$7<>"",C43<>""),IF($C$7="Grade 4",AX43,IF($C$7="Grade 5",AX43+AY43,IF($C$7="Grade 6",AX43+AY43+AZ43,0))),""),"") | BB43: =IFERROR(IF(AND(BA43>0,C43<>""),BA43/$BA$9,""),"") | BC43: =IF($BA43="","",IF($BA$9=50,IF($BA43>=45,"At Grade Level (Highly Proficient)",IF($BA43>=39,"Transitioning (Proficient)",IF($BA43>=29,"Developing (Nearly Proficient)",IF($BA43>=15,"Emerging (Low Proficient)","Emerging (Not Proficient)")))),IF($BA$9=32,IF($BA43>=27,"At Grade Level (Highly Proficient)",IF($BA43>=21,"Transitioning (Proficient)",IF($BA43>=14,"Developing (Nearly Proficient)",IF($BA43>=7,"Emerging (Low Proficient)","Emerging (Not Proficient)")))),IF($BA$9=13,IF($BA43>=11,"At Grade Level (Highly Proficient)",IF($BA43>=8,"Transitioning (Proficient)",IF($BA43>=5,"Developing (Nearly Proficient)",IF($BA43>=3,"Emerging (Low Proficient)","Emerging (Not Proficient)")))),"")))) | BD43: =IF($BA43<>0,IF($C$7="Grade 6",SUM(H43:J43)+SUM(M43:O43)+SUM(Q43:S43)+U43+V43+Z43+AB43+AF43+AJ43+SUM(AM43:AQ43)+AU43+AV43,IF($C$7="Grade 5",SUM(H43:J43)+SUM(M43:O43)+SUM(Q43:S43)+U43+V43+Z43+AB43+AF43,IF($C$7="Grade 4",SUM(H43:J43)+SUM(M43:O43)+SUM(Q43:S43),0))),0) -> 0 | BE43: =IF($BA43<>0,IF($C$7="Grade 6",L43+P43+T43+SUM(W43:Y43)+AA43+SUM(AC43:AE43)+AG43+AI43+AT43,IF($C$7="Grade 5",L43+P43+T43+SUM(W43:Y43)+AA43+SUM(AC43:AE43)+AG43,IF($C$7="Grade 4",L43+P43,0))),0) -> 0 | BF43: =IF($BA43<>0,IF($C$7="Grade 6",K43+AH43+AK43+AL43+AR43+AS43+AW43,IF($C$7="Grade 5",K43+AH43,IF($C$7="Grade 4",K43,0))),0) -> 0 | BG43: =IF($BA43<>0,IF($C$7="Grade 6",H43+K43+M43+S43+T43+V43+W43+Z43+AB43+AC43+SUM(AH43:AJ43)+AN43+AP43+AQ43+AS43+AT43,IF($C$7="Grade 5",H43+K43+M43+S43+T43+V43+W43+Z43+AB43+AC43+AH43,IF($C$7="Grade 4",H43+K43+M43+S43,0))),0) -> 0 | BH43: =IF($BA43<>0,IF($C$7="Grade 6",I43+J43+L43+N43+O43+R43+U43+Y43+SUM(AE43:AG43)+AK43+AM43+AO43+AU43+AV43+AW43,IF($C$7="Grade 5",I43+J43+L43+N43+O43+R43+U43+Y43+SUM(AE43:AG43),IF($C$7="Grade 4",I43+J43+L43+N43+O43+R43,0))),0) -> 0 | BI43: =IF($BA43<>0,IF($C$7="Grade 6",P43+Q43+X43+AA43+AD43+AL43+AR43,IF($C$7="Grade 5",P43+Q43+X43+AA43+AD43,IF($C$7="Grade 4",P43+Q43,0))),0) -> 0 | BN43: =IF($BA43<>"",IF(BD43/BN$9>=0.75,1,0),"") | BO43: =IF($BA43<>"",IF(BE43/BO$9>=0.75,1,0),"") | BP43: =IF($BA43<>"",IF(BF43/BP$9>=0.75,1,0),"") | BQ43: =IF($BA43<>"",IF(SUM(BD43:BF43)/BQ$9>=0.75,1,0),"") | BR43: =IF($BA43<>"",IF(BG43/BR$9>=0.75,1,0),"") | BS43: =IF($BA43<>"",IF(BH43/BS$9>=0.75,1,0),"") | BT43: =IF($BA43<>"",IF(BI43/BT$9>=0.75,1,0),"") | BU43: =IF($BA43<>"",IF(SUM(BG43:BI43)/BU$9>=0.75,1,0),"")
A44: 35 | G44: =IF(C44<>"",(F44-E44)/365,"") | AX44: =IF($C44<>"",SUM(H44:S44),"") | AY44: =IF($C44<>"",SUM(T44:AH44),"") | AZ44: =IF($C44<>"",SUM(AI44:AW44),"") | BA44: =_xlfn.IFNA(IF(AND($C$4<>"",$C$7<>"",C44<>""),IF($C$7="Grade 4",AX44,IF($C$7="Grade 5",AX44+AY44,IF($C$7="Grade 6",AX44+AY44+AZ44,0))),""),"") | BB44: =IFERROR(IF(AND(BA44>0,C44<>""),BA44/$BA$9,""),"") | BC44: =IF($BA44="","",IF($BA$9=50,IF($BA44>=45,"At Grade Level (Highly Proficient)",IF($BA44>=39,"Transitioning (Proficient)",IF($BA44>=29,"Developing (Nearly Proficient)",IF($BA44>=15,"Emerging (Low Proficient)","Emerging (Not Proficient)")))),IF($BA$9=32,IF($BA44>=27,"At Grade Level (Highly Proficient)",IF($BA44>=21,"Transitioning (Proficient)",IF($BA44>=14,"Developing (Nearly Proficient)",IF($BA44>=7,"Emerging (Low Proficient)","Emerging (Not Proficient)")))),IF($BA$9=13,IF($BA44>=11,"At Grade Level (Highly Proficient)",IF($BA44>=8,"Transitioning (Proficient)",IF($BA44>=5,"Developing (Nearly Proficient)",IF($BA44>=3,"Emerging (Low Proficient)","Emerging (Not Proficient)")))),"")))) | BD44: =IF($BA44<>0,IF($C$7="Grade 6",SUM(H44:J44)+SUM(M44:O44)+SUM(Q44:S44)+U44+V44+Z44+AB44+AF44+AJ44+SUM(AM44:AQ44)+AU44+AV44,IF($C$7="Grade 5",SUM(H44:J44)+SUM(M44:O44)+SUM(Q44:S44)+U44+V44+Z44+AB44+AF44,IF($C$7="Grade 4",SUM(H44:J44)+SUM(M44:O44)+SUM(Q44:S44),0))),0) -> 0 | BE44: =IF($BA44<>0,IF($C$7="Grade 6",L44+P44+T44+SUM(W44:Y44)+AA44+SUM(AC44:AE44)+AG44+AI44+AT44,IF($C$7="Grade 5",L44+P44+T44+SUM(W44:Y44)+AA44+SUM(AC44:AE44)+AG44,IF($C$7="Grade 4",L44+P44,0))),0) -> 0 | BF44: =IF($BA44<>0,IF($C$7="Grade 6",K44+AH44+AK44+AL44+AR44+AS44+AW44,IF($C$7="Grade 5",K44+AH44,IF($C$7="Grade 4",K44,0))),0) -> 0 | BG44: =IF($BA44<>0,IF($C$7="Grade 6",H44+K44+M44+S44+T44+V44+W44+Z44+AB44+AC44+SUM(AH44:AJ44)+AN44+AP44+AQ44+AS44+AT44,IF($C$7="Grade 5",H44+K44+M44+S44+T44+V44+W44+Z44+AB44+AC44+AH44,IF($C$7="Grade 4",H44+K44+M44+S44,0))),0) -> 0 | BH44: =IF($BA44<>0,IF($C$7="Grade 6",I44+J44+L44+N44+O44+R44+U44+Y44+SUM(AE44:AG44)+AK44+AM44+AO44+AU44+AV44+AW44,IF($C$7="Grade 5",I44+J44+L44+N44+O44+R44+U44+Y44+SUM(AE44:AG44),IF($C$7="Grade 4",I44+J44+L44+N44+O44+R44,0))),0) -> 0 | BI44: =IF($BA44<>0,IF($C$7="Grade 6",P44+Q44+X44+AA44+AD44+AL44+AR44,IF($C$7="Grade 5",P44+Q44+X44+AA44+AD44,IF($C$7="Grade 4",P44+Q44,0))),0) -> 0 | BN44: =IF($BA44<>"",IF(BD44/BN$9>=0.75,1,0),"") | BO44: =IF($BA44<>"",IF(BE44/BO$9>=0.75,1,0),"") | BP44: =IF($BA44<>"",IF(BF44/BP$9>=0.75,1,0),"") | BQ44: =IF($BA44<>"",IF(SUM(BD44:BF44)/BQ$9>=0.75,1,0),"") | BR44: =IF($BA44<>"",IF(BG44/BR$9>=0.75,1,0),"") | BS44: =IF($BA44<>"",IF(BH44/BS$9>=0.75,1,0),"") | BT44: =IF($BA44<>"",IF(BI44/BT$9>=0.75,1,0),"") | BU44: =IF($BA44<>"",IF(SUM(BG44:BI44)/BU$9>=0.75,1,0),"")
A45: 36 | G45: =IF(C45<>"",(F45-E45)/365,"") | AX45: =IF($C45<>"",SUM(H45:S45),"") | AY45: =IF($C45<>"",SUM(T45:AH45),"") | AZ45: =IF($C45<>"",SUM(AI45:AW45),"") | BA45: =_xlfn.IFNA(IF(AND($C$4<>"",$C$7<>"",C45<>""),IF($C$7="Grade 4",AX45,IF($C$7="Grade 5",AX45+AY45,IF($C$7="Grade 6",AX45+AY45+AZ45,0))),""),"") | BB45: =IFERROR(IF(AND(BA45>0,C45<>""),BA45/$BA$9,""),"") | BC45: =IF($BA45="","",IF($BA$9=50,IF($BA45>=45,"At Grade Level (Highly Proficient)",IF($BA45>=39,"Transitioning (Proficient)",IF($BA45>=29,"Developing (Nearly Proficient)",IF($BA45>=15,"Emerging (Low Proficient)","Emerging (Not Proficient)")))),IF($BA$9=32,IF($BA45>=27,"At Grade Level (Highly Proficient)",IF($BA45>=21,"Transitioning (Proficient)",IF($BA45>=14,"Developing (Nearly Proficient)",IF($BA45>=7,"Emerging (Low Proficient)","Emerging (Not Proficient)")))),IF($BA$9=13,IF($BA45>=11,"At Grade Level (Highly Proficient)",IF($BA45>=8,"Transitioning (Proficient)",IF($BA45>=5,"Developing (Nearly Proficient)",IF($BA45>=3,"Emerging (Low Proficient)","Emerging (Not Proficient)")))),"")))) | BD45: =IF($BA45<>0,IF($C$7="Grade 6",SUM(H45:J45)+SUM(M45:O45)+SUM(Q45:S45)+U45+V45+Z45+AB45+AF45+AJ45+SUM(AM45:AQ45)+AU45+AV45,IF($C$7="Grade 5",SUM(H45:J45)+SUM(M45:O45)+SUM(Q45:S45)+U45+V45+Z45+AB45+AF45,IF($C$7="Grade 4",SUM(H45:J45)+SUM(M45:O45)+SUM(Q45:S45),0))),0) -> 0 | BE45: =IF($BA45<>0,IF($C$7="Grade 6",L45+P45+T45+SUM(W45:Y45)+AA45+SUM(AC45:AE45)+AG45+AI45+AT45,IF($C$7="Grade 5",L45+P45+T45+SUM(W45:Y45)+AA45+SUM(AC45:AE45)+AG45,IF($C$7="Grade 4",L45+P45,0))),0) -> 0 | BF45: =IF($BA45<>0,IF($C$7="Grade 6",K45+AH45+AK45+AL45+AR45+AS45+AW45,IF($C$7="Grade 5",K45+AH45,IF($C$7="Grade 4",K45,0))),0) -> 0 | BG45: =IF($BA45<>0,IF($C$7="Grade 6",H45+K45+M45+S45+T45+V45+W45+Z45+AB45+AC45+SUM(AH45:AJ45)+AN45+AP45+AQ45+AS45+AT45,IF($C$7="Grade 5",H45+K45+M45+S45+T45+V45+W45+Z45+AB45+AC45+AH45,IF($C$7="Grade 4",H45+K45+M45+S45,0))),0) -> 0 | BH45: =IF($BA45<>0,IF($C$7="Grade 6",I45+J45+L45+N45+O45+R45+U45+Y45+SUM(AE45:AG45)+AK45+AM45+AO45+AU45+AV45+AW45,IF($C$7="Grade 5",I45+J45+L45+N45+O45+R45+U45+Y45+SUM(AE45:AG45),IF($C$7="Grade 4",I45+J45+L45+N45+O45+R45,0))),0) -> 0 | BI45: =IF($BA45<>0,IF($C$7="Grade 6",P45+Q45+X45+AA45+AD45+AL45+AR45,IF($C$7="Grade 5",P45+Q45+X45+AA45+AD45,IF($C$7="Grade 4",P45+Q45,0))),0) -> 0 | BN45: =IF($BA45<>"",IF(BD45/BN$9>=0.75,1,0),"") | BO45: =IF($BA45<>"",IF(BE45/BO$9>=0.75,1,0),"") | BP45: =IF($BA45<>"",IF(BF45/BP$9>=0.75,1,0),"") | BQ45: =IF($BA45<>"",IF(SUM(BD45:BF45)/BQ$9>=0.75,1,0),"") | BR45: =IF($BA45<>"",IF(BG45/BR$9>=0.75,1,0),"") | BS45: =IF($BA45<>"",IF(BH45/BS$9>=0.75,1,0),"") | BT45: =IF($BA45<>"",IF(BI45/BT$9>=0.75,1,0),"") | BU45: =IF($BA45<>"",IF(SUM(BG45:BI45)/BU$9>=0.75,1,0),"")
... A68: 59 | G68: =IF(C68<>"",(F68-E68)/365,"") | AX68: =IF($C68<>"",SUM(H68:S68),"") | AY68: =IF($C68<>"",SUM(T68:AH68),"") | AZ68: =IF($C68<>"",SUM(AI68:AW68),"") | BA68: =_xlfn.IFNA(IF(AND($C$4<>"",$C$7<>"",C68<>""),IF($C$7="Grade 4",AX68,IF($C$7="Grade 5",AX68+AY68,IF($C$7="Grade 6",AX68+AY68+AZ68,0))),""),"") | BB68: =IFERROR(IF(AND(BA68>0,C68<>""),BA68/$BA$9,""),"") | BC68: =IF($BA68="","",IF($BA$9=50,IF($BA68>=45,"At Grade Level (Highly Proficient)",IF($BA68>=39,"Transitioning (Proficient)",IF($BA68>=29,"Developing (Nearly Proficient)",IF($BA68>=15,"Emerging (Low Proficient)","Emerging (Not Proficient)")))),IF($BA$9=32,IF($BA68>=27,"At Grade Level (Highly Proficient)",IF($BA68>=21,"Transitioning (Proficient)",IF($BA68>=14,"Developing (Nearly Proficient)",IF($BA68>=7,"Emerging (Low Proficient)","Emerging (Not Proficient)")))),IF($BA$9=13,IF($BA68>=11,"At Grade Level (Highly Proficient)",IF($BA68>=8,"Transitioning (Proficient)",IF($BA68>=5,"Developing (Nearly Proficient)",IF($BA68>=3,"Emerging (Low Proficient)","Emerging (Not Proficient)")))),"")))) | BD68: =IF($BA68<>0,IF($C$7="Grade 6",SUM(H68:J68)+SUM(M68:O68)+SUM(Q68:S68)+U68+V68+Z68+AB68+AF68+AJ68+SUM(AM68:AQ68)+AU68+AV68,IF($C$7="Grade 5",SUM(H68:J68)+SUM(M68:O68)+SUM(Q68:S68)+U68+V68+Z68+AB68+AF68,IF($C$7="Grade 4",SUM(H68:J68)+SUM(M68:O68)+SUM(Q68:S68),0))),0) -> 0 | BE68: =IF($BA68<>0,IF($C$7="Grade 6",L68+P68+T68+SUM(W68:Y68)+AA68+SUM(AC68:AE68)+AG68+AI68+AT68,IF($C$7="Grade 5",L68+P68+T68+SUM(W68:Y68)+AA68+SUM(AC68:AE68)+AG68,IF($C$7="Grade 4",L68+P68,0))),0) -> 0 | BF68: =IF($BA68<>0,IF($C$7="Grade 6",K68+AH68+AK68+AL68+AR68+AS68+AW68,IF($C$7="Grade 5",K68+AH68,IF($C$7="Grade 4",K68,0))),0) -> 0 | BG68: =IF($BA68<>0,IF($C$7="Grade 6",H68+K68+M68+S68+T68+V68+W68+Z68+AB68+AC68+SUM(AH68:AJ68)+AN68+AP68+AQ68+AS68+AT68,IF($C$7="Grade 5",H68+K68+M68+S68+T68+V68+W68+Z68+AB68+AC68+AH68,IF($C$7="Grade 4",H68+K68+M68+S68,0))),0) -> 0 | BH68: =IF($BA68<>0,IF($C$7="Grade 6",I68+J68+L68+N68+O68+R68+U68+Y68+SUM(AE68:AG68)+AK68+AM68+AO68+AU68+AV68+AW68,IF($C$7="Grade 5",I68+J68+L68+N68+O68+R68+U68+Y68+SUM(AE68:AG68),IF($C$7="Grade 4",I68+J68+L68+N68+O68+R68,0))),0) -> 0 | BI68: =IF($BA68<>0,IF($C$7="Grade 6",P68+Q68+X68+AA68+AD68+AL68+AR68,IF($C$7="Grade 5",P68+Q68+X68+AA68+AD68,IF($C$7="Grade 4",P68+Q68,0))),0) -> 0 | BN68: =IF($BA68<>"",IF(BD68/BN$9>=0.75,1,0),"") | BO68: =IF($BA68<>"",IF(BE68/BO$9>=0.75,1,0),"") | BP68: =IF($BA68<>"",IF(BF68/BP$9>=0.75,1,0),"") | BQ68: =IF($BA68<>"",IF(SUM(BD68:BF68)/BQ$9>=0.75,1,0),"") | BR68: =IF($BA68<>"",IF(BG68/BR$9>=0.75,1,0),"") | BS68: =IF($BA68<>"",IF(BH68/BS$9>=0.75,1,0),"") | BT68: =IF($BA68<>"",IF(BI68/BT$9>=0.75,1,0),"") | BU68: =IF($BA68<>"",IF(SUM(BG68:BI68)/BU$9>=0.75,1,0),"")
A69: =A68+1 -> 60 | G69: =IF(C69<>"",(F69-E69)/365,"") | AX69: =IF($C69<>"",SUM(H69:S69),"") | AY69: =IF($C69<>"",SUM(T69:AH69),"") | AZ69: =IF($C69<>"",SUM(AI69:AW69),"") | BA69: =_xlfn.IFNA(IF(AND($C$4<>"",$C$7<>"",C69<>""),IF($C$7="Grade 4",AX69,IF($C$7="Grade 5",AX69+AY69,IF($C$7="Grade 6",AX69+AY69+AZ69,0))),""),"") | BB69: =IFERROR(IF(AND(BA69>0,C69<>""),BA69/$BA$9,""),"") | BC69: =IF($BA69="","",IF($BA$9=50,IF($BA69>=45,"At Grade Level (Highly Proficient)",IF($BA69>=39,"Transitioning (Proficient)",IF($BA69>=29,"Developing (Nearly Proficient)",IF($BA69>=15,"Emerging (Low Proficient)","Emerging (Not Proficient)")))),IF($BA$9=32,IF($BA69>=27,"At Grade Level (Highly Proficient)",IF($BA69>=21,"Transitioning (Proficient)",IF($BA69>=14,"Developing (Nearly Proficient)",IF($BA69>=7,"Emerging (Low Proficient)","Emerging (Not Proficient)")))),IF($BA$9=13,IF($BA69>=11,"At Grade Level (Highly Proficient)",IF($BA69>=8,"Transitioning (Proficient)",IF($BA69>=5,"Developing (Nearly Proficient)",IF($BA69>=3,"Emerging (Low Proficient)","Emerging (Not Proficient)")))),"")))) | BD69: =IF($BA69<>0,IF($C$7="Grade 6",SUM(H69:J69)+SUM(M69:O69)+SUM(Q69:S69)+U69+V69+Z69+AB69+AF69+AJ69+SUM(AM69:AQ69)+AU69+AV69,IF($C$7="Grade 5",SUM(H69:J69)+SUM(M69:O69)+SUM(Q69:S69)+U69+V69+Z69+AB69+AF69,IF($C$7="Grade 4",SUM(H69:J69)+SUM(M69:O69)+SUM(Q69:S69),0))),0) -> 0 | BE69: =IF($BA69<>0,IF($C$7="Grade 6",L69+P69+T69+SUM(W69:Y69)+AA69+SUM(AC69:AE69)+AG69+AI69+AT69,IF($C$7="Grade 5",L69+P69+T69+SUM(W69:Y69)+AA69+SUM(AC69:AE69)+AG69,IF($C$7="Grade 4",L69+P69,0))),0) -> 0 | BF69: =IF($BA69<>0,IF($C$7="Grade 6",K69+AH69+AK69+AL69+AR69+AS69+AW69,IF($C$7="Grade 5",K69+AH69,IF($C$7="Grade 4",K69,0))),0) -> 0 | BG69: =IF($BA69<>0,IF($C$7="Grade 6",H69+K69+M69+S69+T69+V69+W69+Z69+AB69+AC69+SUM(AH69:AJ69)+AN69+AP69+AQ69+AS69+AT69,IF($C$7="Grade 5",H69+K69+M69+S69+T69+V69+W69+Z69+AB69+AC69+AH69,IF($C$7="Grade 4",H69+K69+M69+S69,0))),0) -> 0 | BH69: =IF($BA69<>0,IF($C$7="Grade 6",I69+J69+L69+N69+O69+R69+U69+Y69+SUM(AE69:AG69)+AK69+AM69+AO69+AU69+AV69+AW69,IF($C$7="Grade 5",I69+J69+L69+N69+O69+R69+U69+Y69+SUM(AE69:AG69),IF($C$7="Grade 4",I69+J69+L69+N69+O69+R69,0))),0) -> 0 | BI69: =IF($BA69<>0,IF($C$7="Grade 6",P69+Q69+X69+AA69+AD69+AL69+AR69,IF($C$7="Grade 5",P69+Q69+X69+AA69+AD69,IF($C$7="Grade 4",P69+Q69,0))),0) -> 0 | BN69: =IF($BA69<>"",IF(BD69/BN$9>=0.75,1,0),"") | BO69: =IF($BA69<>"",IF(BE69/BO$9>=0.75,1,0),"") | BP69: =IF($BA69<>"",IF(BF69/BP$9>=0.75,1,0),"") | BQ69: =IF($BA69<>"",IF(SUM(BD69:BF69)/BQ$9>=0.75,1,0),"") | BR69: =IF($BA69<>"",IF(BG69/BR$9>=0.75,1,0),"") | BS69: =IF($BA69<>"",IF(BH69/BS$9>=0.75,1,0),"") | BT69: =IF($BA69<>"",IF(BI69/BT$9>=0.75,1,0),"") | BU69: =IF($BA69<>"",IF(SUM(BG69:BI69)/BU$9>=0.75,1,0),"")
A70: =A69+1 -> 61 | G70: =IF(C70<>"",(F70-E70)/365,"") | AX70: =IF($C70<>"",SUM(H70:S70),"") | AY70: =IF($C70<>"",SUM(T70:AH70),"") | AZ70: =IF($C70<>"",SUM(AI70:AW70),"") | BA70: =_xlfn.IFNA(IF(AND($C$4<>"",$C$7<>"",C70<>""),IF($C$7="Grade 4",AX70,IF($C$7="Grade 5",AX70+AY70,IF($C$7="Grade 6",AX70+AY70+AZ70,0))),""),"") | BB70: =IFERROR(IF(AND(BA70>0,C70<>""),BA70/$BA$9,""),"") | BC70: =IF($BA70="","",IF($BA$9=50,IF($BA70>=45,"At Grade Level (Highly Proficient)",IF($BA70>=39,"Transitioning (Proficient)",IF($BA70>=29,"Developing (Nearly Proficient)",IF($BA70>=15,"Emerging (Low Proficient)","Emerging (Not Proficient)")))),IF($BA$9=32,IF($BA70>=27,"At Grade Level (Highly Proficient)",IF($BA70>=21,"Transitioning (Proficient)",IF($BA70>=14,"Developing (Nearly Proficient)",IF($BA70>=7,"Emerging (Low Proficient)","Emerging (Not Proficient)")))),IF($BA$9=13,IF($BA70>=11,"At Grade Level (Highly Proficient)",IF($BA70>=8,"Transitioning (Proficient)",IF($BA70>=5,"Developing (Nearly Proficient)",IF($BA70>=3,"Emerging (Low Proficient)","Emerging (Not Proficient)")))),"")))) | BD70: =IF($BA70<>0,IF($C$7="Grade 6",SUM(H70:J70)+SUM(M70:O70)+SUM(Q70:S70)+U70+V70+Z70+AB70+AF70+AJ70+SUM(AM70:AQ70)+AU70+AV70,IF($C$7="Grade 5",SUM(H70:J70)+SUM(M70:O70)+SUM(Q70:S70)+U70+V70+Z70+AB70+AF70,IF($C$7="Grade 4",SUM(H70:J70)+SUM(M70:O70)+SUM(Q70:S70),0))),0) -> 0 | BE70: =IF($BA70<>0,IF($C$7="Grade 6",L70+P70+T70+SUM(W70:Y70)+AA70+SUM(AC70:AE70)+AG70+AI70+AT70,IF($C$7="Grade 5",L70+P70+T70+SUM(W70:Y70)+AA70+SUM(AC70:AE70)+AG70,IF($C$7="Grade 4",L70+P70,0))),0) -> 0 | BF70: =IF($BA70<>0,IF($C$7="Grade 6",K70+AH70+AK70+AL70+AR70+AS70+AW70,IF($C$7="Grade 5",K70+AH70,IF($C$7="Grade 4",K70,0))),0) -> 0 | BG70: =IF($BA70<>0,IF($C$7="Grade 6",H70+K70+M70+S70+T70+V70+W70+Z70+AB70+AC70+SUM(AH70:AJ70)+AN70+AP70+AQ70+AS70+AT70,IF($C$7="Grade 5",H70+K70+M70+S70+T70+V70+W70+Z70+AB70+AC70+AH70,IF($C$7="Grade 4",H70+K70+M70+S70,0))),0) -> 0 | BH70: =IF($BA70<>0,IF($C$7="Grade 6",I70+J70+L70+N70+O70+R70+U70+Y70+SUM(AE70:AG70)+AK70+AM70+AO70+AU70+AV70+AW70,IF($C$7="Grade 5",I70+J70+L70+N70+O70+R70+U70+Y70+SUM(AE70:AG70),IF($C$7="Grade 4",I70+J70+L70+N70+O70+R70,0))),0) -> 0 | BI70: =IF($BA70<>0,IF($C$7="Grade 6",P70+Q70+X70+AA70+AD70+AL70+AR70,IF($C$7="Grade 5",P70+Q70+X70+AA70+AD70,IF($C$7="Grade 4",P70+Q70,0))),0) -> 0 | BN70: =IF($BA70<>"",IF(BD70/BN$9>=0.75,1,0),"") | BO70: =IF($BA70<>"",IF(BE70/BO$9>=0.75,1,0),"") | BP70: =IF($BA70<>"",IF(BF70/BP$9>=0.75,1,0),"") | BQ70: =IF($BA70<>"",IF(SUM(BD70:BF70)/BQ$9>=0.75,1,0),"") | BR70: =IF($BA70<>"",IF(BG70/BR$9>=0.75,1,0),"") | BS70: =IF($BA70<>"",IF(BH70/BS$9>=0.75,1,0),"") | BT70: =IF($BA70<>"",IF(BI70/BT$9>=0.75,1,0),"") | BU70: =IF($BA70<>"",IF(SUM(BG70:BI70)/BU$9>=0.75,1,0),"")
A71: =A70+1 -> 62 | G71: =IF(C71<>"",(F71-E71)/365,"") | AX71: =IF($C71<>"",SUM(H71:S71),"") | AY71: =IF($C71<>"",SUM(T71:AH71),"") | AZ71: =IF($C71<>"",SUM(AI71:AW71),"") | BA71: =_xlfn.IFNA(IF(AND($C$4<>"",$C$7<>"",C71<>""),IF($C$7="Grade 4",AX71,IF($C$7="Grade 5",AX71+AY71,IF($C$7="Grade 6",AX71+AY71+AZ71,0))),""),"") | BB71: =IFERROR(IF(AND(BA71>0,C71<>""),BA71/$BA$9,""),"") | BC71: =IF($BA71="","",IF($BA$9=50,IF($BA71>=45,"At Grade Level (Highly Proficient)",IF($BA71>=39,"Transitioning (Proficient)",IF($BA71>=29,"Developing (Nearly Proficient)",IF($BA71>=15,"Emerging (Low Proficient)","Emerging (Not Proficient)")))),IF($BA$9=32,IF($BA71>=27,"At Grade Level (Highly Proficient)",IF($BA71>=21,"Transitioning (Proficient)",IF($BA71>=14,"Developing (Nearly Proficient)",IF($BA71>=7,"Emerging (Low Proficient)","Emerging (Not Proficient)")))),IF($BA$9=13,IF($BA71>=11,"At Grade Level (Highly Proficient)",IF($BA71>=8,"Transitioning (Proficient)",IF($BA71>=5,"Developing (Nearly Proficient)",IF($BA71>=3,"Emerging (Low Proficient)","Emerging (Not Proficient)")))),"")))) | BD71: =IF($BA71<>0,IF($C$7="Grade 6",SUM(H71:J71)+SUM(M71:O71)+SUM(Q71:S71)+U71+V71+Z71+AB71+AF71+AJ71+SUM(AM71:AQ71)+AU71+AV71,IF($C$7="Grade 5",SUM(H71:J71)+SUM(M71:O71)+SUM(Q71:S71)+U71+V71+Z71+AB71+AF71,IF($C$7="Grade 4",SUM(H71:J71)+SUM(M71:O71)+SUM(Q71:S71),0))),0) -> 0 | BE71: =IF($BA71<>0,IF($C$7="Grade 6",L71+P71+T71+SUM(W71:Y71)+AA71+SUM(AC71:AE71)+AG71+AI71+AT71,IF($C$7="Grade 5",L71+P71+T71+SUM(W71:Y71)+AA71+SUM(AC71:AE71)+AG71,IF($C$7="Grade 4",L71+P71,0))),0) -> 0 | BF71: =IF($BA71<>0,IF($C$7="Grade 6",K71+AH71+AK71+AL71+AR71+AS71+AW71,IF($C$7="Grade 5",K71+AH71,IF($C$7="Grade 4",K71,0))),0) -> 0 | BG71: =IF($BA71<>0,IF($C$7="Grade 6",H71+K71+M71+S71+T71+V71+W71+Z71+AB71+AC71+SUM(AH71:AJ71)+AN71+AP71+AQ71+AS71+AT71,IF($C$7="Grade 5",H71+K71+M71+S71+T71+V71+W71+Z71+AB71+AC71+AH71,IF($C$7="Grade 4",H71+K71+M71+S71,0))),0) -> 0 | BH71: =IF($BA71<>0,IF($C$7="Grade 6",I71+J71+L71+N71+O71+R71+U71+Y71+SUM(AE71:AG71)+AK71+AM71+AO71+AU71+AV71+AW71,IF($C$7="Grade 5",I71+J71+L71+N71+O71+R71+U71+Y71+SUM(AE71:AG71),IF($C$7="Grade 4",I71+J71+L71+N71+O71+R71,0))),0) -> 0 | BI71: =IF($BA71<>0,IF($C$7="Grade 6",P71+Q71+X71+AA71+AD71+AL71+AR71,IF($C$7="Grade 5",P71+Q71+X71+AA71+AD71,IF($C$7="Grade 4",P71+Q71,0))),0) -> 0 | BN71: =IF($BA71<>"",IF(BD71/BN$9>=0.75,1,0),"") | BO71: =IF($BA71<>"",IF(BE71/BO$9>=0.75,1,0),"") | BP71: =IF($BA71<>"",IF(BF71/BP$9>=0.75,1,0),"") | BQ71: =IF($BA71<>"",IF(SUM(BD71:BF71)/BQ$9>=0.75,1,0),"") | BR71: =IF($BA71<>"",IF(BG71/BR$9>=0.75,1,0),"") | BS71: =IF($BA71<>"",IF(BH71/BS$9>=0.75,1,0),"") | BT71: =IF($BA71<>"",IF(BI71/BT$9>=0.75,1,0),"") | BU71: =IF($BA71<>"",IF(SUM(BG71:BI71)/BU$9>=0.75,1,0),"")
A72: =A71+1 -> 63 | G72: =IF(C72<>"",(F72-E72)/365,"") | AX72: =IF($C72<>"",SUM(H72:S72),"") | AY72: =IF($C72<>"",SUM(T72:AH72),"") | AZ72: =IF($C72<>"",SUM(AI72:AW72),"") | BA72: =_xlfn.IFNA(IF(AND($C$4<>"",$C$7<>"",C72<>""),IF($C$7="Grade 4",AX72,IF($C$7="Grade 5",AX72+AY72,IF($C$7="Grade 6",AX72+AY72+AZ72,0))),""),"") | BB72: =IFERROR(IF(AND(BA72>0,C72<>""),BA72/$BA$9,""),"") | BC72: =IF($BA72="","",IF($BA$9=50,IF($BA72>=45,"At Grade Level (Highly Proficient)",IF($BA72>=39,"Transitioning (Proficient)",IF($BA72>=29,"Developing (Nearly Proficient)",IF($BA72>=15,"Emerging (Low Proficient)","Emerging (Not Proficient)")))),IF($BA$9=32,IF($BA72>=27,"At Grade Level (Highly Proficient)",IF($BA72>=21,"Transitioning (Proficient)",IF($BA72>=14,"Developing (Nearly Proficient)",IF($BA72>=7,"Emerging (Low Proficient)","Emerging (Not Proficient)")))),IF($BA$9=13,IF($BA72>=11,"At Grade Level (Highly Proficient)",IF($BA72>=8,"Transitioning (Proficient)",IF($BA72>=5,"Developing (Nearly Proficient)",IF($BA72>=3,"Emerging (Low Proficient)","Emerging (Not Proficient)")))),"")))) | BD72: =IF($BA72<>0,IF($C$7="Grade 6",SUM(H72:J72)+SUM(M72:O72)+SUM(Q72:S72)+U72+V72+Z72+AB72+AF72+AJ72+SUM(AM72:AQ72)+AU72+AV72,IF($C$7="Grade 5",SUM(H72:J72)+SUM(M72:O72)+SUM(Q72:S72)+U72+V72+Z72+AB72+AF72,IF($C$7="Grade 4",SUM(H72:J72)+SUM(M72:O72)+SUM(Q72:S72),0))),0) -> 0 | BE72: =IF($BA72<>0,IF($C$7="Grade 6",L72+P72+T72+SUM(W72:Y72)+AA72+SUM(AC72:AE72)+AG72+AI72+AT72,IF($C$7="Grade 5",L72+P72+T72+SUM(W72:Y72)+AA72+SUM(AC72:AE72)+AG72,IF($C$7="Grade 4",L72+P72,0))),0) -> 0 | BF72: =IF($BA72<>0,IF($C$7="Grade 6",K72+AH72+AK72+AL72+AR72+AS72+AW72,IF($C$7="Grade 5",K72+AH72,IF($C$7="Grade 4",K72,0))),0) -> 0 | BG72: =IF($BA72<>0,IF($C$7="Grade 6",H72+K72+M72+S72+T72+V72+W72+Z72+AB72+AC72+SUM(AH72:AJ72)+AN72+AP72+AQ72+AS72+AT72,IF($C$7="Grade 5",H72+K72+M72+S72+T72+V72+W72+Z72+AB72+AC72+AH72,IF($C$7="Grade 4",H72+K72+M72+S72,0))),0) -> 0 | BH72: =IF($BA72<>0,IF($C$7="Grade 6",I72+J72+L72+N72+O72+R72+U72+Y72+SUM(AE72:AG72)+AK72+AM72+AO72+AU72+AV72+AW72,IF($C$7="Grade 5",I72+J72+L72+N72+O72+R72+U72+Y72+SUM(AE72:AG72),IF($C$7="Grade 4",I72+J72+L72+N72+O72+R72,0))),0) -> 0 | BI72: =IF($BA72<>0,IF($C$7="Grade 6",P72+Q72+X72+AA72+AD72+AL72+AR72,IF($C$7="Grade 5",P72+Q72+X72+AA72+AD72,IF($C$7="Grade 4",P72+Q72,0))),0) -> 0 | BN72: =IF($BA72<>"",IF(BD72/BN$9>=0.75,1,0),"") | BO72: =IF($BA72<>"",IF(BE72/BO$9>=0.75,1,0),"") | BP72: =IF($BA72<>"",IF(BF72/BP$9>=0.75,1,0),"") | BQ72: =IF($BA72<>"",IF(SUM(BD72:BF72)/BQ$9>=0.75,1,0),"") | BR72: =IF($BA72<>"",IF(BG72/BR$9>=0.75,1,0),"") | BS72: =IF($BA72<>"",IF(BH72/BS$9>=0.75,1,0),"") | BT72: =IF($BA72<>"",IF(BI72/BT$9>=0.75,1,0),"") | BU72: =IF($BA72<>"",IF(SUM(BG72:BI72)/BU$9>=0.75,1,0),"")
A73: =A72+1 -> 64 | G73: =IF(C73<>"",(F73-E73)/365,"") | AX73: =IF($C73<>"",SUM(H73:S73),"") | AY73: =IF($C73<>"",SUM(T73:AH73),"") | AZ73: =IF($C73<>"",SUM(AI73:AW73),"") | BA73: =_xlfn.IFNA(IF(AND($C$4<>"",$C$7<>"",C73<>""),IF($C$7="Grade 4",AX73,IF($C$7="Grade 5",AX73+AY73,IF($C$7="Grade 6",AX73+AY73+AZ73,0))),""),"") | BB73: =IFERROR(IF(AND(BA73>0,C73<>""),BA73/$BA$9,""),"") | BC73: =IF($BA73="","",IF($BA$9=50,IF($BA73>=45,"At Grade Level (Highly Proficient)",IF($BA73>=39,"Transitioning (Proficient)",IF($BA73>=29,"Developing (Nearly Proficient)",IF($BA73>=15,"Emerging (Low Proficient)","Emerging (Not Proficient)")))),IF($BA$9=32,IF($BA73>=27,"At Grade Level (Highly Proficient)",IF($BA73>=21,"Transitioning (Proficient)",IF($BA73>=14,"Developing (Nearly Proficient)",IF($BA73>=7,"Emerging (Low Proficient)","Emerging (Not Proficient)")))),IF($BA$9=13,IF($BA73>=11,"At Grade Level (Highly Proficient)",IF($BA73>=8,"Transitioning (Proficient)",IF($BA73>=5,"Developing (Nearly Proficient)",IF($BA73>=3,"Emerging (Low Proficient)","Emerging (Not Proficient)")))),"")))) | BD73: =IF($BA73<>0,IF($C$7="Grade 6",SUM(H73:J73)+SUM(M73:O73)+SUM(Q73:S73)+U73+V73+Z73+AB73+AF73+AJ73+SUM(AM73:AQ73)+AU73+AV73,IF($C$7="Grade 5",SUM(H73:J73)+SUM(M73:O73)+SUM(Q73:S73)+U73+V73+Z73+AB73+AF73,IF($C$7="Grade 4",SUM(H73:J73)+SUM(M73:O73)+SUM(Q73:S73),0))),0) -> 0 | BE73: =IF($BA73<>0,IF($C$7="Grade 6",L73+P73+T73+SUM(W73:Y73)+AA73+SUM(AC73:AE73)+AG73+AI73+AT73,IF($C$7="Grade 5",L73+P73+T73+SUM(W73:Y73)+AA73+SUM(AC73:AE73)+AG73,IF($C$7="Grade 4",L73+P73,0))),0) -> 0 | BF73: =IF($BA73<>0,IF($C$7="Grade 6",K73+AH73+AK73+AL73+AR73+AS73+AW73,IF($C$7="Grade 5",K73+AH73,IF($C$7="Grade 4",K73,0))),0) -> 0 | BG73: =IF($BA73<>0,IF($C$7="Grade 6",H73+K73+M73+S73+T73+V73+W73+Z73+AB73+AC73+SUM(AH73:AJ73)+AN73+AP73+AQ73+AS73+AT73,IF($C$7="Grade 5",H73+K73+M73+S73+T73+V73+W73+Z73+AB73+AC73+AH73,IF($C$7="Grade 4",H73+K73+M73+S73,0))),0) -> 0 | BH73: =IF($BA73<>0,IF($C$7="Grade 6",I73+J73+L73+N73+O73+R73+U73+Y73+SUM(AE73:AG73)+AK73+AM73+AO73+AU73+AV73+AW73,IF($C$7="Grade 5",I73+J73+L73+N73+O73+R73+U73+Y73+SUM(AE73:AG73),IF($C$7="Grade 4",I73+J73+L73+N73+O73+R73,0))),0) -> 0 | BI73: =IF($BA73<>0,IF($C$7="Grade 6",P73+Q73+X73+AA73+AD73+AL73+AR73,IF($C$7="Grade 5",P73+Q73+X73+AA73+AD73,IF($C$7="Grade 4",P73+Q73,0))),0) -> 0 | BN73: =IF($BA73<>"",IF(BD73/BN$9>=0.75,1,0),"") | BO73: =IF($BA73<>"",IF(BE73/BO$9>=0.75,1,0),"") | BP73: =IF($BA73<>"",IF(BF73/BP$9>=0.75,1,0),"") | BQ73: =IF($BA73<>"",IF(SUM(BD73:BF73)/BQ$9>=0.75,1,0),"") | BR73: =IF($BA73<>"",IF(BG73/BR$9>=0.75,1,0),"") | BS73: =IF($BA73<>"",IF(BH73/BS$9>=0.75,1,0),"") | BT73: =IF($BA73<>"",IF(BI73/BT$9>=0.75,1,0),"") | BU73: =IF($BA73<>"",IF(SUM(BG73:BI73)/BU$9>=0.75,1,0),"")
A74: =A73+1 -> 65 | G74: =IF(C74<>"",(F74-E74)/365,"") | AX74: =IF($C74<>"",SUM(H74:S74),"") | AY74: =IF($C74<>"",SUM(T74:AH74),"") | AZ74: =IF($C74<>"",SUM(AI74:AW74),"") | BA74: =_xlfn.IFNA(IF(AND($C$4<>"",$C$7<>"",C74<>""),IF($C$7="Grade 4",AX74,IF($C$7="Grade 5",AX74+AY74,IF($C$7="Grade 6",AX74+AY74+AZ74,0))),""),"") | BB74: =IFERROR(IF(AND(BA74>0,C74<>""),BA74/$BA$9,""),"") | BC74: =IF($BA74="","",IF($BA$9=50,IF($BA74>=45,"At Grade Level (Highly Proficient)",IF($BA74>=39,"Transitioning (Proficient)",IF($BA74>=29,"Developing (Nearly Proficient)",IF($BA74>=15,"Emerging (Low Proficient)","Emerging (Not Proficient)")))),IF($BA$9=32,IF($BA74>=27,"At Grade Level (Highly Proficient)",IF($BA74>=21,"Transitioning (Proficient)",IF($BA74>=14,"Developing (Nearly Proficient)",IF($BA74>=7,"Emerging (Low Proficient)","Emerging (Not Proficient)")))),IF($BA$9=13,IF($BA74>=11,"At Grade Level (Highly Proficient)",IF($BA74>=8,"Transitioning (Proficient)",IF($BA74>=5,"Developing (Nearly Proficient)",IF($BA74>=3,"Emerging (Low Proficient)","Emerging (Not Proficient)")))),"")))) | BD74: =IF($BA74<>0,IF($C$7="Grade 6",SUM(H74:J74)+SUM(M74:O74)+SUM(Q74:S74)+U74+V74+Z74+AB74+AF74+AJ74+SUM(AM74:AQ74)+AU74+AV74,IF($C$7="Grade 5",SUM(H74:J74)+SUM(M74:O74)+SUM(Q74:S74)+U74+V74+Z74+AB74+AF74,IF($C$7="Grade 4",SUM(H74:J74)+SUM(M74:O74)+SUM(Q74:S74),0))),0) -> 0 | BE74: =IF($BA74<>0,IF($C$7="Grade 6",L74+P74+T74+SUM(W74:Y74)+AA74+SUM(AC74:AE74)+AG74+AI74+AT74,IF($C$7="Grade 5",L74+P74+T74+SUM(W74:Y74)+AA74+SUM(AC74:AE74)+AG74,IF($C$7="Grade 4",L74+P74,0))),0) -> 0 | BF74: =IF($BA74<>0,IF($C$7="Grade 6",K74+AH74+AK74+AL74+AR74+AS74+AW74,IF($C$7="Grade 5",K74+AH74,IF($C$7="Grade 4",K74,0))),0) -> 0 | BG74: =IF($BA74<>0,IF($C$7="Grade 6",H74+K74+M74+S74+T74+V74+W74+Z74+AB74+AC74+SUM(AH74:AJ74)+AN74+AP74+AQ74+AS74+AT74,IF($C$7="Grade 5",H74+K74+M74+S74+T74+V74+W74+Z74+AB74+AC74+AH74,IF($C$7="Grade 4",H74+K74+M74+S74,0))),0) -> 0 | BH74: =IF($BA74<>0,IF($C$7="Grade 6",I74+J74+L74+N74+O74+R74+U74+Y74+SUM(AE74:AG74)+AK74+AM74+AO74+AU74+AV74+AW74,IF($C$7="Grade 5",I74+J74+L74+N74+O74+R74+U74+Y74+SUM(AE74:AG74),IF($C$7="Grade 4",I74+J74+L74+N74+O74+R74,0))),0) -> 0 | BI74: =IF($BA74<>0,IF($C$7="Grade 6",P74+Q74+X74+AA74+AD74+AL74+AR74,IF($C$7="Grade 5",P74+Q74+X74+AA74+AD74,IF($C$7="Grade 4",P74+Q74,0))),0) -> 0 | BN74: =IF($BA74<>"",IF(BD74/BN$9>=0.75,1,0),"") | BO74: =IF($BA74<>"",IF(BE74/BO$9>=0.75,1,0),"") | BP74: =IF($BA74<>"",IF(BF74/BP$9>=0.75,1,0),"") | BQ74: =IF($BA74<>"",IF(SUM(BD74:BF74)/BQ$9>=0.75,1,0),"") | BR74: =IF($BA74<>"",IF(BG74/BR$9>=0.75,1,0),"") | BS74: =IF($BA74<>"",IF(BH74/BS$9>=0.75,1,0),"") | BT74: =IF($BA74<>"",IF(BI74/BT$9>=0.75,1,0),"") | BU74: =IF($BA74<>"",IF(SUM(BG74:BI74)/BU$9>=0.75,1,0),"")
A75: =A74+1 -> 66 | G75: =IF(C75<>"",(F75-E75)/365,"") | AX75: =IF($C75<>"",SUM(H75:S75),"") | AY75: =IF($C75<>"",SUM(T75:AH75),"") | AZ75: =IF($C75<>"",SUM(AI75:AW75),"") | BA75: =_xlfn.IFNA(IF(AND($C$4<>"",$C$7<>"",C75<>""),IF($C$7="Grade 4",AX75,IF($C$7="Grade 5",AX75+AY75,IF($C$7="Grade 6",AX75+AY75+AZ75,0))),""),"") | BB75: =IFERROR(IF(AND(BA75>0,C75<>""),BA75/$BA$9,""),"") | BC75: =IF($BA75="","",IF($BA$9=50,IF($BA75>=45,"At Grade Level (Highly Proficient)",IF($BA75>=39,"Transitioning (Proficient)",IF($BA75>=29,"Developing (Nearly Proficient)",IF($BA75>=15,"Emerging (Low Proficient)","Emerging (Not Proficient)")))),IF($BA$9=32,IF($BA75>=27,"At Grade Level (Highly Proficient)",IF($BA75>=21,"Transitioning (Proficient)",IF($BA75>=14,"Developing (Nearly Proficient)",IF($BA75>=7,"Emerging (Low Proficient)","Emerging (Not Proficient)")))),IF($BA$9=13,IF($BA75>=11,"At Grade Level (Highly Proficient)",IF($BA75>=8,"Transitioning (Proficient)",IF($BA75>=5,"Developing (Nearly Proficient)",IF($BA75>=3,"Emerging (Low Proficient)","Emerging (Not Proficient)")))),"")))) | BD75: =IF($BA75<>0,IF($C$7="Grade 6",SUM(H75:J75)+SUM(M75:O75)+SUM(Q75:S75)+U75+V75+Z75+AB75+AF75+AJ75+SUM(AM75:AQ75)+AU75+AV75,IF($C$7="Grade 5",SUM(H75:J75)+SUM(M75:O75)+SUM(Q75:S75)+U75+V75+Z75+AB75+AF75,IF($C$7="Grade 4",SUM(H75:J75)+SUM(M75:O75)+SUM(Q75:S75),0))),0) -> 0 | BE75: =IF($BA75<>0,IF($C$7="Grade 6",L75+P75+T75+SUM(W75:Y75)+AA75+SUM(AC75:AE75)+AG75+AI75+AT75,IF($C$7="Grade 5",L75+P75+T75+SUM(W75:Y75)+AA75+SUM(AC75:AE75)+AG75,IF($C$7="Grade 4",L75+P75,0))),0) -> 0 | BF75: =IF($BA75<>0,IF($C$7="Grade 6",K75+AH75+AK75+AL75+AR75+AS75+AW75,IF($C$7="Grade 5",K75+AH75,IF($C$7="Grade 4",K75,0))),0) -> 0 | BG75: =IF($BA75<>0,IF($C$7="Grade 6",H75+K75+M75+S75+T75+V75+W75+Z75+AB75+AC75+SUM(AH75:AJ75)+AN75+AP75+AQ75+AS75+AT75,IF($C$7="Grade 5",H75+K75+M75+S75+T75+V75+W75+Z75+AB75+AC75+AH75,IF($C$7="Grade 4",H75+K75+M75+S75,0))),0) -> 0 | BH75: =IF($BA75<>0,IF($C$7="Grade 6",I75+J75+L75+N75+O75+R75+U75+Y75+SUM(AE75:AG75)+AK75+AM75+AO75+AU75+AV75+AW75,IF($C$7="Grade 5",I75+J75+L75+N75+O75+R75+U75+Y75+SUM(AE75:AG75),IF($C$7="Grade 4",I75+J75+L75+N75+O75+R75,0))),0) -> 0 | BI75: =IF($BA75<>0,IF($C$7="Grade 6",P75+Q75+X75+AA75+AD75+AL75+AR75,IF($C$7="Grade 5",P75+Q75+X75+AA75+AD75,IF($C$7="Grade 4",P75+Q75,0))),0) -> 0 | BN75: =IF($BA75<>"",IF(BD75/BN$9>=0.75,1,0),"") | BO75: =IF($BA75<>"",IF(BE75/BO$9>=0.75,1,0),"") | BP75: =IF($BA75<>"",IF(BF75/BP$9>=0.75,1,0),"") | BQ75: =IF($BA75<>"",IF(SUM(BD75:BF75)/BQ$9>=0.75,1,0),"") | BR75: =IF($BA75<>"",IF(BG75/BR$9>=0.75,1,0),"") | BS75: =IF($BA75<>"",IF(BH75/BS$9>=0.75,1,0),"") | BT75: =IF($BA75<>"",IF(BI75/BT$9>=0.75,1,0),"") | BU75: =IF($BA75<>"",IF(SUM(BG75:BI75)/BU$9>=0.75,1,0),"")
A76: =A75+1 -> 67 | G76: =IF(C76<>"",(F76-E76)/365,"") | AX76: =IF($C76<>"",SUM(H76:S76),"") | AY76: =IF($C76<>"",SUM(T76:AH76),"") | AZ76: =IF($C76<>"",SUM(AI76:AW76),"") | BA76: =_xlfn.IFNA(IF(AND($C$4<>"",$C$7<>"",C76<>""),IF($C$7="Grade 4",AX76,IF($C$7="Grade 5",AX76+AY76,IF($C$7="Grade 6",AX76+AY76+AZ76,0))),""),"") | BB76: =IFERROR(IF(AND(BA76>0,C76<>""),BA76/$BA$9,""),"") | BC76: =IF($BA76="","",IF($BA$9=50,IF($BA76>=45,"At Grade Level (Highly Proficient)",IF($BA76>=39,"Transitioning (Proficient)",IF($BA76>=29,"Developing (Nearly Proficient)",IF($BA76>=15,"Emerging (Low Proficient)","Emerging (Not Proficient)")))),IF($BA$9=32,IF($BA76>=27,"At Grade Level (Highly Proficient)",IF($BA76>=21,"Transitioning (Proficient)",IF($BA76>=14,"Developing (Nearly Proficient)",IF($BA76>=7,"Emerging (Low Proficient)","Emerging (Not Proficient)")))),IF($BA$9=13,IF($BA76>=11,"At Grade Level (Highly Proficient)",IF($BA76>=8,"Transitioning (Proficient)",IF($BA76>=5,"Developing (Nearly Proficient)",IF($BA76>=3,"Emerging (Low Proficient)","Emerging (Not Proficient)")))),"")))) | BD76: =IF($BA76<>0,IF($C$7="Grade 6",SUM(H76:J76)+SUM(M76:O76)+SUM(Q76:S76)+U76+V76+Z76+AB76+AF76+AJ76+SUM(AM76:AQ76)+AU76+AV76,IF($C$7="Grade 5",SUM(H76:J76)+SUM(M76:O76)+SUM(Q76:S76)+U76+V76+Z76+AB76+AF76,IF($C$7="Grade 4",SUM(H76:J76)+SUM(M76:O76)+SUM(Q76:S76),0))),0) -> 0 | BE76: =IF($BA76<>0,IF($C$7="Grade 6",L76+P76+T76+SUM(W76:Y76)+AA76+SUM(AC76:AE76)+AG76+AI76+AT76,IF($C$7="Grade 5",L76+P76+T76+SUM(W76:Y76)+AA76+SUM(AC76:AE76)+AG76,IF($C$7="Grade 4",L76+P76,0))),0) -> 0 | BF76: =IF($BA76<>0,IF($C$7="Grade 6",K76+AH76+AK76+AL76+AR76+AS76+AW76,IF($C$7="Grade 5",K76+AH76,IF($C$7="Grade 4",K76,0))),0) -> 0 | BG76: =IF($BA76<>0,IF($C$7="Grade 6",H76+K76+M76+S76+T76+V76+W76+Z76+AB76+AC76+SUM(AH76:AJ76)+AN76+AP76+AQ76+AS76+AT76,IF($C$7="Grade 5",H76+K76+M76+S76+T76+V76+W76+Z76+AB76+AC76+AH76,IF($C$7="Grade 4",H76+K76+M76+S76,0))),0) -> 0 | BH76: =IF($BA76<>0,IF($C$7="Grade 6",I76+J76+L76+N76+O76+R76+U76+Y76+SUM(AE76:AG76)+AK76+AM76+AO76+AU76+AV76+AW76,IF($C$7="Grade 5",I76+J76+L76+N76+O76+R76+U76+Y76+SUM(AE76:AG76),IF($C$7="Grade 4",I76+J76+L76+N76+O76+R76,0))),0) -> 0 | BI76: =IF($BA76<>0,IF($C$7="Grade 6",P76+Q76+X76+AA76+AD76+AL76+AR76,IF($C$7="Grade 5",P76+Q76+X76+AA76+AD76,IF($C$7="Grade 4",P76+Q76,0))),0) -> 0 | BN76: =IF($BA76<>"",IF(BD76/BN$9>=0.75,1,0),"") | BO76: =IF($BA76<>"",IF(BE76/BO$9>=0.75,1,0),"") | BP76: =IF($BA76<>"",IF(BF76/BP$9>=0.75,1,0),"") | BQ76: =IF($BA76<>"",IF(SUM(BD76:BF76)/BQ$9>=0.75,1,0),"") | BR76: =IF($BA76<>"",IF(BG76/BR$9>=0.75,1,0),"") | BS76: =IF($BA76<>"",IF(BH76/BS$9>=0.75,1,0),"") | BT76: =IF($BA76<>"",IF(BI76/BT$9>=0.75,1,0),"") | BU76: =IF($BA76<>"",IF(SUM(BG76:BI76)/BU$9>=0.75,1,0),"")
A77: =A76+1 -> 68 | G77: =IF(C77<>"",(F77-E77)/365,"") | AX77: =IF($C77<>"",SUM(H77:S77),"") | AY77: =IF($C77<>"",SUM(T77:AH77),"") | AZ77: =IF($C77<>"",SUM(AI77:AW77),"") | BA77: =_xlfn.IFNA(IF(AND($C$4<>"",$C$7<>"",C77<>""),IF($C$7="Grade 4",AX77,IF($C$7="Grade 5",AX77+AY77,IF($C$7="Grade 6",AX77+AY77+AZ77,0))),""),"") | BB77: =IFERROR(IF(AND(BA77>0,C77<>""),BA77/$BA$9,""),"") | BC77: =IF($BA77="","",IF($BA$9=50,IF($BA77>=45,"At Grade Level (Highly Proficient)",IF($BA77>=39,"Transitioning (Proficient)",IF($BA77>=29,"Developing (Nearly Proficient)",IF($BA77>=15,"Emerging (Low Proficient)","Emerging (Not Proficient)")))),IF($BA$9=32,IF($BA77>=27,"At Grade Level (Highly Proficient)",IF($BA77>=21,"Transitioning (Proficient)",IF($BA77>=14,"Developing (Nearly Proficient)",IF($BA77>=7,"Emerging (Low Proficient)","Emerging (Not Proficient)")))),IF($BA$9=13,IF($BA77>=11,"At Grade Level (Highly Proficient)",IF($BA77>=8,"Transitioning (Proficient)",IF($BA77>=5,"Developing (Nearly Proficient)",IF($BA77>=3,"Emerging (Low Proficient)","Emerging (Not Proficient)")))),"")))) | BD77: =IF($BA77<>0,IF($C$7="Grade 6",SUM(H77:J77)+SUM(M77:O77)+SUM(Q77:S77)+U77+V77+Z77+AB77+AF77+AJ77+SUM(AM77:AQ77)+AU77+AV77,IF($C$7="Grade 5",SUM(H77:J77)+SUM(M77:O77)+SUM(Q77:S77)+U77+V77+Z77+AB77+AF77,IF($C$7="Grade 4",SUM(H77:J77)+SUM(M77:O77)+SUM(Q77:S77),0))),0) -> 0 | BE77: =IF($BA77<>0,IF($C$7="Grade 6",L77+P77+T77+SUM(W77:Y77)+AA77+SUM(AC77:AE77)+AG77+AI77+AT77,IF($C$7="Grade 5",L77+P77+T77+SUM(W77:Y77)+AA77+SUM(AC77:AE77)+AG77,IF($C$7="Grade 4",L77+P77,0))),0) -> 0 | BF77: =IF($BA77<>0,IF($C$7="Grade 6",K77+AH77+AK77+AL77+AR77+AS77+AW77,IF($C$7="Grade 5",K77+AH77,IF($C$7="Grade 4",K77,0))),0) -> 0 | BG77: =IF($BA77<>0,IF($C$7="Grade 6",H77+K77+M77+S77+T77+V77+W77+Z77+AB77+AC77+SUM(AH77:AJ77)+AN77+AP77+AQ77+AS77+AT77,IF($C$7="Grade 5",H77+K77+M77+S77+T77+V77+W77+Z77+AB77+AC77+AH77,IF($C$7="Grade 4",H77+K77+M77+S77,0))),0) -> 0 | BH77: =IF($BA77<>0,IF($C$7="Grade 6",I77+J77+L77+N77+O77+R77+U77+Y77+SUM(AE77:AG77)+AK77+AM77+AO77+AU77+AV77+AW77,IF($C$7="Grade 5",I77+J77+L77+N77+O77+R77+U77+Y77+SUM(AE77:AG77),IF($C$7="Grade 4",I77+J77+L77+N77+O77+R77,0))),0) -> 0 | BI77: =IF($BA77<>0,IF($C$7="Grade 6",P77+Q77+X77+AA77+AD77+AL77+AR77,IF($C$7="Grade 5",P77+Q77+X77+AA77+AD77,IF($C$7="Grade 4",P77+Q77,0))),0) -> 0 | BN77: =IF($BA77<>"",IF(BD77/BN$9>=0.75,1,0),"") | BO77: =IF($BA77<>"",IF(BE77/BO$9>=0.75,1,0),"") | BP77: =IF($BA77<>"",IF(BF77/BP$9>=0.75,1,0),"") | BQ77: =IF($BA77<>"",IF(SUM(BD77:BF77)/BQ$9>=0.75,1,0),"") | BR77: =IF($BA77<>"",IF(BG77/BR$9>=0.75,1,0),"") | BS77: =IF($BA77<>"",IF(BH77/BS$9>=0.75,1,0),"") | BT77: =IF($BA77<>"",IF(BI77/BT$9>=0.75,1,0),"") | BU77: =IF($BA77<>"",IF(SUM(BG77:BI77)/BU$9>=0.75,1,0),"")
A78: =A77+1 -> 69 | G78: =IF(C78<>"",(F78-E78)/365,"") | AX78: =IF($C78<>"",SUM(H78:S78),"") | AY78: =IF($C78<>"",SUM(T78:AH78),"") | AZ78: =IF($C78<>"",SUM(AI78:AW78),"") | BA78: =_xlfn.IFNA(IF(AND($C$4<>"",$C$7<>"",C78<>""),IF($C$7="Grade 4",AX78,IF($C$7="Grade 5",AX78+AY78,IF($C$7="Grade 6",AX78+AY78+AZ78,0))),""),"") | BB78: =IFERROR(IF(AND(BA78>0,C78<>""),BA78/$BA$9,""),"") | BC78: =IF($BA78="","",IF($BA$9=50,IF($BA78>=45,"At Grade Level (Highly Proficient)",IF($BA78>=39,"Transitioning (Proficient)",IF($BA78>=29,"Developing (Nearly Proficient)",IF($BA78>=15,"Emerging (Low Proficient)","Emerging (Not Proficient)")))),IF($BA$9=32,IF($BA78>=27,"At Grade Level (Highly Proficient)",IF($BA78>=21,"Transitioning (Proficient)",IF($BA78>=14,"Developing (Nearly Proficient)",IF($BA78>=7,"Emerging (Low Proficient)","Emerging (Not Proficient)")))),IF($BA$9=13,IF($BA78>=11,"At Grade Level (Highly Proficient)",IF($BA78>=8,"Transitioning (Proficient)",IF($BA78>=5,"Developing (Nearly Proficient)",IF($BA78>=3,"Emerging (Low Proficient)","Emerging (Not Proficient)")))),"")))) | BD78: =IF($BA78<>0,IF($C$7="Grade 6",SUM(H78:J78)+SUM(M78:O78)+SUM(Q78:S78)+U78+V78+Z78+AB78+AF78+AJ78+SUM(AM78:AQ78)+AU78+AV78,IF($C$7="Grade 5",SUM(H78:J78)+SUM(M78:O78)+SUM(Q78:S78)+U78+V78+Z78+AB78+AF78,IF($C$7="Grade 4",SUM(H78:J78)+SUM(M78:O78)+SUM(Q78:S78),0))),0) -> 0 | BE78: =IF($BA78<>0,IF($C$7="Grade 6",L78+P78+T78+SUM(W78:Y78)+AA78+SUM(AC78:AE78)+AG78+AI78+AT78,IF($C$7="Grade 5",L78+P78+T78+SUM(W78:Y78)+AA78+SUM(AC78:AE78)+AG78,IF($C$7="Grade 4",L78+P78,0))),0) -> 0 | BF78: =IF($BA78<>0,IF($C$7="Grade 6",K78+AH78+AK78+AL78+AR78+AS78+AW78,IF($C$7="Grade 5",K78+AH78,IF($C$7="Grade 4",K78,0))),0) -> 0 | BG78: =IF($BA78<>0,IF($C$7="Grade 6",H78+K78+M78+S78+T78+V78+W78+Z78+AB78+AC78+SUM(AH78:AJ78)+AN78+AP78+AQ78+AS78+AT78,IF($C$7="Grade 5",H78+K78+M78+S78+T78+V78+W78+Z78+AB78+AC78+AH78,IF($C$7="Grade 4",H78+K78+M78+S78,0))),0) -> 0 | BH78: =IF($BA78<>0,IF($C$7="Grade 6",I78+J78+L78+N78+O78+R78+U78+Y78+SUM(AE78:AG78)+AK78+AM78+AO78+AU78+AV78+AW78,IF($C$7="Grade 5",I78+J78+L78+N78+O78+R78+U78+Y78+SUM(AE78:AG78),IF($C$7="Grade 4",I78+J78+L78+N78+O78+R78,0))),0) -> 0 | BI78: =IF($BA78<>0,IF($C$7="Grade 6",P78+Q78+X78+AA78+AD78+AL78+AR78,IF($C$7="Grade 5",P78+Q78+X78+AA78+AD78,IF($C$7="Grade 4",P78+Q78,0))),0) -> 0 | BN78: =IF($BA78<>"",IF(BD78/BN$9>=0.75,1,0),"") | BO78: =IF($BA78<>"",IF(BE78/BO$9>=0.75,1,0),"") | BP78: =IF($BA78<>"",IF(BF78/BP$9>=0.75,1,0),"") | BQ78: =IF($BA78<>"",IF(SUM(BD78:BF78)/BQ$9>=0.75,1,0),"") | BR78: =IF($BA78<>"",IF(BG78/BR$9>=0.75,1,0),"") | BS78: =IF($BA78<>"",IF(BH78/BS$9>=0.75,1,0),"") | BT78: =IF($BA78<>"",IF(BI78/BT$9>=0.75,1,0),"") | BU78: =IF($BA78<>"",IF(SUM(BG78:BI78)/BU$9>=0.75,1,0),"")
A79: =A78+1 -> 70 | G79: =IF(C79<>"",(F79-E79)/365,"") | AX79: =IF($C79<>"",SUM(H79:S79),"") | AY79: =IF($C79<>"",SUM(T79:AH79),"") | AZ79: =IF($C79<>"",SUM(AI79:AW79),"") | BA79: =_xlfn.IFNA(IF(AND($C$4<>"",$C$7<>"",C79<>""),IF($C$7="Grade 4",AX79,IF($C$7="Grade 5",AX79+AY79,IF($C$7="Grade 6",AX79+AY79+AZ79,0))),""),"") | BB79: =IFERROR(IF(AND(BA79>0,C79<>""),BA79/$BA$9,""),"") | BC79: =IF($BA79="","",IF($BA$9=50,IF($BA79>=45,"At Grade Level (Highly Proficient)",IF($BA79>=39,"Transitioning (Proficient)",IF($BA79>=29,"Developing (Nearly Proficient)",IF($BA79>=15,"Emerging (Low Proficient)","Emerging (Not Proficient)")))),IF($BA$9=32,IF($BA79>=27,"At Grade Level (Highly Proficient)",IF($BA79>=21,"Transitioning (Proficient)",IF($BA79>=14,"Developing (Nearly Proficient)",IF($BA79>=7,"Emerging (Low Proficient)","Emerging (Not Proficient)")))),IF($BA$9=13,IF($BA79>=11,"At Grade Level (Highly Proficient)",IF($BA79>=8,"Transitioning (Proficient)",IF($BA79>=5,"Developing (Nearly Proficient)",IF($BA79>=3,"Emerging (Low Proficient)","Emerging (Not Proficient)")))),"")))) | BD79: =IF($BA79<>0,IF($C$7="Grade 6",SUM(H79:J79)+SUM(M79:O79)+SUM(Q79:S79)+U79+V79+Z79+AB79+AF79+AJ79+SUM(AM79:AQ79)+AU79+AV79,IF($C$7="Grade 5",SUM(H79:J79)+SUM(M79:O79)+SUM(Q79:S79)+U79+V79+Z79+AB79+AF79,IF($C$7="Grade 4",SUM(H79:J79)+SUM(M79:O79)+SUM(Q79:S79),0))),0) -> 0 | BE79: =IF($BA79<>0,IF($C$7="Grade 6",L79+P79+T79+SUM(W79:Y79)+AA79+SUM(AC79:AE79)+AG79+AI79+AT79,IF($C$7="Grade 5",L79+P79+T79+SUM(W79:Y79)+AA79+SUM(AC79:AE79)+AG79,IF($C$7="Grade 4",L79+P79,0))),0) -> 0 | BF79: =IF($BA79<>0,IF($C$7="Grade 6",K79+AH79+AK79+AL79+AR79+AS79+AW79,IF($C$7="Grade 5",K79+AH79,IF($C$7="Grade 4",K79,0))),0) -> 0 | BG79: =IF($BA79<>0,IF($C$7="Grade 6",H79+K79+M79+S79+T79+V79+W79+Z79+AB79+AC79+SUM(AH79:AJ79)+AN79+AP79+AQ79+AS79+AT79,IF($C$7="Grade 5",H79+K79+M79+S79+T79+V79+W79+Z79+AB79+AC79+AH79,IF($C$7="Grade 4",H79+K79+M79+S79,0))),0) -> 0 | BH79: =IF($BA79<>0,IF($C$7="Grade 6",I79+J79+L79+N79+O79+R79+U79+Y79+SUM(AE79:AG79)+AK79+AM79+AO79+AU79+AV79+AW79,IF($C$7="Grade 5",I79+J79+L79+N79+O79+R79+U79+Y79+SUM(AE79:AG79),IF($C$7="Grade 4",I79+J79+L79+N79+O79+R79,0))),0) -> 0 | BI79: =IF($BA79<>0,IF($C$7="Grade 6",P79+Q79+X79+AA79+AD79+AL79+AR79,IF($C$7="Grade 5",P79+Q79+X79+AA79+AD79,IF($C$7="Grade 4",P79+Q79,0))),0) -> 0 | BN79: =IF($BA79<>"",IF(BD79/BN$9>=0.75,1,0),"") | BO79: =IF($BA79<>"",IF(BE79/BO$9>=0.75,1,0),"") | BP79: =IF($BA79<>"",IF(BF79/BP$9>=0.75,1,0),"") | BQ79: =IF($BA79<>"",IF(SUM(BD79:BF79)/BQ$9>=0.75,1,0),"") | BR79: =IF($BA79<>"",IF(BG79/BR$9>=0.75,1,0),"") | BS79: =IF($BA79<>"",IF(BH79/BS$9>=0.75,1,0),"") | BT79: =IF($BA79<>"",IF(BI79/BT$9>=0.75,1,0),"") | BU79: =IF($BA79<>"",IF(SUM(BG79:BI79)/BU$9>=0.75,1,0),"")
A80: =A79+1 -> 71 | G80: =IF(C80<>"",(F80-E80)/365,"") | AX80: =IF($C80<>"",SUM(H80:S80),"") | AY80: =IF($C80<>"",SUM(T80:AH80),"") | AZ80: =IF($C80<>"",SUM(AI80:AW80),"") | BA80: =_xlfn.IFNA(IF(AND($C$4<>"",$C$7<>"",C80<>""),IF($C$7="Grade 4",AX80,IF($C$7="Grade 5",AX80+AY80,IF($C$7="Grade 6",AX80+AY80+AZ80,0))),""),"") | BB80: =IFERROR(IF(AND(BA80>0,C80<>""),BA80/$BA$9,""),"") | BC80: =IF($BA80="","",IF($BA$9=50,IF($BA80>=45,"At Grade Level (Highly Proficient)",IF($BA80>=39,"Transitioning (Proficient)",IF($BA80>=29,"Developing (Nearly Proficient)",IF($BA80>=15,"Emerging (Low Proficient)","Emerging (Not Proficient)")))),IF($BA$9=32,IF($BA80>=27,"At Grade Level (Highly Proficient)",IF($BA80>=21,"Transitioning (Proficient)",IF($BA80>=14,"Developing (Nearly Proficient)",IF($BA80>=7,"Emerging (Low Proficient)","Emerging (Not Proficient)")))),IF($BA$9=13,IF($BA80>=11,"At Grade Level (Highly Proficient)",IF($BA80>=8,"Transitioning (Proficient)",IF($BA80>=5,"Developing (Nearly Proficient)",IF($BA80>=3,"Emerging (Low Proficient)","Emerging (Not Proficient)")))),"")))) | BD80: =IF($BA80<>0,IF($C$7="Grade 6",SUM(H80:J80)+SUM(M80:O80)+SUM(Q80:S80)+U80+V80+Z80+AB80+AF80+AJ80+SUM(AM80:AQ80)+AU80+AV80,IF($C$7="Grade 5",SUM(H80:J80)+SUM(M80:O80)+SUM(Q80:S80)+U80+V80+Z80+AB80+AF80,IF($C$7="Grade 4",SUM(H80:J80)+SUM(M80:O80)+SUM(Q80:S80),0))),0) -> 0 | BE80: =IF($BA80<>0,IF($C$7="Grade 6",L80+P80+T80+SUM(W80:Y80)+AA80+SUM(AC80:AE80)+AG80+AI80+AT80,IF($C$7="Grade 5",L80+P80+T80+SUM(W80:Y80)+AA80+SUM(AC80:AE80)+AG80,IF($C$7="Grade 4",L80+P80,0))),0) -> 0 | BF80: =IF($BA80<>0,IF($C$7="Grade 6",K80+AH80+AK80+AL80+AR80+AS80+AW80,IF($C$7="Grade 5",K80+AH80,IF($C$7="Grade 4",K80,0))),0) -> 0 | BG80: =IF($BA80<>0,IF($C$7="Grade 6",H80+K80+M80+S80+T80+V80+W80+Z80+AB80+AC80+SUM(AH80:AJ80)+AN80+AP80+AQ80+AS80+AT80,IF($C$7="Grade 5",H80+K80+M80+S80+T80+V80+W80+Z80+AB80+AC80+AH80,IF($C$7="Grade 4",H80+K80+M80+S80,0))),0) -> 0 | BH80: =IF($BA80<>0,IF($C$7="Grade 6",I80+J80+L80+N80+O80+R80+U80+Y80+SUM(AE80:AG80)+AK80+AM80+AO80+AU80+AV80+AW80,IF($C$7="Grade 5",I80+J80+L80+N80+O80+R80+U80+Y80+SUM(AE80:AG80),IF($C$7="Grade 4",I80+J80+L80+N80+O80+R80,0))),0) -> 0 | BI80: =IF($BA80<>0,IF($C$7="Grade 6",P80+Q80+X80+AA80+AD80+AL80+AR80,IF($C$7="Grade 5",P80+Q80+X80+AA80+AD80,IF($C$7="Grade 4",P80+Q80,0))),0) -> 0 | BN80: =IF($BA80<>"",IF(BD80/BN$9>=0.75,1,0),"") | BO80: =IF($BA80<>"",IF(BE80/BO$9>=0.75,1,0),"") | BP80: =IF($BA80<>"",IF(BF80/BP$9>=0.75,1,0),"") | BQ80: =IF($BA80<>"",IF(SUM(BD80:BF80)/BQ$9>=0.75,1,0),"") | BR80: =IF($BA80<>"",IF(BG80/BR$9>=0.75,1,0),"") | BS80: =IF($BA80<>"",IF(BH80/BS$9>=0.75,1,0),"") | BT80: =IF($BA80<>"",IF(BI80/BT$9>=0.75,1,0),"") | BU80: =IF($BA80<>"",IF(SUM(BG80:BI80)/BU$9>=0.75,1,0),"")
... A108: =A107+1 -> 99 | G108: =IF(C108<>"",(F108-E108)/365,"") | AX108: =IF($C108<>"",SUM(H108:S108),"") | AY108: =IF($C108<>"",SUM(T108:AH108),"") | AZ108: =IF($C108<>"",SUM(AI108:AW108),"") | BA108: =_xlfn.IFNA(IF(AND($C$4<>"",$C$7<>"",C108<>""),IF($C$7="Grade 4",AX108,IF($C$7="Grade 5",AX108+AY108,IF($C$7="Grade 6",AX108+AY108+AZ108,0))),""),"") | BB108: =IFERROR(IF(AND(BA108>0,C108<>""),BA108/$BA$9,""),"") | BC108: =IF($BA108="","",IF($BA$9=50,IF($BA108>=45,"At Grade Level (Highly Proficient)",IF($BA108>=39,"Transitioning (Proficient)",IF($BA108>=29,"Developing (Nearly Proficient)",IF($BA108>=15,"Emerging (Low Proficient)","Emerging (Not Proficient)")))),IF($BA$9=32,IF($BA108>=27,"At Grade Level (Highly Proficient)",IF($BA108>=21,"Transitioning (Proficient)",IF($BA108>=14,"Developing (Nearly Proficient)",IF($BA108>=7,"Emerging (Low Proficient)","Emerging (Not Proficient)")))),IF($BA$9=13,IF($BA108>=11,"At Grade Level (Highly Proficient)",IF($BA108>=8,"Transitioning (Proficient)",IF($BA108>=5,"Developing (Nearly Proficient)",IF($BA108>=3,"Emerging (Low Proficient)","Emerging (Not Proficient)")))),"")))) | BD108: =IF($BA108<>0,IF($C$7="Grade 6",SUM(H108:J108)+SUM(M108:O108)+SUM(Q108:S108)+U108+V108+Z108+AB108+AF108+AJ108+SUM(AM108:AQ108)+AU108+AV108,IF($C$7="Grade 5",SUM(H108:J108)+SUM(M108:O108)+SUM(Q108:S108)+U108+V108+Z108+AB108+AF108,IF($C$7="Grade 4",SUM(H108:J108)+SUM(M108:O108)+SUM(Q108:S108),0))),0) -> 0 | BE108: =IF($BA108<>0,IF($C$7="Grade 6",L108+P108+T108+SUM(W108:Y108)+AA108+SUM(AC108:AE108)+AG108+AI108+AT108,IF($C$7="Grade 5",L108+P108+T108+SUM(W108:Y108)+AA108+SUM(AC108:AE108)+AG108,IF($C$7="Grade 4",L108+P108,0))),0) -> 0 | BF108: =IF($BA108<>0,IF($C$7="Grade 6",K108+AH108+AK108+AL108+AR108+AS108+AW108,IF($C$7="Grade 5",K108+AH108,IF($C$7="Grade 4",K108,0))),0) -> 0 | BG108: =IF($BA108<>0,IF($C$7="Grade 6",H108+K108+M108+S108+T108+V108+W108+Z108+AB108+AC108+SUM(AH108:AJ108)+AN108+AP108+AQ108+AS108+AT108,IF($C$7="Grade 5",H108+K108+M108+S108+T108+V108+W108+Z108+AB108+AC108+AH108,IF($C$7="Grade 4",H108+K108+M108+S108,0))),0) -> 0 | BH108: =IF($BA108<>0,IF($C$7="Grade 6",I108+J108+L108+N108+O108+R108+U108+Y108+SUM(AE108:AG108)+AK108+AM108+AO108+AU108+AV108+AW108,IF($C$7="Grade 5",I108+J108+L108+N108+O108+R108+U108+Y108+SUM(AE108:AG108),IF($C$7="Grade 4",I108+J108+L108+N108+O108+R108,0))),0) -> 0 | BI108: =IF($BA108<>0,IF($C$7="Grade 6",P108+Q108+X108+AA108+AD108+AL108+AR108,IF($C$7="Grade 5",P108+Q108+X108+AA108+AD108,IF($C$7="Grade 4",P108+Q108,0))),0) -> 0 | BN108: =IF($BA108<>"",IF(BD108/BN$9>=0.75,1,0),"") | BO108: =IF($BA108<>"",IF(BE108/BO$9>=0.75,1,0),"") | BP108: =IF($BA108<>"",IF(BF108/BP$9>=0.75,1,0),"") | BQ108: =IF($BA108<>"",IF(SUM(BD108:BF108)/BQ$9>=0.75,1,0),"") | BR108: =IF($BA108<>"",IF(BG108/BR$9>=0.75,1,0),"") | BS108: =IF($BA108<>"",IF(BH108/BS$9>=0.75,1,0),"") | BT108: =IF($BA108<>"",IF(BI108/BT$9>=0.75,1,0),"") | BU108: =IF($BA108<>"",IF(SUM(BG108:BI108)/BU$9>=0.75,1,0),"")
A109: 100 | G109: =IF(C109<>"",(F109-E109)/365,"") | AX109: =IF($C109<>"",SUM(H109:S109),"") | AY109: =IF($C109<>"",SUM(T109:AH109),"") | AZ109: =IF($C109<>"",SUM(AI109:AW109),"") | BA109: =_xlfn.IFNA(IF(AND($C$4<>"",$C$7<>"",C109<>""),IF($C$7="Grade 4",AX109,IF($C$7="Grade 5",AX109+AY109,IF($C$7="Grade 6",AX109+AY109+AZ109,0))),""),"") | BB109: =IFERROR(IF(AND(BA109>0,C109<>""),BA109/$BA$9,""),"") | BC109: =IF($BA109="","",IF($BA$9=50,IF($BA109>=45,"At Grade Level (Highly Proficient)",IF($BA109>=39,"Transitioning (Proficient)",IF($BA109>=29,"Developing (Nearly Proficient)",IF($BA109>=15,"Emerging (Low Proficient)","Emerging (Not Proficient)")))),IF($BA$9=32,IF($BA109>=27,"At Grade Level (Highly Proficient)",IF($BA109>=21,"Transitioning (Proficient)",IF($BA109>=14,"Developing (Nearly Proficient)",IF($BA109>=7,"Emerging (Low Proficient)","Emerging (Not Proficient)")))),IF($BA$9=13,IF($BA109>=11,"At Grade Level (Highly Proficient)",IF($BA109>=8,"Transitioning (Proficient)",IF($BA109>=5,"Developing (Nearly Proficient)",IF($BA109>=3,"Emerging (Low Proficient)","Emerging (Not Proficient)")))),"")))) | BD109: =IF($BA109<>0,IF($C$7="Grade 6",SUM(H109:J109)+SUM(M109:O109)+SUM(Q109:S109)+U109+V109+Z109+AB109+AF109+AJ109+SUM(AM109:AQ109)+AU109+AV109,IF($C$7="Grade 5",SUM(H109:J109)+SUM(M109:O109)+SUM(Q109:S109)+U109+V109+Z109+AB109+AF109,IF($C$7="Grade 4",SUM(H109:J109)+SUM(M109:O109)+SUM(Q109:S109),0))),0) -> 0 | BE109: =IF($BA109<>0,IF($C$7="Grade 6",L109+P109+T109+SUM(W109:Y109)+AA109+SUM(AC109:AE109)+AG109+AI109+AT109,IF($C$7="Grade 5",L109+P109+T109+SUM(W109:Y109)+AA109+SUM(AC109:AE109)+AG109,IF($C$7="Grade 4",L109+P109,0))),0) -> 0 | BF109: =IF($BA109<>0,IF($C$7="Grade 6",K109+AH109+AK109+AL109+AR109+AS109+AW109,IF($C$7="Grade 5",K109+AH109,IF($C$7="Grade 4",K109,0))),0) -> 0 | BG109: =IF($BA109<>0,IF($C$7="Grade 6",H109+K109+M109+S109+T109+V109+W109+Z109+AB109+AC109+SUM(AH109:AJ109)+AN109+AP109+AQ109+AS109+AT109,IF($C$7="Grade 5",H109+K109+M109+S109+T109+V109+W109+Z109+AB109+AC109+AH109,IF($C$7="Grade 4",H109+K109+M109+S109,0))),0) -> 0 | BH109: =IF($BA109<>0,IF($C$7="Grade 6",I109+J109+L109+N109+O109+R109+U109+Y109+SUM(AE109:AG109)+AK109+AM109+AO109+AU109+AV109+AW109,IF($C$7="Grade 5",I109+J109+L109+N109+O109+R109+U109+Y109+SUM(AE109:AG109),IF($C$7="Grade 4",I109+J109+L109+N109+O109+R109,0))),0) -> 0 | BI109: =IF($BA109<>0,IF($C$7="Grade 6",P109+Q109+X109+AA109+AD109+AL109+AR109,IF($C$7="Grade 5",P109+Q109+X109+AA109+AD109,IF($C$7="Grade 4",P109+Q109,0))),0) -> 0 | BJ109: 0 | BN109: =IF($BA109<>"",IF(BD109/BN$9>=0.75,1,0),"") | BO109: =IF($BA109<>"",IF(BE109/BO$9>=0.75,1,0),"") | BP109: =IF($BA109<>"",IF(BF109/BP$9>=0.75,1,0),"") | BQ109: =IF($BA109<>"",IF(SUM(BD109:BF109)/BQ$9>=0.75,1,0),"") | BR109: =IF($BA109<>"",IF(BG109/BR$9>=0.75,1,0),"") | BS109: =IF($BA109<>"",IF(BH109/BS$9>=0.75,1,0),"") | BT109: =IF($BA109<>"",IF(BI109/BT$9>=0.75,1,0),"") | BU109: =IF($BA109<>"",IF(SUM(BG109:BI109)/BU$9>=0.75,1,0),"")

Sheet List
B1: Region
B2: NCR
B3: CAR
B4: Region I
B5: Region II
B6: Region III
B7: Region IV-A
B8: Region IV-B
B9: Region V
B10: Region VI
B11: Region VII
B12: Region VIII
... B19: BARMM

Sheet Class Summary
A1: ='RMAKS2 Scoresheet'!$BJ$1 -> RMAKS2v4
A2: CLASS SUMMARY
J3: `
A5: SCHOOL ID : | B5: ='RMAKS2 Scoresheet'!$C$6 -> 117443 | D5: Section | E5: ='RMAKS2 Scoresheet'!$AJ$6 -> 24 | G5: Total Assessed : | I5: =$D$14 -> 24
A6: SCHOOL NAME: | B6: ='RMAKS2 Scoresheet'!$F$6 -> ROMANA ES | D6: Teacher | E6: ='RMAKS2 Scoresheet'!$M$6 -> RAMONA B. PUNZALAN | G6: Total Enrolment : | I6: ='RMAKS2 Scoresheet'!$AJ$6 -> 24
F8: Number of Learners Assessed | K8: Number of Learners with Correct Answer >= 75% (Passed)
A9: Grade | B9: Section | C9: Sex | D9: Total Enrolment | E9: Total Assessed | K9: Content Domain | O9: Cognitive Domain
F10: Emerging (Not Proficient) | G10: Emerging (Low Proficient) | H10: Developing (Nearly Proficient) | I10: Transitioning (Proficient) | J10: At Grade Level (Highly Proficient) | K10: No and Algebra | L10: Means and Geom | M10: Data and Prob | N10: Total | O10: Knowing | P10: Inter-preting | Q10: Applying | R10: Reasoning | S10: Total
A11: ='RMAKS2 Scoresheet'!$C$7 -> Grade 4 | B11: ='RMAKS2 Scoresheet'!$F$7 -> 1 | C11: Male | D11: ='RMAKS2 Scoresheet'!$X$6 -> 14 | E11: =COUNTIFS('RMAKS2 Scoresheet'!$D$10:$D$109,$C11) -> 14 | F11: =COUNTIFS('RMAKS2 Scoresheet'!$D$10:$D$109,$C11,'RMAKS2 Scoresheet'!$BC$10:$BC$109,F$10) -> 1 | G11: =COUNTIFS('RMAKS2 Scoresheet'!$D$10:$D$109,$C11,'RMAKS2 Scoresheet'!$BC$10:$BC$109,G$10) -> 4 | H11: =COUNTIFS('RMAKS2 Scoresheet'!$D$10:$D$109,$C11,'RMAKS2 Scoresheet'!$BC$10:$BC$109,H$10) -> 7 | I11: =COUNTIFS('RMAKS2 Scoresheet'!$D$10:$D$109,$C11,'RMAKS2 Scoresheet'!$BC$10:$BC$109,I$10) -> 2 | J11: =COUNTIFS('RMAKS2 Scoresheet'!$D$10:$D$109,$C11,'RMAKS2 Scoresheet'!$BC$10:$BC$109,J$10) -> 0 | K11: =COUNTIFS('RMAKS2 Scoresheet'!$D$10:$D$109,$C11,'RMAKS2 Scoresheet'!BN$10:BN$109,1) -> 1 | L11: =COUNTIFS('RMAKS2 Scoresheet'!$D$10:$D$109,$C11,'RMAKS2 Scoresheet'!BO$10:BO$109,1) -> 0 | M11: =COUNTIFS('RMAKS2 Scoresheet'!$D$10:$D$109,$C11,'RMAKS2 Scoresheet'!BP$10:BP$109,1) -> 8 | N11: =COUNTIFS('RMAKS2 Scoresheet'!$D$10:$D$109,$C11,'RMAKS2 Scoresheet'!BQ$10:BQ$109,1) -> 1 | O11: =COUNTIFS('RMAKS2 Scoresheet'!$D$10:$D$109,$C11,'RMAKS2 Scoresheet'!BR$10:BR$109,1) -> 7 | Q11: =COUNTIFS('RMAKS2 Scoresheet'!$D$10:$D$109,$C11,'RMAKS2 Scoresheet'!BS$10:BS$109,1) -> 1 | R11: =COUNTIFS('RMAKS2 Scoresheet'!$D$10:$D$109,$C11,'RMAKS2 Scoresheet'!BT$10:BT$109,1) -> 3 | S11: =COUNTIFS('RMAKS2 Scoresheet'!$D$10:$D$109,$C11,'RMAKS2 Scoresheet'!BU$10:BU$109,1) -> 1
A12: =A11 -> Grade 4 | B12: =B11 -> 1 | C12: Female | D12: ='RMAKS2 Scoresheet'!$AE$6 -> 10 | E12: =COUNTIFS('RMAKS2 Scoresheet'!$D$10:$D$109,$C12) -> 10 | F12: =COUNTIFS('RMAKS2 Scoresheet'!$D$10:$D$109,$C12,'RMAKS2 Scoresheet'!$BC$10:$BC$109,F$10) -> 0 | G12: =COUNTIFS('RMAKS2 Scoresheet'!$D$10:$D$109,$C12,'RMAKS2 Scoresheet'!$BC$10:$BC$109,G$10) -> 2 | H12: =COUNTIFS('RMAKS2 Scoresheet'!$D$10:$D$109,$C12,'RMAKS2 Scoresheet'!$BC$10:$BC$109,H$10) -> 6 | I12: =COUNTIFS('RMAKS2 Scoresheet'!$D$10:$D$109,$C12,'RMAKS2 Scoresheet'!$BC$10:$BC$109,I$10) -> 1 | J12: =COUNTIFS('RMAKS2 Scoresheet'!$D$10:$D$109,$C12,'RMAKS2 Scoresheet'!$BC$10:$BC$109,J$10) -> 1 | K12: =COUNTIFS('RMAKS2 Scoresheet'!$D$10:$D$109,$C12,'RMAKS2 Scoresheet'!BN$10:BN$109,1) -> 1 | L12: =COUNTIFS('RMAKS2 Scoresheet'!$D$10:$D$109,$C12,'RMAKS2 Scoresheet'!BO$10:BO$109,1) -> 1 | M12: =COUNTIFS('RMAKS2 Scoresheet'!$D$10:$D$109,$C12,'RMAKS2 Scoresheet'!BP$10:BP$109,1) -> 6 | N12: =COUNTIFS('RMAKS2 Scoresheet'!$D$10:$D$109,$C12,'RMAKS2 Scoresheet'!BQ$10:BQ$109,1) -> 1 | O12: =COUNTIFS('RMAKS2 Scoresheet'!$D$10:$D$109,$C12,'RMAKS2 Scoresheet'!BR$10:BR$109,1) -> 6 | Q12: =COUNTIFS('RMAKS2 Scoresheet'!$D$10:$D$109,$C12,'RMAKS2 Scoresheet'!BS$10:BS$109,1) -> 1 | R12: =COUNTIFS('RMAKS2 Scoresheet'!$D$10:$D$109,$C12,'RMAKS2 Scoresheet'!BT$10:BT$109,1) -> 2 | S12: =COUNTIFS('RMAKS2 Scoresheet'!$D$10:$D$109,$C12,'RMAKS2 Scoresheet'!BU$10:BU$109,1) -> 1
A14: =A12 -> Grade 4 | B14: =B12 -> 1 | C14: Total | D14: =D11+D12 -> 24 | E14: =E11+E12 -> 24 | F14: =F11+F12 -> 1 | G14: =G11+G12 -> 6 | H14: =H11+H12 -> 13 | I14: =I11+I12 -> 3 | J14: =J11+J12 -> 1 | K14: =K11+K12 -> 2 | ... O14: =O11+O12 -> 13 | Q14: =Q11+Q12 -> 2 | R14: =R11+R12 -> 5 | S14: =S11+S12 -> 2
K16: Percentage of Learners Who Passed 75% Per Domain
A17: Dashboard | C17: Percent (%) of Learners at each proficiency level | J17: Sex | K17: Content Domain | O17: Cognitive Domain
A18: Sex | B18: Percent of Learners assessed | C18: Emerging (Not Proficient) | D18: Emerging (Low Proficient) | E18: Developing (Nearly Proficient) | F18: Transitioning (Proficient) | G18: At Grade Level (Highly Proficient) | K18: No and Algebra | L18: Means and Geom | M18: Data and Prob | N18: Total | O18: Knowing | Q18: Applying | R18: Reasoning | S18: Total
A19: Male | B19: =IFERROR(E11/$I$5,"") -> 0.58333333 | C19: =IFERROR(F11/$E$11,"") -> 0.071428571 | D19: =IFERROR(G11/$E$11,"") -> 0.28571429 | E19: =IFERROR(H11/$E$11,"") -> 0.5 | F19: =IFERROR(I11/$E$11,"") -> 0.14285714 | G19: =IFERROR(J11/$E$11,"") -> 0 | H19: =IFERROR(#REF!/$H$11,"") | J19: Male | K19: =IFERROR(K11/$E11,"") -> 0.071428571 | L19: =IFERROR(L11/$E11,"") -> 0 | M19: =IFERROR(M11/$E11,"") -> 0.57142857 | N19: =IFERROR(N11/$E11,"") -> 0.071428571 | O19: =IFERROR(O11/$E11,"") -> 0.5 | Q19: =IFERROR(Q11/$E11,"") -> 0.071428571 | R19: =IFERROR(R11/$E11,"") -> 0.21428571 | S19: =IFERROR(S11/$E11,"") -> 0.071428571
A20: Female | B20: =IFERROR(E12/$I$5,"") -> 0.41666667 | C20: =IFERROR(F12/$E$12,"") -> 0 | D20: =IFERROR(G12/$E$12,"") -> 0.2 | E20: =IFERROR(H12/$E$12,"") -> 0.6 | F20: =IFERROR(I12/$E$12,"") -> 0.1 | G20: =IFERROR(J12/$E$12,"") -> 0.1 | J20: Female | K20: =IFERROR(K12/$E12,"") -> 0.1 | L20: =IFERROR(L12/$E12,"") -> 0.1 | M20: =IFERROR(M12/$E12,"") -> 0.6 | N20: =IFERROR(N12/$E12,"") -> 0.1 | O20: =IFERROR(O12/$E12,"") -> 0.6 | Q20: =IFERROR(Q12/$E12,"") -> 0.1 | R20: =IFERROR(R12/$E12,"") -> 0.2 | S20: =IFERROR(S12/$E12,"") -> 0.1
A21: Total | B21: =IFERROR(B19+B20,"") -> 1 | C21: =IFERROR(F14/$E14,"") -> 0.041666667 | D21: =IFERROR(G14/$E14,"") -> 0.25 | E21: =IFERROR(H14/$E14,"") -> 0.54166667 | F21: =IFERROR(I14/$E14,"") -> 0.125 | G21: =IFERROR(J14/$E14,"") -> 0.041666667 | J21: Total | K21: =IFERROR(K14/$E14,"") -> 0.083333333 | L21: =IFERROR(L14/$E14,"") -> 0.041666667 | M21: =IFERROR(M14/$E14,"") -> 0.58333333 | N21: =IFERROR(N14/$E14,"") -> 0.083333333 | O21: =IFERROR(O14/$E14,"") -> 0.54166667 | Q21: =IFERROR(Q14/$E14,"") -> 0.083333333 | R21: =IFERROR(R14/$E14,"") -> 0.20833333 | S21: =IFERROR(S14/$E14,"") -> 0.083333333
